year,country,YNET,pop,capital,variable,value,CPC
2030,aus,2.539893488378035,33.290315,Corals,Market,-239.6520952039123,58814.88203595549
2035,aus,2.75220907467629,33.85498,Corals,Market,-609.3934775716259,62617.940845988735
2040,aus,2.9613379209999398,34.32925299999999,Corals,Market,-1002.5824482816266,66391.66263704035
2045,aus,3.1638926693614557,34.697285,Corals,Market,-1424.3773733910075,70123.87481842496
2050,aus,3.3571881248185558,34.930598,Corals,Market,-1900.0741173805127,73851.40439979927
2055,aus,3.5403060741582193,35.02683,Corals,Market,-2294.280936379391,77602.95117981447
2060,aus,3.7135242961675776,35.013541,Corals,Market,-2787.6259931731984,81364.9523600343
2065,aus,3.876094331336857,34.921482,Corals,Market,-3130.7387427416393,85081.94390119465
2070,aus,4.037296979935233,34.83425589293856,Corals,Market,-3644.1541753204465,88770.40466684739
2075,aus,4.196366670532069,34.751827038144256,Corals,Market,-3964.879703732412,92411.88968896322
2080,aus,4.352518323081721,34.67416178062263,Corals,Market,-4441.719155669809,95987.44660203859
2085,aus,4.50495336869886,34.60122842813795,Corals,Market,-4775.624637707853,99477.7689354704
2090,aus,4.652866180594523,34.53299722964536,Corals,Market,-5217.432184572434,102863.36041729419
2095,aus,4.795450849712881,34.4694403550529,Corals,Market,-5610.195989276204,106124.70849261219
2100,aus,4.931908230417701,34.41053187629407,Corals,Market,-6011.595219464458,109242.46502984481
2030,bgd,5.431266203943127,198.396591,Corals,Market,-0.19432698278368715,19377.9804637818
2035,bgd,6.08302615019111,196.092233,Corals,Market,-0.5107429200445278,21980.76748357563
2040,bgd,6.733893590787288,193.032804,Corals,Market,-0.864499350544526,24743.445400347304
2045,bgd,7.356824065678982,189.393574,Corals,Market,-1.2559142461105632,27579.80600023973
2050,bgd,7.9402226954069155,185.262633,Corals,Market,-1.7040951462246121,30461.516001319338
2055,bgd,8.492422097392724,180.753927,Corals,Market,-2.086909665810262,33426.47900131908
2060,bgd,9.02377072078885,176.005054,Corals,Market,-2.5686360911060238,36513.15908297484
2065,bgd,9.541193178411053,171.297294,Corals,Market,-2.9222776156675105,39707.992565998
2070,bgd,10.060930036426056,166.94454841712957,Corals,Market,-3.443582302890221,43006.13739144765
2075,bgd,10.58013383446557,162.92567870597568,Corals,Market,-3.790653083792079,46387.881163981736
2080,bgd,11.095798423803018,159.22145130232897,Corals,Market,-4.293735996847112,49830.79478300435
2085,bgd,11.604784342649396,155.81438377762913,Corals,Market,-4.6649098021429944,53309.89670475275
2090,bgd,12.103847557507795,152.68860681823722,Corals,Market,-5.146666042745869,56797.885163595696
2095,bgd,12.589671269187816,149.82974049872666,Corals,Market,-5.585078378143955,60265.4377186935
2100,bgd,13.058900403294526,147.22478349314724,Corals,Market,-6.0359779653490975,63681.57542492825
2030,bhr,0.1743548659803165,2.302458,Corals,Market,-0.5850364235546972,54452.93165277931
2035,bhr,0.18464944107622103,2.306893,Corals,Market,-1.4539433453087736,57595.72828508418
2040,bhr,0.19355693952023992,2.290422,Corals,Market,-2.330365185104324,60849.02034895949
2045,bhr,0.2013125238598326,2.257669,Corals,Market,-3.222977139592961,64248.24999214608
2050,bhr,0.20839990242432657,2.215613,Corals,Market,-4.194454451415773,67817.94403719515
2055,bhr,0.2154213207620941,2.170595,Corals,Market,-4.964523582960749,71604.60268651733
2060,bhr,0.22257465955331468,2.124603,Corals,Market,-5.941649937806592,75634.30620431488
2065,bhr,0.22945555392979544,2.07402,Corals,Market,-6.5907398814216425,79927.49236148191
2070,bhr,0.23619449025868208,2.02711022627898,Corals,Market,-7.5815659268848306,84234.96735238584
2075,bhr,0.2427662464897577,1.9836745420978494,Corals,Market,-8.156953700858251,88533.4045409614
2080,bhr,0.24914559608903228,1.9435309585867202,Corals,Market,-9.041631637687633,92798.3188525213
2085,bhr,0.25530746387575876,1.9065133599188495,Corals,Market,-9.624684524660704,97004.28029211539
2090,bhr,0.2612270855073785,1.8724703533131064,Corals,Market,-10.416877652079512,101125.15138422877
2095,bhr,0.266880169246029,1.8412642326792064,Corals,Market,-11.103195868612628,105134.34574175545
2100,bhr,0.27224305857331826,1.8127700459332363,Corals,Market,-11.800887394456096,109005.10442740805
2030,bhs,0.020906657093800823,0.445260999999999,Corals,Market,-5.145175907178971,39164.98519831732
2035,bhs,0.02234354837628066,0.442368,Corals,Market,-12.90382395108184,42031.190573617576
2040,bhs,0.0238225682479904,0.438442999999999,Corals,Market,-21.03636099209584,45107.783690214404
2045,bhs,0.025328320624502392,0.433284,Corals,Market,-29.741277882700512,48415.024616195544
2050,bhs,0.026849852072616864,0.426799,Corals,Market,-39.63571224930143,51979.588241288606
2055,bhs,0.028361962036230825,0.419049,Corals,Market,-47.93933036063876,55789.343626982096
2060,bhs,0.029862505787165296,0.4103,Corals,Market,-58.46882797085433,59850.461997013634
2065,bhs,0.031356845145867736,0.400918,Corals,Market,-66.05942007508126,64162.32448077558
2070,bhs,0.0328475063713577,0.39220890411357545,Corals,Market,-77.33184235516737,68540.33955733053
2075,bhs,0.03432684604098251,0.38413741119484723,Corals,Market,-84.59416226889842,72956.51795953912
2080,bhs,0.03578692323092229,0.37667121423395145,Corals,Market,-95.25433609917314,77380.53328951352
2085,bhs,0.03721956410284305,0.3697807841448597,Corals,Market,-102.91082798842737,81780.01575707347
2090,bhs,0.03861643263630678,0.36343917437728646,Corals,Market,-112.94273695274524,86120.90314315366
2095,bhs,0.03996910675262763,0.35762184453618145,Corals,Market,-121.96155065594863,90367.8448819922
2100,bhs,0.04126915894368975,0.3523065013859621,Corals,Market,-131.20496425803108,94484.65351995622
2030,blz,0.017138658141188146,0.591210999999999,Corals,Market,-3.4680383176175833,25170.84007601416
2035,blz,0.02025287439479687,0.599851999999999,Corals,Market,-9.617105801616026,29225.16403332586
2040,blz,0.023663988067132453,0.605154,Corals,Market,-17.181513297992264,33742.9636927717
2045,blz,0.027305697098040805,0.607607,Corals,Market,-26.3631886720614,38657.54421786719
2050,blz,0.03113980471033504,0.607429999999999,Corals,Market,-37.79654425065312,43960.40847613287
2055,blz,0.03513754542983736,0.604987000000001,Corals,Market,-48.83357868033456,49647.967810435126
2060,blz,0.03928703581475631,0.600637,Corals,Market,-63.24684179129799,55736.92403833945
2065,blz,0.043569790511193994,0.594581,Corals,Market,-75.4708614457054,62245.167725053914
2070,blz,0.04808193516684422,0.5888858073808309,Corals,Market,-93.07420380625416,69135.81124038399
2075,blz,0.05279928826923946,0.5835420420041584,Corals,Market,-106.98576587529287,76370.34504907388
2080,blz,0.057691676708504495,0.5785409498046759,Corals,Market,-126.25976998039962,83899.63945462562
2085,blz,0.06272294046754655,0.5738743788248434,Corals,Market,-142.59609735881918,91663.9072150623
2090,blz,0.06785110098457522,0.5695347570089673,Corals,Market,-163.16781406681403,99592.98127734939
2095,blz,0.07302870552412943,0.565515071671713,Corals,Market,-183.22449668917068,107606.93336411775
2100,blz,0.07820335452212006,0.5618088505629093,Corals,Market,-204.42851386782993,115617.04776277348
2030,bra,8.683643794732223,219.98681,Corals,Market,-3.757145643801236,32711.538726502422
2035,bra,9.736283529240387,215.662394,Corals,Market,-9.88552858562352,37328.75592121326
2040,bra,10.81008624586627,210.670582,Corals,Market,-16.782304357122857,42332.79313392043
2045,bra,11.876980385685131,205.115032,Corals,Market,-24.51882578950496,47663.39358409413
2050,bra,12.937228299714956,199.309975,Corals,Market,-33.57580320032112,53310.305653847274
2055,bra,13.989430782526474,193.427095,Corals,Market,-41.57154208205357,59265.51321241279
2060,bra,15.033500383780359,187.625721,Corals,Market,-51.748605785322205,65509.63643229593
2065,bra,16.069087302119286,182.011177,Corals,Market,-59.51603696356258,72018.90480925808
2070,bra,17.120664736925555,176.83697024148006,Corals,Market,-70.86258212262392,78797.89089469322
2075,bra,18.18209037859181,172.074440613558,Corals,Market,-78.77541559970057,85803.67949796314
2080,bra,19.246697043302742,167.6976334998618,Corals,Market,-90.06519675366712,92985.8611103535
2085,bra,20.307348371094957,163.68306348478015,Corals,Market,-98.71505869242928,100286.8579149938
2090,bra,21.35650644052634,160.00950360280336,Corals,Market,-109.8137611472488,107642.46049560749
2095,bra,22.386310723537115,156.65779747463733,Corals,Market,-120.09403076996625,114982.57781246149
2100,bra,23.388667490968032,153.61069199296466,Corals,Market,-130.72857521222392,122232.19572083319
2030,brb,0.0107337268311372,0.274003999999999,Corals,Market,-0.31114065203973845,34151.93748244334
2035,brb,0.011900591666986203,0.27208,Corals,Market,-0.8095159804711607,38011.29378758829
2040,brb,0.013127088318563742,0.270097,Corals,Market,-1.3653406796563237,42102.11992443791
2045,brb,0.01440287057178443,0.267976,Corals,Market,-1.9920162431104802,46410.75588963448
2050,brb,0.015723329658555676,0.265513,Corals,Market,-2.7338827032378257,50971.79397255268
2055,brb,0.017085737940618618,0.262778,Corals,Market,-3.4015747622526167,55784.96189491746
2060,brb,0.018486991553747615,0.25977,Corals,Market,-4.2633891144357285,60862.0176079344
2065,brb,0.019915615605957063,0.256305,Corals,Market,-4.941817677684454,66236.57975565802
2070,brb,0.021377688600212733,0.25305715774050125,Corals,Market,-5.927987589687215,71777.92991083991
2075,brb,0.022864496879618525,0.25001924440788487,Corals,Market,-6.636799979150898,77449.74231800878
2080,brb,0.024366366698490106,0.24718454763923445,Corals,Market,-7.639092280167329,83210.77039519764
2085,brb,0.025872739541435957,0.2445468467266735,Corals,Market,-8.42602598558459,89015.18201440925
2090,brb,0.02737227035603542,0.24210038979195841,Corals,Market,-9.429476121244623,94813.02805939192
2095,brb,0.028852948192467892,0.23983987281370692,Corals,Market,-10.370012470249021,100550.84258939647
2100,brb,0.030302238098253678,0.23776042039986134,Corals,Market,-11.34723223262896,106172.36858932246
2030,chn,60.882906835826795,1146.749636,Corals,Market,-3.715593053885118,30524.87998773806
2035,chn,63.27248731758661,1091.65903,Corals,Market,-9.061463047692056,33529.5100896665
2040,chn,65.05110143821298,1038.70914,Corals,Market,-14.244716851647675,36451.53219971716
2045,chn,66.35896166699999,986.647114,Corals,Market,-19.32279485242757,39385.14530505794
2050,chn,67.32197501184746,935.604942999999,Corals,Market,-24.644428384469077,42391.88683171695
2055,chn,68.10119633613381,887.408687000001,Corals,Market,-28.54483682628419,45483.869315166194
2060,chn,68.73471037814025,842.783736000001,Corals,Market,-33.3727027350349,48627.13275308133
2065,chn,69.093767985319,800.2158090000011,Corals,Market,-36.095944015026134,51787.79658211562
2070,chn,69.43665458110044,761.8188272449213,Corals,Market,-40.53795829591901,54991.371472581865
2075,chn,69.76310657335446,727.1881833962738,Corals,Market,-42.6333475907535,58221.477221564135
2080,chn,70.07287187070006,695.9682412494976,Corals,Market,-46.251672448675315,61460.57616277974
2085,chn,70.36571020595885,667.8462697188777,Corals,Market,-48.24674256567741,64690.11725904805
2090,chn,70.64139344585674,642.5472249797639,Corals,Market,-51.23450508322548,67890.70233593373
2095,chn,70.89970588641593,619.829258864559,Corals,Market,-53.648805908768786,71042.27260301814
2100,chn,71.14044453350388,599.4798506048857,Corals,Market,-56.0865020663611,74124.3131120858
2030,col,2.1991026775271743,57.018611,Corals,Market,-7.126731938522625,30995.67370170845
2035,col,2.4462658401896302,56.394002,Corals,Market,-18.603695427445306,34804.084063777766
2040,col,2.690811240437508,55.57219600000001,Corals,Market,-31.28920678556582,38785.665115142016
2045,col,2.9246453533371297,54.532819,Corals,Market,-45.22262055931644,42888.98325073831
2050,col,3.146550422322223,53.348143,Corals,Market,-61.16581266214571,47090.100610378286
2055,col,3.3575702387353052,52.08693,Corals,Market,-74.7325986011464,51379.88554954595
2060,col,3.559229069298789,50.81842,Corals,Market,-91.76633063568794,55733.06641865997
2065,col,3.753697337280461,49.607447,Corals,Market,-104.13361207475174,60113.319582413504
2070,col,3.948536235036359,48.48443658428588,Corals,Market,-122.41125892158911,64590.86411087553
2075,col,4.142701457045377,47.444616588673966,Corals,Market,-134.43718622200504,69137.20220641028
2080,col,4.3350971605015065,46.48362592364344,Corals,Market,-151.94573473681902,73720.88244836856
2085,col,4.524585124309597,45.59748399423072,Corals,Market,-164.73953596886136,78307.78610084811
2090,col,4.70999498737163,44.78256311537008,Corals,Market,-181.39941682592783,82861.48730144299
2095,col,4.8901354573144324,44.03556365410276,Corals,Market,-196.49371758395455,87343.68373885988
2100,col,5.063806356304529,43.3534916592201,Corals,Market,-211.9976388315185,91714.69222621302
2030,com,0.019111317642575572,1.419503,Corals,Market,-6.010729390389419,11562.26487893679
2035,com,0.02329424111578424,1.452683,Corals,Market,-17.192370636513843,13731.084327682092
2040,com,0.027779174041673647,1.477546,Corals,Market,-31.34889792243615,16052.411684095821
2045,com,0.03250147130401697,1.493277,Corals,Market,-48.77274117820871,18529.16160725333
2050,com,0.037412150700210665,1.502721,Corals,Market,-70.57946442533492,21132.694650847476
2055,com,0.04249989221540884,1.507148999999999,Corals,Market,-91.80459827286693,23865.794249741823
2060,com,0.04772297554332414,1.506713,Corals,Market,-119.41161432334627,26727.673976443253
2065,com,0.05309200874818321,1.501228,Corals,Market,-142.93956849936515,29755.197448043666
2070,com,0.05876642692736279,1.4960362190828647,Corals,Market,-176.8097260303,32951.85405949702
2075,com,0.06471674759619342,1.4911346998184112,Corals,Market,-203.81872899031814,36299.5296177001
2080,com,0.07090551534126324,1.4865206540417912,Corals,Market,-241.19112572703108,39775.43353478672
2085,com,0.07728724761073218,1.4821914602073083,Corals,Market,-273.09801597386615,43352.10327046731
2090,com,0.08380860017744517,1.4781446609035076,Corals,Market,-313.2533017328211,46997.545126632416
2095,com,0.0904087714043603,1.4743779605262366,Corals,Market,-352.55751498210833,50675.52175759012
2100,com,0.0970201571907706,1.4708892231065913,Corals,Market,-394.1917556916619,54345.99194756496
2030,cri,0.22935917494147057,5.714681,Corals,Market,-0.5001221878457474,33287.80558495974
2035,cri,0.2477531813571447,5.659395000000001,Corals,Market,-1.2677391377644895,36227.00348882983
2040,cri,0.26444808157885424,5.579778,Corals,Market,-2.069030197894633,39131.510495726456
2045,cri,0.2789683483411859,5.476208000000009,Corals,Market,-2.9023683816217174,41965.83053221795
2050,cri,0.29150864192822673,5.351755,Corals,Market,-3.812769730238303,44770.45681775918
2055,cri,0.3023171542021886,5.21436,Corals,Market,-4.527545840920828,47545.710941876154
2060,cri,0.31167058085259597,5.071476,Corals,Market,-5.40677535133204,50283.09562261774
2065,cri,0.3196599950837899,4.92783100000001,Corals,Market,-5.966711745766099,52954.36945696334
2070,cri,0.3274445004469059,4.795233434755651,Corals,Market,-6.830272420362948,55616.511463766685
2075,cri,0.33499888934744376,4.672994824918617,Corals,Market,-7.314661488842968,58254.31043839174
2080,cri,0.34229819284174623,4.560490202914771,Corals,Market,-8.072524513995647,60852.018797626675
2085,cri,0.3493178147662043,4.457152773701241,Corals,Market,-8.557657442369006,63393.50139880973
2090,cri,0.3560336669157753,4.362469138673943,Corals,Market,-9.226173070439117,65862.39647917866
2095,cri,0.3624223042591582,4.275975026191238,Corals,Market,-9.798459133174177,68242.28658846051
2100,cri,0.3684610591516766,4.197251478803027,Corals,Market,-10.379122045704742,70516.87710486464
2030,dji,0.02531570213182291,1.476122999999999,Corals,Market,-6.4664474708766715,12780.75763976315
2035,dji,0.028659421400017,1.47797,Corals,Market,-17.178840551263534,14449.322786390547
2040,dji,0.0320790667500653,1.474683999999999,Corals,Market,-29.401122121203564,16207.833628088636
2045,dji,0.035533554891101486,1.465015,Corals,Market,-43.306395036707876,18069.881929464027
2050,dji,0.038998220990272725,1.449606999999999,Corals,Market,-59.75162367048002,20040.555601037388
2055,dji,0.042518234380032424,1.428774,Corals,Market,-74.59179517240604,22165.800943154132
2060,dji,0.04610146997689381,1.403997,Corals,Market,-93.68564701986124,24455.51660916826
2065,dji,0.04972430303131712,1.376307,Corals,Market,-108.72545797697897,26905.31812576714
2070,dji,0.053436455947141526,1.3505203040252223,Corals,Market,-130.57310868225417,29463.05443423887
2075,dji,0.05721577628361261,1.3265485174070084,Corals,Market,-146.3465309366776,32113.702840701044
2080,dji,0.06103757903328317,1.3043103579380424,Corals,Market,-168.62339854281163,34839.3921740527
2085,dji,0.06487483557186356,1.2837311949846717,Corals,Market,-186.17707618501547,37619.486976791944
2090,dji,0.068698423499122,1.2647426304850011,Corals,Market,-208.5417785151092,40430.74861719144
2095,dji,0.07247743626584925,1.2472821185275749,Corals,Market,-229.54163107411804,43247.57570297637
2100,dji,0.07617954975069037,1.2312926205369676,Corals,Market,-251.3756440558361,46042.32363301129
2030,dom,0.6809607530963461,13.605327,Corals,Market,-1.7910666204809287,39168.644074088086
2035,dom,0.7479386301139422,13.592163,Corals,Market,-4.616430227222414,43015.02667173566
2040,dom,0.8153821573044928,13.539076,Corals,Market,-7.695153111188129,47025.325781606494
2045,dom,0.882151926967396,13.448394,Corals,Market,-11.070586850570084,51162.16210604921
2050,dom,0.9480605627488098,13.33164,Corals,Market,-14.957357618615124,55404.39053894581
2055,dom,1.0137698619835827,13.1934,Corals,Market,-18.31340478042308,59798.396167443
2060,dom,1.0797662058455184,13.039716,Corals,Market,-22.59445650034607,64369.94786806661
2065,dom,1.1465838162796156,12.870055,Corals,Market,-25.815600383223185,69176.89907559521
2070,dom,1.2139885848618184,12.710974151821462,Corals,Market,-30.54531309959542,74077.28141296539
2075,dom,1.281599734670028,12.562128814467876,Corals,Market,-33.75459700371364,79040.82625316267
2080,dom,1.3490110100359611,12.42319880738239,Corals,Market,-38.37513476641377,84034.35178225745
2085,dom,1.415794127827137,12.293887259010674,Corals,Market,-41.83732639106261,89022.05564155383
2090,dom,1.4815027830729903,12.173919546164148,Corals,Market,-46.308706962643626,93965.87790872049
2095,dom,1.5456771688764623,12.063042318862172,Corals,Market,-50.40705370224433,98825.93114700189
2100,dom,1.607848956934873,11.961022605790253,Corals,Market,-54.63160051869416,103560.9922515327
2030,ecu,0.5029045386766711,22.148377,Corals,Market,-0.8585338073031773,16734.712432516106
2035,ecu,0.5704417424566508,22.127966,Corals,Market,-2.2852504212044327,19002.181120772424
2040,ecu,0.6411964504159533,22.007437,Corals,Market,-3.9276190666935396,21479.013453889704
2045,ecu,0.7135974906578656,21.799422,Corals,Market,-5.8124972293327275,24135.70851230113
2050,ecu,0.7870971518596169,21.515577,Corals,Market,-8.059893912508851,26976.52972318404
2055,ecu,0.8614339718277071,21.174346,Corals,Market,-10.100291357374036,30004.17844557357
2060,ecu,0.9365064040833166,20.79176,Corals,Market,-12.719355565622488,33223.7196352561
2065,ecu,1.0123144486264453,20.392899,Corals,Market,-14.793605939821912,36620.49573865117
2070,ecu,1.0901617538393031,20.021250063900457,Corals,Market,-17.803406500984646,40174.13108647005
2075,ecu,1.1695832371207153,19.675578209302113,Corals,Market,-19.99373087994807,43864.11310787882
2080,ecu,1.2500570545847094,19.354746895352772,Corals,Market,-23.080565388480874,47665.81610887961
2085,ecu,1.3310084547777865,19.057711773691988,Corals,Market,-25.528589453094156,51550.59931831889
2090,ecu,1.411815015032311,18.783515001421392,Corals,Market,-28.643109807910392,55486.01641970744
2095,ecu,1.4918132452160024,18.531280072589617,Corals,Market,-31.576876516844,59436.140869654126
2100,ecu,1.5703065036632204,18.300207128996984,Corals,Market,-34.6310208335528,63362.00760163932
2030,egy,8.708304773816822,183.488565,Corals,Market,-50.860288625211545,41111.48566788448
2035,egy,10.221131794229986,188.169675,Corals,Market,-140.08603464290738,46909.155510689074
2040,egy,11.824761942557195,192.031397,Corals,Market,-247.801545316958,53014.423644752234
2045,egy,13.504787342413586,195.18917,Corals,Market,-376.3314800387187,59383.722427524895
2050,egy,15.253836522160366,197.617954,Corals,Market,-534.3839751319439,66045.83600783128
2055,egy,17.078024452588792,199.49619,Corals,Market,-685.0509801836871,73021.2027363778
2060,egy,18.974000464772146,200.615357,Corals,Market,-881.6305226888102,80424.74696775684
2065,egy,20.92367094650616,200.998176,Corals,Market,-1046.0919163439032,88244.07097285887
2070,egy,22.966179088380404,201.36254802911262,Corals,Market,-1283.140661447911,96380.76646934982
2075,egy,25.090076648990742,201.7083683560508,Corals,Market,-1467.3646384491542,104783.93082685566
2080,egy,27.28148455108985,202.03553735979685,Corals,Market,-1723.2883857565062,113393.67720091663
2085,egy,29.52412832991326,202.34396057737354,Corals,Market,-1937.2980586532226,122141.46209957924
2090,egy,31.799438758411117,202.6335487492462,Corals,Market,-2207.166929983922,130950.66265336706
2095,egy,34.08672124470934,202.90421786232432,Corals,Market,-2468.3872417320013,139737.4105952317
2100,egy,36.36339549322331,203.1558891905347,Corals,Market,-2743.586439356576,148411.68160378007
2030,fra,3.6385550152081905,69.99743599999991,Corals,Market,-33.20984670166092,40139.04227580565
2035,fra,3.8404532458844267,70.469078,Corals,Market,-82.25665804599464,42047.4265421127
2040,fra,4.044468009811731,70.9756440000001,Corals,Market,-132.45419986557803,43928.120219539785
2045,fra,4.253221171709417,71.488333,Corals,Market,-185.22239282205499,45825.591062121595
2050,fra,4.467357212290615,71.950782,Corals,Market,-244.57819949687195,47783.158609502956
2055,fra,4.685821526752023,72.3526550000001,Corals,Market,-293.7404317701955,49799.51004897731
2060,fra,4.90428584121343,72.6900599999999,Corals,Market,-356.11987300142,51835.6255895342
2065,fra,5.114035018758679,72.904084,Corals,Market,-399.5658719700793,53848.41513719308
2070,fra,5.321818871527341,73.10800545075023,Corals,Market,-464.66325930236167,55832.801360078745
2075,fra,5.526664684096112,73.30173456560772,Corals,Market,-505.1169024069089,57779.795217030136
2080,fra,5.727576987773153,73.48518579501756,Corals,Market,-565.3971591615534,59680.277208823434
2085,fra,5.923545102423709,73.65827788936552,Corals,Market,-607.426567608665,61525.06465837806
2090,fra,6.11355116349143,73.82093395885082,Corals,Market,-663.1350776838808,63304.98228191649
2095,fra,6.296578551975396,73.97308153031699,Corals,Market,-712.5665220576493,65010.9353409309
2100,fra,6.4716206355735295,74.11465260098254,Corals,Market,-763.0622943552349,66633.98460059243
2030,gbr,4.918608630123687,75.238571,Corals,Market,-3.494201511014286,55589.25658415759
2035,gbr,5.311523605951815,75.941693,Corals,Market,-8.85473256996619,59312.48577400976
2040,gbr,5.693367969914301,76.6425889999999,Corals,Market,-14.512470077105004,62823.37932806129
2045,gbr,6.057444307650436,77.224094,Corals,Market,-20.532068664362207,66156.19136954025
2050,gbr,6.4011149388469315,77.585617,Corals,Market,-27.276613092974465,69393.16778324758
2055,gbr,6.723982300094242,77.72841199999999,Corals,Market,-32.80743688297271,72559.4886745647
2060,gbr,7.024616692208066,77.729072,Corals,Market,-39.70185704366941,75594.19391414784
2065,gbr,7.29683294598999,77.64390300000001,Corals,Market,-44.37382309132296,78392.56358264125
2070,gbr,7.565459802836363,77.56308110499685,Corals,Market,-51.413992276553216,81137.81234759963
2075,gbr,7.829317190977586,77.48659269601175,Corals,Market,-55.69554119961569,83817.0145258243
2080,gbr,8.087207032582473,77.41442488122905,Corals,Market,-62.1368169977584,86417.16367535813
2085,gbr,8.337921831516386,77.3465654923743,Corals,Market,-66.54840601319428,88925.27350992811
2090,gbr,8.580253685134057,77.28300308129451,Corals,Market,-72.43964833876119,91328.48232112346
2095,gbr,8.81300363177237,77.22372691673922,Corals,Market,-77.6269445716522,93614.15978610305
2100,gbr,9.034991237632005,77.16872698134117,Corals,Market,-82.91678095734873,95770.01496416115
2030,hnd,0.24345384846465332,14.606827,Corals,Market,-6.146223778159374,13390.658731043039
2035,hnd,0.29404346778782375,14.714894,Corals,Market,-17.42023116445015,16028.224834507546
2040,hnd,0.3504108437769002,14.74258,Corals,Market,-31.742100725983185,19033.72338232127
2045,hnd,0.4111048287970214,14.698715,Corals,Market,-49.52014419663145,22360.444487579363
2050,hnd,0.4752858050682112,14.59986,Corals,Market,-71.9740110713745,25983.623797574586
2055,hnd,0.5426042260798828,14.454841,Corals,Market,-94.0838231592732,29912.216064136057
2060,hnd,0.6127790423144325,14.275117,Corals,Market,-123.07735034136122,34149.70478355844
2065,hnd,0.6857071552051015,14.071302,Corals,Market,-148.18941029815863,38703.4724865052
2070,hnd,0.7632342230435663,13.880442247587917,Corals,Market,-184.3273927260583,43599.518033244734
2075,hnd,0.8449849112409343,13.702080269677477,Corals,Market,-213.6148983099312,48816.88168169256
2080,hnd,0.9304638165742042,13.53579189063024,Corals,Market,-254.05981351901156,54325.364063276254
2085,hnd,1.0190529693618249,13.38118454560105,Corals,Market,-289.04312346383716,60085.13792043285
2090,hnd,1.1100126850904715,13.237895730796852,Corals,Market,-333.03524052694536,66046.63361657332
2095,hnd,1.2024861337120551,13.105591582056029,Corals,Market,-376.40437707019186,72150.73819906366
2100,hnd,1.2955078837958018,12.98396557391943,Corals,Market,-422.51370670894016,78329.3381233588
2030,hti,0.17864609318157984,15.393235,Corals,Market,-1.6225469686756955,9727.885037965398
2035,hti,0.22543756035703105,15.388419,Corals,Market,-4.804859399587551,12249.604463047994
2040,hti,0.2806911188934612,15.332519,Corals,Market,-9.147424420832573,15269.939668463036
2045,hti,0.3446462454519842,15.230642,Corals,Market,-14.935332802493997,18828.132241822186
2050,hti,0.417609714879502,15.084507,Corals,Market,-22.751156912471345,22978.330087587092
2055,hti,0.5000106623607121,14.898046,Corals,Market,-31.190553413223423,27787.74995984604
2060,hti,0.5918324818497708,14.677027,Corals,Market,-42.76466375028466,33303.19478851148
2065,hti,0.692714210350181,14.434373,Corals,Market,-53.85730472625661,39536.70287570067
2070,hti,0.8048880071390647,14.207662888432793,Corals,Market,-69.93257679885308,46555.765671919864
2075,hti,0.9283666033798258,13.996258248550562,Corals,Market,-84.43337004129265,54372.824957828074
2080,hti,1.062875853763564,13.799569175096707,Corals,Market,-104.40734612862018,62979.94823656161
2085,hti,1.2078151825058958,13.61705152169925,Corals,Market,-123.24757911617293,72345.3967796112
2090,hti,1.3622251976584132,13.448204382904736,Corals,Market,-147.03583387060425,82410.69349717973
2095,hti,1.5247653517269322,13.292567794484576,Corals,Market,-171.70764532842026,93088.44734103602
2100,hti,1.693704417800728,13.149720637179364,Corals,Market,-198.7240330945061,104261.18723540947
2030,idn,11.325349788983965,308.65983,Corals,Market,-170.14010439492364,25447.54225154237
2035,idn,12.270365992471831,305.830237,Corals,Market,-432.576817271845,27867.16800641165
2040,idn,13.191854821599005,302.177569,Corals,Market,-711.094529597678,30366.85687892077
2045,idn,14.069183142501538,297.658723,Corals,Market,-1008.4666763386714,32926.53194083571
2050,idn,14.898056275732653,292.39994,Corals,Market,-1342.4985315961808,35545.663986176005
2055,idn,15.66960477460874,286.517043,Corals,Market,-1616.7883606336181,38210.2186787723
2060,idn,16.377479982556277,280.119902,Corals,Market,-1957.4228696242706,40908.33075005122
2065,idn,17.018227483498507,273.354291,Corals,Market,-2188.548420104358,43624.73984851992
2070,idn,17.650752597559134,267.0821969944035,Corals,Market,-2536.6387265627227,46376.45556267505
2075,idn,18.272258962751664,261.2765515786752,Corals,Market,-2748.768547757097,49147.90273474576
2080,idn,18.879905477203767,255.91263000807453,Corals,Market,-3067.606489467861,51922.34202518867
2085,idn,19.470826779647304,250.9678751591411,Corals,Market,-3286.3485468101626,54682.015084796556
2090,idn,20.042154768459962,246.42173883135712,Corals,Market,-3578.244457988433,57408.314855449535
2095,idn,20.591040947319364,242.25553882028615,Corals,Market,-3835.4492143037864,60081.979176753215
2100,idn,21.114679365919184,238.4523303646986,Corals,Market,-4097.779443067515,62683.305246304844
2030,ind,46.903417143230975,1612.14253,Corals,Market,-10.998853959568741,20338.699540013386
2035,ind,52.4386431461675,1594.675807,Corals,Market,-28.856592763651363,23017.83885738315
2040,ind,57.943021336136574,1570.023735,Corals,Market,-48.75402683810679,25866.821603251035
2045,ind,63.251393068489655,1539.493031,Corals,Market,-70.77023612130802,28833.83655426519
2050,ind,68.32080799596818,1504.980714,Corals,Market,-96.1003752339628,31900.193216974287
2055,ind,73.14362241270418,1468.261304,Corals,Market,-117.8038480304653,35051.35661063287
2060,ind,77.7274800245657,1430.166586,Corals,Market,-145.01070009167174,38289.47604100333
2065,ind,82.11360224534106,1391.607973,Corals,Market,-164.83324943853134,41624.4666324301
2070,ind,86.5155496718658,1355.9648877023194,Corals,Market,-194.07850709199,45066.57119048091
2075,ind,90.9093753467055,1323.0626277331075,Corals,Market,-213.47277001161117,48595.34254178832
2080,ind,95.26984974372859,1292.7422851335948,Corals,Market,-241.62573775226295,52187.53379060519
2085,ind,99.57067313127523,1264.859463666976,Corals,Market,-262.33035863265775,55817.26801435375
2090,ind,103.78471501666077,1239.2831285202449,Corals,Market,-289.2323548924051,59456.27750035854
2095,ind,107.88427814667966,1215.8945755275595,Corals,Market,-313.6779384228595,63074.21184905147
2100,ind,111.84138391128495,1194.5865085166383,Corals,Market,-338.8086592737492,66639.01216883698
2030,irn,3.2762433094383496,103.294673,Corals,Market,-1.0168578256734677,19346.385362943787
2035,irn,3.4950536384144386,102.219966,Corals,Market,-2.545590766233986,20951.311373483364
2040,irn,3.6996004530926463,100.633024,Corals,Market,-4.120076842230737,22630.273062361535
2045,irn,3.8937904670276526,98.684343,Corals,Market,-5.766260574960736,24399.06616386523
2050,irn,4.086147418884218,96.60197900000001,Corals,Market,-7.607242442183634,26274.9168321933
2055,irn,4.286615670437891,94.618495,Corals,Market,-9.137737884445123,28268.806257857366
2060,irn,4.499732050332817,92.80778900000011,Corals,Market,-11.111002660875005,30389.113667571866
2065,irn,4.720936816648872,91.05531500000001,Corals,Market,-12.542931211830943,32642.00703763372
2070,irn,4.941411953380693,89.42190179052947,Corals,Market,-14.671532156473846,34945.45309711926
2075,irn,5.160037746599709,87.90221681962021,Corals,Market,-16.037173487910234,37287.011912804905
2080,irn,5.3756530746855375,86.49135035569721,Corals,Market,-18.045132815343266,39652.96261931026
2085,irn,5.587064788784208,85.18478896160336,Corals,Market,-19.482377507805715,42028.40510015285
2090,irn,5.793057948016478,83.97839134029994,Corals,Market,-21.36793166599034,44397.38917998802
2095,irn,5.992406800507839,82.86836637062852,Corals,Market,-23.0604745456468,46743.07049710534
2100,irn,6.183886383124621,81.85125316942344,Corals,Market,-24.794457349186075,49047.8915213389
2030,isr,1.026437382258557,14.90709,Corals,Market,-0.015045365782823655,51890.90917437356
2035,isr,1.1321275496545367,15.537051,Corals,Market,-0.038941825172546136,54894.971671501226
2040,isr,1.2402761830039453,16.158644,Corals,Market,-0.06523115948861347,57806.05671297518
2045,isr,1.3503183920715294,16.773649,Corals,Market,-0.09443741085573458,60606.95882765163
2050,isr,1.4628588480950262,17.377295,Corals,Market,-0.12861802944855202,63356.046180277226
2055,isr,1.578685214923592,17.96332,Corals,Market,-0.15893000340263858,66119.66753591802
2060,isr,1.698075959574605,18.528908,Corals,Market,-0.1980203911539495,68925.96797024169
2065,isr,1.8206571406247296,19.074909,Corals,Market,-0.2284468759603415,71762.09178180055
2070,isr,1.945515740889572,19.608894781540045,Corals,Market,-0.2728006240595392,74570.1109091116
2075,isr,2.071914830596157,20.12893776214387,Corals,Market,-0.3041116447102653,77337.1048124337
2080,isr,2.199047601487257,20.633115187225158,Corals,Market,-0.34861789984118036,80049.81964314486
2085,isr,2.3260439708337883,21.119520604116,Corals,Market,-0.3830560881014329,82694.76310877818
2090,isr,2.451978804098294,21.586275554112294,Corals,Market,-0.42712749351381574,85258.30644357555
2095,isr,2.5758816950231953,22.031541385599752,Corals,Market,-0.46814357457020406,87726.79256120007
2100,isr,2.6967481981478754,22.45353108721904,Corals,Market,-0.5106457309058332,90086.64932787056
2030,jam,0.05788581854636032,2.605489999999999,Corals,Market,-1.0415034849096032,18025.021098564277
2035,jam,0.06594778277333256,2.536261,Corals,Market,-2.7844498530454884,21057.453921354332
2040,jam,0.07458609660279987,2.461506,Corals,Market,-4.815183384216622,24494.113323678128
2045,jam,0.08358059265886192,2.383114999999999,Corals,Market,-7.175160054949744,28298.855340882994
2050,jam,0.09289905689793318,2.304611,Corals,Market,-10.026029818206467,32465.66594570674
2055,jam,0.10255717748308373,2.229835,Corals,Market,-12.673444555638529,36974.705439083395
2060,jam,0.11262044868732435,2.161781,Corals,Market,-16.12086391900024,41803.84462207316
2065,jam,0.1231505569770954,2.101298,Corals,Market,-18.96756989905205,46941.52532065195
2070,jam,0.1340895052784741,2.045446752076505,Corals,Market,-23.079354455620624,52409.66541041441
2075,jam,0.14537324037991994,1.9939414051818571,Corals,Market,-26.191711605613687,58179.72695796663
2080,jam,0.15692688436070973,1.9465223445516766,Corals,Market,-30.5373018813011,64214.17177578418
2085,jam,0.1686651227012973,1.9029540049407654,Corals,Market,-34.09478795050943,70466.34532021912
2090,jam,0.18049287264005295,1.8630229132572764,Corals,Market,-38.593941190906335,76880.62981086985
2095,jam,0.19230623923208173,1.826535937747834,Corals,Market,-42.9007403561398,83392.89138070917
2100,jam,0.20399375784779505,1.7933187235481434,Corals,Market,-47.41485696549614,89931.23611494058
2030,jor,0.337108105009085,18.198412,Corals,Market,-0.020091700628645483,15927.137137787662
2035,jor,0.39081230667037886,18.52753,Corals,Market,-0.054659592406440166,18083.47088829808
2040,jor,0.44766023568851837,18.781767,Corals,Market,-0.09573316715819392,20373.63365725668
2045,jor,0.5072990402266441,18.934908,Corals,Market,-0.14426106803698918,22833.83446888103
2050,jor,0.5696716860438841,18.994043,Corals,Market,-0.20365790737585054,25486.07960059074
2055,jor,0.634284636842563,18.96406,Corals,Market,-0.2596400937262857,28337.57632638279
2060,jor,0.7004831395374737,18.864548,Corals,Market,-0.3321449859306979,31366.878976366217
2065,jor,0.7677569277869516,18.708034,Corals,Market,-0.3917040053014573,34563.838855800765
2070,jor,0.8378048966360772,18.56057932619588,Corals,Market,-0.4776730271807025,37903.58012666296
2075,jor,0.9102207413958784,18.42198647672002,Corals,Market,-0.5432316841527252,41365.44814998629
2080,jor,0.9845250249204961,18.292070616944066,Corals,Market,-0.6346277017593195,44924.78875153357
2085,jor,1.0601673629748238,18.17065916767784,Corals,Market,-0.7098982297301372,48553.06540856119
2090,jor,1.1365305229070548,18.05759142220483,Corals,Market,-0.8050060291195463,52218.08991450776
2095,jor,1.2129365012883788,17.95271819096184,Corals,Market,-0.896331034046169,55884.37051696836
2100,jor,1.288654585967834,17.85590147276053,Corals,Market,-0.992185887910014,59513.57760955206
2030,jpn,6.058731276223251,96.43999099999999,Corals,Market,-9.000202312460432,45736.56607963174
2035,jpn,6.171230301258511,92.954799,Corals,Market,-21.512604291866936,48351.83160182412
2040,jpn,6.2610099285952066,89.435694,Corals,Market,-33.37193412302903,51005.898338531086
2045,jpn,6.341642675743228,86.1483079999999,Corals,Market,-44.947956036560754,53655.68373520269
2050,jpn,6.42040888501341,83.172694,Corals,Market,-57.20874315287898,56288.07475793442
2055,jpn,6.492418396083278,80.41215700000001,Corals,Market,-66.23951465350513,58896.97001182733
2060,jpn,6.547215218487841,77.734792,Corals,Market,-77.37661178688619,61464.30297437435
2065,jpn,6.573245398304557,75.0409,Corals,Market,-83.58670230792981,63949.499031994426
2070,jpn,6.59807238447929,72.57039134830566,Corals,Market,-93.76224063850043,66402.80511396335
2075,jpn,6.621681522775838,70.30696319092327,Corals,Market,-98.498525874982107,68813.26689814594
2080,jpn,6.644058826977501,68.23595410104657,Corals,Market,-106.74531223836732,71169.80402201499
2085,jpn,6.665190992664151,66.34418557747297,Corals,Market,-111.23906725778627,73461.29398156884
2090,jpn,6.685065410366416,64.61982188353973,Corals,Market,-118.01759697427403,75676.65906397827
2095,jpn,6.703670178078783,63.052246133810506,Corals,Market,-123.47131791161931,77804.95537033888
2100,jpn,6.7209941131143225,61.63195080533986,Corals,Market,-128.97725040080886,79835.46293002149
2030,khm,0.51955948374494,20.742696,Corals,Market,-0.4973954531591225,21103.618036550208
2035,khm,0.6186592208512953,20.651101,Corals,Market,-1.3898523897160433,25176.07880523237
2040,khm,0.7226008614181171,20.447703,Corals,Market,-2.482169375719091,29622.649044990805
2045,khm,0.829876897738261,20.158903,Corals,Market,-3.790685966588049,34419.45741508497
2050,khm,0.9402540927702446,19.817535,Corals,Market,-5.39934284654753,39567.37819436727
2055,khm,1.053126192740736,19.436076,Corals,Market,-6.924477516421318,45070.77891235153
2060,khm,1.1672010481864696,19.002906,Corals,Market,-8.889855737638243,50959.781966107505
2065,khm,1.2811540027394421,18.518886,Corals,Market,-10.499161989293102,57248.506832849285
2070,khm,1.3999781932013518,18.07077897670398,Corals,Market,-12.821183779271447,63943.28373164268
2075,khm,1.5229891230712385,17.656528830106726,Corals,Market,-14.600045075192941,71008.76073850815
2080,khm,1.6493741567432951,17.274261185268823,Corals,Market,-17.07774330463993,78398.3885714844
2085,khm,1.7781958767828674,16.92226921524513,Corals,Market,-19.125830025669398,86054.27312362813
2090,khm,1.9083988145596262,16.599000892012242,Corals,Market,-21.712318327636147,93907.366488018
2095,khm,2.0388196864442465,16.303047531603774,Corals,Market,-24.200716069646173,101878.02810672396
2100,khm,2.1682011608961798,16.033133514607613,Corals,Market,-26.814834745905326,109876.97505607666
2030,kwt,0.5528780426300735,5.614737,Corals,Market,-0.6656998835527541,61932.946992614816
2035,kwt,0.5753722820147806,5.543323,Corals,Market,-1.625731154788393,65532.09950272274
2040,kwt,0.5965303432170467,5.469161000000001,Corals,Market,-2.5771997577266026,69124.88139356939
2045,kwt,0.6180510486691706,5.405680999999999,Corals,Market,-3.5506763263522116,72734.0071850538
2050,kwt,0.6414284469210391,5.35346,Corals,Market,-4.632618034315178,76508.91997973193
2055,kwt,0.6668421441153263,5.300115,Corals,Market,-5.514577423455935,80642.66432853178
2060,kwt,0.692912490519135,5.228879,Corals,Market,-6.63758413094077,85254.93723611778
2065,kwt,0.7176157710599156,5.127147,Corals,Market,-7.396527520334662,90382.12044601815
2070,kwt,0.7419205581113298,5.032381913128837,Corals,Market,-8.545684677152174,95556.60636333247
2075,kwt,0.765725994935017,4.944263819535969,Corals,Market,-9.23237401426311,100751.91129913142
2080,kwt,0.7889302994896438,4.8624984220472,Corals,Market,-10.27383380091814,105939.86813307239
2085,kwt,0.8114314571764545,4.786815402498007,Corals,Market,-10.976784482087574,111090.84983724417
2090,kwt,0.8331279403549002,4.716966926678392,Corals,Market,-11.921512630595014,116174.02579354681
2095,kwt,0.853919447887217,4.652726286271645,Corals,Market,-12.748201133664725,121157.64834058071
2100,kwt,0.8737076574805788,4.593886667328322,Corals,Market,-13.590151509790395,126009.36625652615
2030,lka,0.5473987799616254,22.64833,Corals,Market,-2.048731534700991,17367.83386097464
2035,lka,0.6070326264670685,22.400952,Corals,Market,-5.331432494243502,19485.92346087848
2040,lka,0.6693851461547466,22.112799,Corals,Market,-8.98925503449151,21782.3635224627
2045,lka,0.7341987429567363,21.787123,Corals,Market,-13.110898707099187,24265.174123302106
2050,lka,0.8013735181209346,21.436009,Corals,Market,-17.99058776251123,26937.514770700163
2055,lka,0.8699326045642763,21.058246,Corals,Market,-22.36180706501057,29786.981051526003
2060,lka,0.9391410328962885,20.657308,Corals,Market,-27.963694795645456,32803.227096113435
2065,lka,1.008620614984009,20.234737,Corals,Market,-32.31438030127243,35990.34064013994
2070,lka,1.0795094480148972,19.84150655601448,Corals,Market,-38.64986621853549,39310.039782271844
2075,lka,1.1513873411241569,19.476212068456206,Corals,Market,-43.15126562139734,42742.944233477065
2080,lka,1.223792040959637,19.137563390299174,Corals,Market,-49.53744613223808,46266.22412741239
2085,lka,1.2962229595030874,18.82437720749541,Corals,Market,-54.504843303794395,49853.71926590852
2090,lka,1.368145886702613,18.535570121610288,Corals,Market,-60.85330377624739,53476.149173504666
2095,lka,1.4389986561796129,18.27015237786065,Corals,Market,-66.7766271347324,57101.41612192868
2100,lka,1.5081977052469053,18.027222187523062,Corals,Market,-72.920312425751,60695.00036181656
2030,mdg,0.3628145794989585,57.503786,Corals,Market,-35.029936903167965,5265.737985662547
2035,mdg,0.46273530906752663,59.75377,Corals,Market,-104.84263261362058,6447.760537945868
2040,mdg,0.5839023827599406,61.632299,Corals,Market,-202.28388024655064,7869.400026031185
2045,mdg,0.7267274260249619,63.165612,Corals,Market,-334.78329014682885,9533.805755581054
2050,mdg,0.8922826422695174,64.395723,Corals,Market,-516.7568084932108,11454.710654503984
2055,mdg,1.0822244194893877,65.329568,Corals,Market,-717.6488848470849,13661.771253655501
2060,mdg,1.2986243661112,65.986185,Corals,Market,-997.5178638278322,16191.544027489168
2065,mdg,1.5434156837512978,66.36189999999999,Corals,Market,-1275.6287472111098,19088.754923740602
2070,mdg,1.819803552571361,66.72086154923298,Corals,Market,-1680.8132117239843,22332.102763410785
2075,mdg,2.1285340130452073,67.06276986909224,Corals,Market,-2057.908587312425,25924.869745015843
2080,mdg,2.469579245522319,67.38733803884111,Corals,Market,-2578.827855356142,29861.41071392606
2085,mdg,2.8419927460256873,67.69429239556001,Corals,Market,-3082.8454145512947,34125.7490967181
2090,mdg,3.2437804957272376,67.98337291749878,Corals,Market,-3722.00204785069,38690.38858618282
2095,mdg,3.671798424301536,68.25433359008484,Corals,Market,-4395.5813216080805,43515.444399875254
2100,mdg,4.121686674208144,68.50694275386843,Corals,Market,-5140.893611955682,48548.19641747699
2030,mdv,0.03127337286579405,0.7377210000000001,Corals,Market,-79.79794773489364,37724.48105974443
2035,mdv,0.03347891616053842,0.7411810000000001,Corals,Market,-200.4652235402721,40054.05352534449
2040,mdv,0.035276141074113164,0.738576999999999,Corals,Market,-322.9717032640333,42202.46590553615
2045,mdv,0.03658151182099937,0.729634,Corals,Market,-445.3651675823647,44142.48395931055
2050,mdv,0.03748118797624411,0.714658,Corals,Market,-573.66649424756,46010.54164606351
2055,mdv,0.03809600568460479,0.695496,Corals,Market,-667.6310136496342,47881.035281229226
2060,mdv,0.038598142269714586,0.675045,Corals,Market,-783.5485514060045,49801.59154852145
2065,mdv,0.039067162376184905,0.6557969999999991,Corals,Market,-853.3272827150936,51698.40143961365
2070,mdv,0.03951814575001349,0.6380327892833794,Corals,Market,-964.6147047959528,53555.937920036566
2075,mdv,0.039950325213934254,0.6216594073380063,Corals,Market,-1020.7706606230446,55365.02507112148
2080,mdv,0.04036295854240548,0.606592492937372,Corals,Market,-1113.896277737326,57116.48326299435
2085,mdv,0.040755330568618145,0.5927555578541595,Corals,Market,-1168.357035169701,58801.205875140855
2090,mdv,0.04112675523490688,0.5800793374048812,Corals,Market,-1247.1307022028493,60410.23760434133
2095,mdv,0.041476577578401695,0.5685012100793565,Corals,Market,-1312.2082882979257,61934.85342594252
2100,mdv,0.04180417564393402,0.5579646794191114,Corals,Market,-1377.9887786310026,63366.63723905065
2030,mex,4.915473631804545,152.576934,Corals,Market,-3.8132186003352664,25277.886570666735
2035,mex,5.359999015634803,152.594193,Corals,Market,-9.757570447771057,27528.679612086496
2040,mex,5.7959714555643735,152.1555,Corals,Market,-16.133142647529304,29818.862746355837
2045,mex,6.212247931502995,151.339146,Corals,Market,-22.993903824364594,32095.431545728312
2050,mex,6.604879288820989,150.231439,Corals,Market,-30.73408974634315,34335.423508571126
2055,mex,6.969788292197979,148.889292,Corals,Market,-37.135218132629724,36516.278606006446
2060,mex,7.303659074863805,147.409673,Corals,Market,-45.07641150254778,38604.35888920514
2065,mex,7.603367891084358,145.736824,Corals,Market,-50.49159624811564,40602.183188926036
2070,mex,7.899775013629342,144.16565224062032,Corals,Market,-58.624800105762006,42594.72854402923
2075,mex,8.191528636591123,142.69322084552076,Corals,Market,-63.63296304069758,44571.186755079405
2080,mex,8.477250125876546,141.3167943471832,Corals,Market,-71.12562423356307,46520.33742689874
2085,mex,8.755544232870237,140.03383019268355,Corals,Market,-76.31038366226059,48430.646215608554
2090,mex,9.025009897666058,138.84197089317206,Corals,Market,-83.20406489594578,50290.37200933429
2095,mex,9.284251533065238,137.73903678302943,Corals,Market,-89.30095302944595,52087.68177543555
2100,mex,9.531890669170243,136.72301935747527,Corals,Market,-95.5244184214767,53810.77160533445
2030,moz,0.6518252226377326,68.95959299999991,Corals,Market,-35.994733503052444,8059.907530111899
2035,moz,0.8264475420217703,71.901769,Corals,Market,-107.09612239331778,9773.836454274313
2040,moz,1.031933266071312,74.257716,Corals,Market,-204.46822060474912,11783.974435297825
2045,moz,1.2681108701008978,76.06049400000009,Corals,Market,-334.12011673913725,14098.369786199231
2050,moz,1.5357573099877362,77.281198,Corals,Market,-508.6974144690423,16757.345399590224
2055,moz,1.8342272453310857,78.06427000000001,Corals,Market,-695.6663579895512,19757.844829499372
2060,moz,2.163512184809884,78.492873,Corals,Market,-950.4946057042475,23112.48733035843
2065,moz,2.5220582166697114,78.606618,Corals,Market,-1192.201522967943,26828.040382476214
2070,moz,2.919125667203423,78.71483233783152,Corals,Market,-1542.0587238104858,30921.538862751295
2075,moz,3.354518099306196,78.81749231746866,Corals,Market,-1854.9354486595562,35386.76425733228
2080,moz,3.827053815762912,78.9145754158807,Corals,Market,-2285.688965373711,40207.3650874928
2085,moz,4.334441745071525,79.00606029125969,Corals,Market,-2689.1506323025096,45355.760400226936
2090,moz,4.873182721064531,79.09192679083185,Corals,Market,-3198.0925055546945,50792.32639146407
2095,moz,5.438505272794635,79.17215595824908,Corals,Market,-3723.661705313021,56464.95178168642
2100,moz,6.024344550255139,79.2467300405566,Corals,Market,-4297.606236615684,62309.04023174673
2030,mus,0.06642778089541258,1.140719,Corals,Market,-39.89885247562314,47080.81316596039
2035,mus,0.07040266218587526,1.110981,Corals,Market,-99.23169185170597,51143.635941417306
2040,mus,0.07399331628572865,1.08003,Corals,Market,-159.4665346656386,55195.12759501711
2045,mus,0.07719974319497272,1.04814,Corals,Market,-221.24023681911046,59234.427743581735
2050,mus,0.0799975461871241,1.016077,Corals,Market,-288.21492371235087,63206.231153028464
2055,mus,0.08243908896780566,0.9843390000000001,Corals,Market,-340.08220289646124,67116.4836406839
2060,mus,0.08461430790154499,0.953585999999999,Corals,Market,-404.33094175436673,70982.96442964551
2065,mus,0.0866466317230245,0.9243880000000001,Corals,Market,-445.5014374583543,74850.67096423991
2070,mus,0.08862371239844923,0.8974992172548685,Corals,Market,-509.2146846253084,78711.9944874344
2075,mus,0.09053947437405276,0.8727666142899906,Corals,Market,-544.5521663631574,82544.90405768971
2080,mus,0.09238791708841515,0.8500517425705729,Corals,Market,-600.1649076567239,86326.51700790951
2085,mus,0.09416314559879084,0.8292294479650945,Corals,Market,-635.4271649943965,90033.31460965292
2090,mus,0.09585940130883462,0.8101867176122338,Corals,Market,-684.2517205348585,93641.3766036805
2095,mus,0.09747109257875056,0.7928216532692287,Corals,Market,-725.8875681428462,97126.63150805408
2100,mus,0.09899282499461516,0.7770425580319872,Corals,Market,-768.1099600203265,100465.11917433438
2030,mys,2.3607441835185834,42.68212,Corals,Market,-18.332760115431512,39653.91985182847
2035,mys,2.5000779594660663,42.816839,Corals,Market,-45.55993883077563,41892.994481967326
2040,mys,2.629746754801508,42.725021,Corals,Market,-73.2755790470175,44192.96495548652
2045,mys,2.749605231470589,42.421119,Corals,Market,-101.87951554969254,46572.39042867392
2050,mys,2.8609160138201863,41.931209,Corals,Market,-133.26410113176493,49059.893644203294
2055,mys,2.966794786389707,41.311859,Corals,Market,-158.2364369489394,51676.13062654269
2060,mys,3.0698576341568464,40.612901,Corals,Market,-189.66171483339227,54431.40549169099
2065,mys,3.1704679022573963,39.857,Corals,Market,-210.76041857453876,57323.40163348678
2070,mys,3.2691801490391645,39.15225967994382,Corals,Market,-242.86117993662603,60216.13300614067
2075,mys,3.3656086540107797,38.49641613358163,Corals,Market,-261.71788600379074,63094.509244677814
2080,mys,3.4593662821981117,37.88738410373422,Corals,Market,-290.5495699964898,65942.79582452249
2085,mys,3.550066975347498,37.32324589491438,Corals,Market,-309.7345358261935,68744.7466623145
2090,mys,3.637328315952643,36.80224127198905,Corals,Market,-335.68501602939364,71483.74977185059
2095,mys,3.7207741412821798,36.32275827012675,Corals,Market,-358.25734189632334,74142.98431439676
2100,mys,3.8000371832633517,35.88332484860275,Corals,Market,-381.2201004738758,76705.58709834082
2030,nic,0.17606847401625522,8.820995000000002,Corals,Market,-7.3236658279372655,15492.092597486724
2035,nic,0.2117798239633347,8.810926,Corals,Market,-20.67198379638608,18637.987218220667
2040,nic,0.2515781020007057,8.764918,Corals,Market,-37.547943832642396,22235.683935003217
2045,nic,0.2944417724039744,8.68591900000001,Corals,Market,-58.43646564752437,26236.04131977767
2050,nic,0.34001435767977073,8.586637000000001,Corals,Market,-84.8346581027457,30618.052704884074
2055,nic,0.3882251904835938,8.471738,Corals,Market,-110.90999655963044,35399.97659597149
2060,nic,0.4391064637168273,8.351045000000001,Corals,Market,-145.31125699991415,40579.693339839396
2065,nic,0.49271706683322186,8.230559,Corals,Market,-175.44107888142972,46156.79148201137
2070,nic,0.5498652034156958,8.117748713971087,Corals,Market,-218.79806509854333,52176.52659216584
2075,nic,0.6102850488547287,8.012340640562744,Corals,Market,-254.19705249107383,58615.794442183644
2080,nic,0.6736184074104605,7.914081243893701,Corals,Market,-303.043956319494,65439.6815957856
2085,nic,0.7394121810404817,7.822735933911367,Corals,Market,-345.5474392077064,72600.84535180301
2090,nic,0.8071184258569193,7.738088129798236,Corals,Market,-398.9832894465649,80039.23958076199
2095,nic,0.876097310069186,7.659938401173277,Corals,Market,-451.8373521288031,87682.24360588551
2100,nic,0.9456232016024908,7.588103682304866,Corals,Market,-508.12908773941984,95445.23937622283
2030,nld,1.1991592309379855,17.801108,Corals,Market,-1.1088305550074533,48414.739304668554
2035,nld,1.2409396888659072,17.813034,Corals,Market,-2.692710465357918,50102.15929683247
2040,nld,1.2803774595479158,17.8437,Corals,Market,-4.248080654887145,51640.74020736871
2045,nld,1.3152971905413782,17.860625,Corals,Market,-5.80296325754689,53034.93941562802
2050,nld,1.3437441070988927,17.834112,Corals,Market,-7.453050105050081,54299.421647701325
2055,nld,1.3651705680460902,17.760733,Corals,Market,-8.669924336016527,55430.81136299945
2060,nld,1.3798427878427335,17.652288,Corals,Market,-10.150804138460998,56409.03770832081
2065,nld,1.388232346388974,17.521714,Corals,Market,-10.988470678271868,57213.740624782025
2070,nld,1.3962508857588263,17.398586263264445,Corals,Market,-12.350715327082039,57990.75389508051
2075,nld,1.4038912747865244,17.282758632168377,Corals,Market,-12.99908146307023,58738.64822634122
2080,nld,1.4111466838260376,17.174094130048807,Corals,Market,-14.11254211571359,59456.034853794605
2085,nld,1.4180105948892983,17.072464690649817,Corals,Market,-14.731330201517984,60141.56982690742
2090,nld,1.424476811372343,16.977750906046502,Corals,Market,-15.65360025224223,60793.95819657708
2095,nld,1.430539467349128,16.889841792351763,Corals,Market,-16.401026780080148,61411.95808516853
2100,nld,1.4361930364135562,16.80863457256097,Corals,Market,-17.15576799675521,61994.38462151614
2030,nzl,0.315333396025641,5.992965000000011,Corals,Market,-1.7273262972043173,41548.89472136819
2035,nzl,0.3364057931621327,6.045119,Corals,Market,-4.324327090839469,43886.275091371135
2040,nzl,0.3562787746537374,6.085608000000001,Corals,Market,-7.002623399268198,46109.90424005634
2045,nzl,0.37466522435584076,6.11068,Corals,Market,-9.7923155501574,48228.026933720896
2050,nzl,0.39132002632723756,6.116635,Corals,Market,-12.857769299543806,50257.61066002802
2055,nzl,0.4060070154897436,6.102266,Corals,Market,-15.274887328652907,52198.81908336785
2060,nzl,0.4184810759021541,6.070444,Corals,Market,-18.237392736129813,54014.31259071766
2065,nzl,0.4285501082734678,6.025995,Corals,Market,-20.095221162217655,55649.440962427514
2070,nzl,0.4383458455321993,5.984077641209233,Corals,Market,-22.970033672127947,57245.50333198607
2075,nzl,0.4478381425233631,5.944642693721587,Corals,Market,-24.564976739305862,58796.30402008791
2080,nzl,0.45699722392934367,5.907644014608618,Corals,Market,-27.074643091000283,60295.6812689259
2085,nzl,0.46579383645271794,5.873038457742551,Corals,Market,-28.666344315085613,61737.54712479586
2090,nzl,0.4741994015206662,5.840785789765356,Corals,Market,-30.869951242350403,63115.92787011767
2095,nzl,0.4821861674212584,5.810848611974325,Corals,Market,-32.749300485672634,64425.004637587255
2100,nzl,0.4897273597604663,5.783192287911394,Corals,Market,-34.65515154259016,65659.15382701915
2030,omn,0.5704091060313208,6.896304000000001,Corals,Market,-7.5818663984071035,65997.85619002204
2035,omn,0.6236997122312621,6.880418,Corals,Market,-19.454311907731572,72221.94791095649
2040,omn,0.6746586462249382,6.810482,Corals,Market,-32.176601485957015,78806.57287362621
2045,omn,0.7226292329828286,6.713394,Corals,Market,-45.82925549462745,85502.01158847322
2050,omn,0.7689771662257455,6.610222,Corals,Market,-61.31013322174708,92266.93599472621
2055,omn,0.8172249364652989,6.52291,Corals,Market,-74.60558637389649,99218.73693618787
2060,omn,0.8694567731430077,6.452412000000001,Corals,Market,-91.94332017749562,106552.38026945398
2065,omn,0.9247447658910721,6.382848,Corals,Market,-105.22000631001794,114389.83092883043
2070,omn,0.9806082881675118,6.3174746766042835,Corals,Market,-124.68825789041215,122369.6956594571
2075,omn,1.036728706156805,6.256176370240249,Corals,Market,-137.9893795478755,130442.39461006847
2080,omn,1.0927646740329648,6.198845258236476,Corals,Market,-157.09453821404716,138553.74361671778
2085,omn,1.1483550308990103,6.145381037843362,Corals,Market,-171.49047897243037,146645.43871551545
2090,omn,1.203122196946009,6.095690632939366,Corals,Market,-190.05090495642222,154655.65204862252
2095,omn,1.2566760357890028,6.049687923218899,Corals,Market,-207.1075229401067,162519.73357904938
2100,omn,1.308618137460642,6.00729349475571,Corals,Market,-224.70442796546345,170171.00987011025
2030,pan,0.2844376120043239,5.794318000000001,Corals,Market,-8.01717238734921,33239.71216150677
2035,pan,0.3058606021688609,5.831255000000001,Corals,Market,-20.230582652537983,35588.90257837893
2040,pan,0.32732492327634927,5.843638,Corals,Market,-33.10393927896923,38082.68959604479
2045,pan,0.34879182756777205,5.835653000000001,Corals,Market,-46.90704742658114,40717.92714968404
2050,pan,0.3703149161097695,5.807453000000001,Corals,Market,-62.60867920347623,43528.082158480334
2055,pan,0.391797965300783,5.76393,Corals,Market,-75.84665550509156,46494.433368130325
2060,pan,0.4132073937496638,5.705196,Corals,Market,-92.65839907239096,49639.41936065305
2065,pan,0.43443922830305,5.632357,Corals,Market,-104.8214096868692,52970.97760600538
2070,pan,0.4556458786690364,5.56404339798758,Corals,Market,-122.85758232318982,56351.34395070599
2075,pan,0.4767170846819297,5.5001102007127765,Corals,Market,-134.55064229124065,59761.72784363137
2080,pan,0.4975379646087315,5.440422654855761,Corals,Market,-151.67192012095495,63181.823931891035
2085,pan,0.5179899582727189,5.38485577220955,Corals,Market,-164.03242195813513,66589.97853859128
2090,pan,0.5379518658899108,5.333293892092902,Corals,Market,-180.19724278707193,69963.38862971934
2095,pan,0.5573009715228696,5.285630278842049,Corals,Market,-194.76318228037323,73278.33144119487
2100,pan,0.5759142379644168,5.241766752414145,Corals,Market,-209.70125591268973,76510.42212718344
2030,phl,4.694194348237184,164.256327,Corals,Market,-215.9393653130771,21531.284541971403
2035,phl,5.234438336221783,166.081756,Corals,Market,-565.0560065916366,23737.54357317542
2040,phl,5.7771553512009,167.214079,Corals,Market,-953.5669807420135,26012.698443785772
2045,phl,6.321385581998345,167.689425,Corals,Market,-1387.4605201941592,28373.13642992274
2050,phl,6.867604610728442,167.365827,Corals,Market,-1894.9823799021551,30874.201029243955
2055,phl,7.415414677804664,166.372414,Corals,Market,-2342.8595664492864,33524.923862871045
2060,phl,7.966847815897338,164.906753,Corals,Market,-2915.6795163500706,36326.04808477604
2065,phl,8.519111060953202,163.138451,Corals,Market,-3354.6854004872093,39252.232952677616
2070,phl,9.080129976692868,161.47657759739172,Corals,Market,-3995.7944536526556,42253.749434360674
2075,phl,9.646622515034817,159.9182095200895,Corals,Market,-4443.619861537087,45312.32465670122
2080,phl,10.215022200899122,158.4606213261653,Corals,Market,-5082.236029557819,48407.55466410494
2085,phl,10.78150786141135,157.1012774375021,Corals,Market,-5572.170758192493,51517.067115225946
2090,phl,11.342039829863515,155.83782476785024,Corals,Market,-6200.581890704964,54616.736308301406
2095,phl,11.89240232036396,154.66808591519788,Corals,Market,-6783.021771056263,57680.94936594962
2100,phl,12.428251498316325,153.59005289080736,Corals,Market,-7385.668406688286,60682.92087795053
2030,sau,4.68547702875605,51.3083549999999,Corals,Market,-62.886767062009554,62149.40311203626
2035,sau,4.8326136328524925,51.20038,Corals,Market,-152.20824691138534,64359.05392893888
2040,sau,4.9503740052282925,50.895884,Corals,Market,-238.4019871275506,66448.32686702984
2045,sau,5.050998242433715,50.489567,Corals,Market,-323.45976852648715,68474.77848246181
2050,sau,5.138637333733636,50.021689,Corals,Market,-413.6971812214512,70448.1310009809
2055,sau,5.214536575907517,49.475763,Corals,Market,-480.68573542539076,72414.62875536879
2060,sau,5.276375672391914,48.798165,Corals,Market,-563.40886369476,74431.53627517135
2065,sau,5.321589524692382,47.984712,Corals,Market,-611.4114852440006,76486.249730763
2070,sau,5.36491075479935,47.22481370189783,Corals,Market,-688.8240116137206,78497.47948384876
2075,sau,5.406286022176106,46.51631063129621,Corals,Market,-726.5999017173176,80458.9306742017
2080,sau,5.445664030480708,45.85720782349256,Corals,Market,-790.4985202441507,82364.34299680027
2085,sau,5.482995632995737,45.245665430033405,Corals,Market,-826.7943768344018,84207.52366893634
2090,sau,5.518233934356393,44.67999012829219,Corals,Market,-880.1893073949177,85982.38073050349
2095,sau,5.551334388283704,44.158627277724335,Corals,Market,-923.8164845014581,87682.95642896122
2100,sau,5.582254891039069,43.680153771748955,Corals,Market,-967.8858404954399,89303.46043436903
2030,sdn,0.6259430268390698,91.147048,Corals,Market,-7.534188577650404,6301.213345197022
2035,sdn,0.7448019909545898,94.400626,Corals,Market,-21.037453206707607,7209.806048180328
2040,sdn,0.8841364148310111,96.937165,Corals,Market,-38.18452236573024,8300.513363828877
2045,sdn,1.0445844921013292,98.89410400000001,Corals,Market,-59.990551286701525,9573.26732137075
2050,sdn,1.2270265232395865,100.201284,Corals,Market,-88.59001379315563,11052.774235212246
2055,sdn,1.431248485798298,101.033792,Corals,Market,-118.31962416752899,12733.13033051935
2060,sdn,1.6577442777331957,101.428301,Corals,Market,-158.7456115329162,14629.646170677705
2065,sdn,1.9050128366298,101.401662,Corals,Market,-196.28465604751534,16745.931908525094
2070,sdn,2.174956335071695,101.37636159661143,Corals,Market,-250.43356917111376,19043.366752527367
2075,sdn,2.466930491323613,101.3523987737804,Corals,Market,-297.3373414789462,21513.86589352944
2080,sdn,2.779702010024627,101.32977256841494,Corals,Market,-361.8634198265297,24144.302053213298
2085,sdn,3.111397516702239,101.30848207032052,Corals,Market,-420.7569902966105,26916.16825914931
2090,sdn,3.4594687438706933,101.28852642213901,Corals,Market,-494.85916371330825,29805.39254907279
2095,sdn,3.820677950642992,101.26990481929118,Corals,Market,-570.1970633935248,32782.33485531502
2100,sdn,4.191107095420968,101.25261650992265,Corals,Market,-651.6875991619827,35811.99117785999
2030,sgp,0.76200529653751,6.600567,Corals,Market,-0.06037864979268648,67234.68238775276
2035,sgp,0.7511576826102762,6.530277,Corals,Market,-0.1396712995120309,67380.884594885
2040,sgp,0.7348919475101299,6.43407500000001,Corals,Market,-0.2089369734288753,67294.66105275706
2045,sgp,0.7135291197276198,6.310282,Corals,Market,-0.26975823226297646,67003.55390189553
2050,sgp,0.6877969804729273,6.157328000000001,Corals,Market,-0.32689991680102976,66570.27191386979
2055,sgp,0.6586586152176989,5.97513299999999,Corals,Market,-0.3584477382226844,66067.60337603427
2060,sgp,0.6270228757376293,5.766198999999999,Corals,Market,-0.3952676781259192,65541.89828146446
2065,sgp,0.5936682779907253,5.535255,Corals,Market,-0.4026762492394945,65008.06402130714
2070,sgp,0.5636669989225985,5.324645335958922,Corals,Market,-0.4272561629837724,64523.08530807267
2075,sgp,0.5366810657680299,5.132712070523421,Corals,Market,-0.425826358919378,64085.727693777786
2080,sgp,0.5124145445679671,4.957975871173951,Corals,Market,-0.4391284925057061,63694.86898507346
2085,sgp,0.4906081554551343,4.799117007011629,Corals,Market,-0.43675142313158566,63349.494485264426
2090,sgp,0.47103466183581555,4.654958704713969,Corals,Market,-0.44355634755703327,63048.692676466235
2095,sgp,0.4534949187182618,4.524452569186731,Corals,Market,-0.44553383991635653,62791.651316162075
2100,sgp,0.4378144838145005,4.40666581517601,Corals,Market,-0.4481511855398604,62577.65392488497
2030,slb,0.014680818926380151,1.372868,Corals,Market,-15.842905599468917,9128.44787889764
2035,slb,0.020416223998431526,1.418502999999999,Corals,Market,-51.70239101728282,12252.012449705946
2040,slb,0.027866366252358367,1.455528999999999,Corals,Market,-107.90244782345466,16251.938548284674
2045,slb,0.03725793480393565,1.482684,Corals,Market,-191.84077892912265,21271.390512122056
2050,slb,0.048756583962256385,1.502371,Corals,Market,-315.60724238165574,27394.18311452638
2055,slb,0.062494285264109016,1.515212,Corals,Market,-463.1961260842132,34717.00864293015
2060,slb,0.0784846741450289,1.521234,Corals,Market,-673.8324506093787,43304.583942676756
2065,slb,0.09673286389334174,1.519423999999999,Corals,Market,-893.6045314311345,53285.15626134523
2070,slb,0.1180993241702041,1.517706545901549,Corals,Market,-1219.1925069177403,64943.159776065746
2075,slb,0.14281228896331472,1.5160813232446304,Corals,Market,-1543.2667272131307,78392.76577070972
2080,slb,0.1710363455630928,1.5145480344042461,Corals,Market,-1996.2628399019475,93711.69657551359
2085,slb,0.20284998277767508,1.5131063984995672,Corals,Market,-2459.425582150404,110929.20832552662
2090,slb,0.2382229235762399,1.5117561513081657,Corals,Market,-3055.192840988884,130014.13703487009
2095,slb,0.27699477313057325,1.510497045185302,Corals,Market,-3706.2865200832484,150863.8595462815
2100,slb,0.31885676214162806,1.5093288489882266,Corals,Market,-4445.1784674721075,173295.14196667713
2030,tha,2.3565626576249143,61.42874,Corals,Market,-1.6207008166521204,27414.20850412838
2035,tha,2.4564636298146,59.127137,Corals,Market,-3.964467403390918,29712.7098605839
2040,tha,2.5454617674924704,56.820715,Corals,Market,-6.281405661606222,32064.821205865836
2045,tha,2.6228235466240895,54.53480200000001,Corals,Market,-8.60657844920164,34451.97743166406
2050,tha,2.6915580828507184,52.2776789999999,Corals,Market,-11.103419642963466,36911.00581824122
2055,tha,2.753540863760397,50.0666129999999,Corals,Market,-13.006350283407727,39460.3610225932
2060,tha,2.8108891064525148,47.938537,Corals,Market,-15.379778543648552,42104.22867809399
2065,tha,2.8656116665213736,45.90488300000001,Corals,Market,-16.87050023791049,44861.520536316515
2070,tha,2.918610173607799,44.0548700034445,Corals,Market,-19.201726148803093,47648.1654494045
2075,tha,2.9697478859275726,42.372859425153685,Corals,Market,-20.451930199473555,50448.00829814829
2080,tha,3.018890833508959,40.844945154382536,Corals,Market,-22.455153578402513,53243.82249197332
2085,tha,3.065908393781627,39.458762074277445,Corals,Market,-23.68957080417414,56017.47065224456
2090,tha,3.1106738620793273,38.20331904739593,Corals,Market,-25.424291812132143,58750.08850453093
2095,tha,3.153065013625312,37.068853203855305,Corals,Market,-26.886832941923313,61422.28965488415
2100,tha,3.1929646535607628,36.04670281917145,Corals,Market,-28.36788699405941,64014.38834534224
2030,tls,0.016476362635580576,1.938647,Corals,Market,-0.0974733280278379,8043.717448268009
2035,tls,0.020796753810713556,1.947521,Corals,Market,-0.28871587003795257,10060.145497788246
2040,tls,0.025897647600952693,1.944815,Corals,Market,-0.5497321964081751,12487.06166144538
2045,tls,0.031770749870053724,1.932078,Corals,Market,-0.8967874381255871,15348.256506960839
2050,tls,0.03836001421207177,1.910232,Corals,Market,-1.3612326272230695,18655.952520503215
2055,tls,0.04569148177536205,1.881365999999999,Corals,Market,-1.856520527657379,22456.689513679183
2060,tls,0.05377149513469962,1.848106,Corals,Market,-2.5308072794524437,26776.781836051094
2065,tls,0.06257864810021872,1.813183,Corals,Market,-3.1691105810758304,31612.38890071853
2070,tls,0.07231582833991115,1.7806330811027342,Corals,Market,-4.092589048580051,37022.13986281241
2075,tls,0.08297587981105085,1.7503498916199796,Corals,Market,-4.915494098608676,43008.02305167979
2080,tls,0.09452780103802706,1.722235514590043,Corals,Market,-6.048236561655716,49556.35846137449
2085,tls,0.10691385504155529,1.6961999383293618,Corals,Market,-7.106121036331765,56635.546451879694
2090,tls,0.1200473006495705,1.6721605743347059,Corals,Market,-8.440095810489685,64194.25161720467
2095,tls,0.13381095844054205,1.6500418189082078,Corals,Market,-9.815196476104669,72160.1981448909
2100,tls,0.14805681165185156,1.6297746552351688,Corals,Market,-11.315190319619116,80439.74390583497
2030,tto,0.065937849367949955,1.391386,Corals,Market,-0.2308195454437156,34381.6931366034
2035,tto,0.07131325462593116,1.358448,Corals,Market,-0.5858126078197753,38104.28800992665
2040,tto,0.07681010265796846,1.324978,Corals,Market,-0.9647672505518069,42098.11924822198
2045,tto,0.08251272071097167,1.291488,Corals,Market,-1.3781494279018582,46418.36649423356
2050,tto,0.08856322471530888,1.26038,Corals,Market,-1.859603534925677,51076.06683845816
2055,tto,0.09505757657795393,1.232589999999999,Corals,Market,-2.2854125196565835,56084.09751667015
2060,tto,0.10194269917200349,1.20704,Corals,Market,-2.8390722310986303,61448.61734881187
2065,tto,0.10912638060488439,1.182883,Corals,Market,-3.2700494399887625,67153.94400042186
2070,tto,0.11643178552871139,1.1603931410065533,Corals,Market,-3.898968092357459,73072.80593679598
2075,tto,0.1238160119267165,1.1394920479221768,Corals,Market,-4.340157354434639,79169.99385935733
2080,tto,0.13123230141302875,1.120107683699444,Corals,Market,-4.968477300287504,85404.68373433311
2085,tto,0.13863042647514337,1.1021739341533627,Corals,Market,-5.452184216854396,91730.69154222247
2090,tto,0.14595716611999196,1.0856302307172654,Corals,Market,-6.072027797995398,98096.87340916759
2095,tto,0.15315686609789914,1.070421208117844,Corals,Market,-6.647481513628301,104447.67263061726
2100,tto,0.16017207752311433,1.0564963942500958,Corals,Market,-7.2432525821727864,110723.81051106176
2030,tza,1.6832979001603126,154.926012,Corals,Market,-48.64584029978155,7975.690414602632
2035,tza,2.096012125692669,163.812307,Corals,Market,-142.14420941022215,9394.536251315836
2040,tza,2.5882673630247894,172.033339,Corals,Market,-268.3862535459721,11048.950117578925
2045,tza,3.165221238739762,179.177707,Corals,Market,-436.441859645854,12976.00438882286
2050,tza,3.8324004572862567,185.014429,Corals,Market,-664.331353385661,15218.874679894592
2055,tza,4.598833231068434,189.580423,Corals,Market,-912.7933126332852,17826.569595624063
2060,tza,5.467954823296682,193.127668,Corals,Market,-1257.1646363878112,20810.875677576212
2065,tza,6.439008151169815,195.843027,Corals,Market,-1592.9071702837907,24172.25134270364
2070,tza,7.52533557535007,198.45888688629088,Corals,Market,-2080.419516670619,27884.177861939435
2075,tza,8.728116532940351,200.97017083227115,Corals,Market,-2525.7835166706427,31943.88414971328
2080,tza,10.045637772120298,203.37195118093564,Corals,Market,-3139.836283554472,36339.712634395466
2085,tza,11.472840491157271,205.65946539867772,Corals,Market,-3725.030578636433,41050.032336607415
2090,tza,13.000935587832608,207.82813167299483,Corals,Market,-4465.086326800103,46042.3755793069
2095,tza,14.61711961334222,209.87356408330083,Corals,Market,-5237.564600023615,51272.8774852487
2100,tza,16.30442355367244,211.79158727515227,Corals,Market,-6086.942437753618,56686.0934734851
2030,usa,30.497112514304206,392.274604,Corals,Market,-21.1781884721669,61710.44323700841
2035,usa,32.03182948179051,397.0025,Corals,Market,-52.199036202274385,63954.691973892455
2040,usa,33.53813929191153,401.171601,Corals,Market,-83.56712378068457,66173.73032647757
2045,usa,35.00865608375228,404.260551,Corals,Market,-115.99602972574675,68451.50265458516
2050,usa,36.446788716196615,406.044541,Corals,Market,-151.8163319984721,70850.95804770051
2055,usa,37.8585432739446,406.64523,Corals,Market,-180.56519727817223,73383.55041980675
2060,usa,39.245948839665196,406.411009,Corals,Market,-216.82403912475596,76009.76410618977
2065,usa,40.591879955632464,405.502667,Corals,Market,-241.29927480497665,78681.7695010012
2070,usa,41.914365004612684,404.64167076559255,Corals,Market,-278.4410726328988,81303.40690531494
2075,usa,43.2080644757752,403.82772204193503,Corals,Market,-300.4593752046874,83863.32329930857
2080,usa,44.467603820200644,403.0605390137047,Corals,Market,-333.97855098950373,86350.10929547789
2085,usa,45.687609113050115,402.33985614238264,Corals,Market,-356.45333060326766,88752.38067197207
2090,usa,46.86274393340998,401.66542401299597,Corals,Market,-386.74822229960927,91058.86249458377
2095,usa,47.98774712413636,401.0370091901948,Corals,Market,-413.18382543428226,93258.47499344779
2100,usa,49.057471071879796,400.4543940835474,Corals,Market,-440.09279771187244,95340.42030940068
2030,vnm,3.946396500115882,105.995262,Corals,Market,-7.549073650269026,25643.680167546314
2035,vnm,4.244315603336698,104.556598,Corals,Market,-19.052469226931077,28004.788901794192
2040,vnm,4.508951862653056,102.768093,Corals,Market,-30.948168147453288,30318.115954031866
2045,vnm,4.741239004907522,100.772993,Corals,Market,-43.273536799512,32564.18968717245
2050,vnm,4.951124232995528,98.686986,Corals,Market,-56.81014622803395,34781.07878387077
2055,vnm,5.1498348591934375,96.590101,Corals,Market,-67.65911433285385,37022.45123268048
2060,vnm,5.3465500207681185,94.53687999999991,Corals,Market,-81.36714721908567,39335.17530785058
2065,vnm,5.545433838235214,92.5310300000001,Corals,Market,-90.80614471756462,41750.33323018977
2070,vnm,5.741401741766758,90.66590394338381,Corals,Market,-105.06333975045762,44186.30769879641
2075,vnm,5.933616291788995,88.93455864108128,Corals,Market,-113.65885173342544,46629.79437674667
2080,vnm,6.121229840091208,87.33062399903824,Corals,Market,-126.64160133872159,49066.65078475042
2085,vnm,6.303390456333371,85.84826382680954,Corals,Market,-135.46943315268206,51482.01709086726
2090,vnm,6.479248114833471,84.48214030974677,Corals,Market,-147.29502598046255,53860.45428935315
2095,vnm,6.6479610822745965,83.22738184090156,Corals,Market,-157.67552191957117,56186.09825403844
2100,vnm,6.808702442148115,82.0795539401647,Corals,Market,-168.2543564639199,58442.827741061024
2030,yem,0.5937670836535153,60.928096,Corals,Market,-0.7488395114977449,9193.28567779296
2035,yem,0.7392475494688953,62.438104,Corals,Market,-2.1878280202639457,11118.16071755204
2040,yem,0.9024271948959636,63.49724,Corals,Market,-4.083675375796638,13284.999416940238
2045,yem,1.081364634186225,64.221574,Corals,Market,-6.507023773210157,15667.42902726121
2050,yem,1.2745559319983288,64.718744,Corals,Market,-9.641856641681581,18240.150274412114
2055,yem,1.4813497023245576,64.9957859999999,Corals,Market,-12.831289048375305,21011.43650132678
2060,yem,1.701437281860599,65.020098,Corals,Market,-17.071476639322345,24011.872484961106
2065,yem,1.93465901717319,64.758694,Corals,Market,-20.88641145800583,27285.31134667578
2070,yem,2.186589729596146,64.51135859050774,Corals,Market,-26.380332015854503,30811.224465716485
2075,yem,2.45634062252115,64.27793577310607,Corals,Market,-31.02073503979407,34574.038995457624
2080,yem,2.7425346681783727,64.05827856658496,Corals,Market,-37.408433376266274,38551.04478486436
2085,yem,3.043277434914058,63.85224885250585,Corals,Market,-43.12095171687424,42712.0702873389
2090,yem,3.3561416462378597,63.65971723029451,Corals,Market,-50.301790053716424,47019.378355127024
2095,yem,3.6781679888628136,63.48056288164977,Corals,Market,-57.51578573992584,51427.81600346601
2100,yem,4.005884252448636,63.314673444068724,Corals,Market,-65.26495568638879,55885.24425877946
2030,zaf,2.163837042343466,67.836628,Corals,Market,-0.009099693135527286,26732.78347120928
2035,zaf,2.4565394890028807,67.030147,Corals,Market,-0.02424245506502465,30638.943435828896
2040,zaf,2.7623932536892326,65.99224000000001,Corals,Market,-0.04168253317172606,34909.7352485127
2045,zaf,3.080704809865943,64.739926,Corals,Market,-0.06181443171011497,39587.939488729295
2050,zaf,3.4120478152854896,63.382743,Corals,Market,-0.08606893770722368,44674.27776789279
2055,zaf,3.7547869172505157,61.938108,Corals,Market,-0.10844949964140704,50184.15595711906
2060,zaf,4.104418474301271,60.409942,Corals,Market,-0.13732080473596292,56105.52313241059
2065,zaf,4.457868708331205,58.8106079999999,Corals,Market,-0.16047826998280051,62438.78832930494
2070,zaf,4.822561784998416,57.33146546600568,Corals,Market,-0.19400830281382828,69117.0813583421
2075,zaf,5.1963253381018815,55.965416384371856,Corals,Market,-0.21882119761751637,76101.33854728621
2080,zaf,5.57668276403087,54.705999776083516,Corals,Market,-0.2536430093994318,83342.98128251609
2085,zaf,5.960869676822305,53.54734062099427,Corals,Market,-0.2816345823418512,90784.0160277032
2090,zaf,6.345857975801754,52.48410401254732,Corals,Market,-0.31714879759533987,98357.41505057435
2095,zaf,6.728387559590059,51.51145404038271,Corals,Market,-0.35082946305984014,105987.7939202605
2100,zaf,7.10500549270443,50.625016955348805,Corals,Market,-0.38598962534494985,113592.39159167255
2030,are,NA,11.994423,Corals,Non-market Use,-1.5582344434435242,96429.04637079929
2035,are,NA,11.802186,Corals,Non-market Use,-3.673121300884887,98574.62569907101
2040,are,NA,11.482985,Corals,Non-market Use,-5.639391522679361,100592.07184740566
2045,are,NA,11.086581,Corals,Non-market Use,-7.530943977477406,102718.39925216572
2050,are,NA,10.672363,Corals,Non-market Use,-9.507094471274101,104847.35372298541
2055,are,NA,10.285696,Corals,Non-market Use,-10.930586931765788,106995.86295564147
2060,are,NA,9.951524999999991,Corals,Non-market Use,-12.715114219969195,109243.3638144204
2065,are,NA,9.647250000000009,Corals,Non-market Use,-13.747022558742799,111822.52399218653
2070,are,NA,9.367027004623687,Corals,Non-market Use,-15.432605226954848,114337.15256462716
2075,are,NA,9.109263804747432,Corals,Non-market Use,-16.2240794173277,116780.48940176117
2080,are,NA,8.87251988282984,Corals,Non-market Use,-17.59453446827071,119145.87863458648
2085,are,NA,8.655492965862006,Corals,Non-market Use,-18.346990692104,121426.7991786327
2090,are,NA,8.457007046202392,Corals,Non-market Use,-19.476594575213667,123616.89500683415
2095,are,NA,8.276001715533157,Corals,Non-market Use,-20.387859787021142,125710.00497280284
2100,are,NA,8.11152267595923,Corals,Non-market Use,-21.307810726255298,127700.19198649486
2030,aus,2.539893488378035,33.290315,Corals,Non-market Use,-496.59350462553994,58814.88203595549
2035,aus,2.75220907467629,33.85498,Corals,Non-market Use,-1182.2875356232107,62617.940845988735
2040,aus,2.9613379209999398,34.32925299999999,Corals,Non-market Use,-1832.2810295266536,66391.66263704035
2045,aus,3.1638926693614557,34.697285,Corals,Non-market Use,-2467.3500517899374,70123.87481842496
2050,aus,3.3571881248185558,34.930598,Corals,Non-market Use,-3139.0506140297875,73851.40439979927
2055,aus,3.5403060741582193,35.02683,Corals,Non-market Use,-3635.4690249399064,77602.95117981447
2060,aus,3.7135242961675776,35.013541,Corals,Non-market Use,-4257.284704791789,81364.9523600343
2065,aus,3.876094331336857,34.921482,Corals,Non-market Use,-4628.070805123694,85081.94390119465
2070,aus,4.037296979935233,34.83425589293856,Corals,Non-market Use,-5222.686699416234,88770.40466684739
2075,aus,4.196366670532069,34.751827038144256,Corals,Non-market Use,-5517.753054565474,92411.88968896322
2080,aus,4.352518323081721,34.67416178062263,Corals,Non-market Use,-6011.892035618643,95987.44660203859
2085,aus,4.50495336869886,34.60122842813795,Corals,Non-market Use,-6296.696959929715,99477.7689354704
2090,aus,4.652866180594523,34.53299722964536,Corals,Non-market Use,-6712.10184022419,102863.36041729419
2095,aus,4.795450849712881,34.4694403550529,Corals,Non-market Use,-7053.381160521036,106124.70849261219
2100,aus,4.931908230417701,34.41053187629407,Corals,Non-market Use,-7398.2163820344285,109242.46502984481
2030,bgd,5.431266203943127,198.396591,Corals,Non-market Use,-0.0032753880654955436,19377.9804637818
2035,bgd,6.08302615019111,196.092233,Corals,Non-market Use,-0.007913452583119762,21980.76748357563
2040,bgd,6.733893590787288,193.032804,Corals,Non-market Use,-0.012434442302545062,24743.445400347304
2045,bgd,7.356824065678982,189.393574,Corals,Non-market Use,-0.016951369065239474,27579.80600023973
2050,bgd,7.9402226954069155,185.262633,Corals,Non-market Use,-0.02179965340935186,30461.516001319338
2055,bgd,8.492422097392724,180.753927,Corals,Non-market Use,-0.02549411929052217,33426.47900131908
2060,bgd,9.02377072078885,176.005054,Corals,Non-market Use,-0.030129437976504414,36513.15908297484
2065,bgd,9.541193178411053,171.297294,Corals,Non-market Use,-0.03304048424568365,39707.992565998
2070,bgd,10.060930036426056,166.94454841712957,Corals,Non-market Use,-0.03759512728594097,43006.13739144765
2075,bgd,10.58013383446557,162.92567870597568,Corals,Non-market Use,-0.04003086056898425,46387.881163981736
2080,bgd,11.095798423803018,159.22145130232897,Corals,Non-market Use,-0.04393833788983825,49830.79478300435
2085,bgd,11.604784342649396,155.81438377762913,Corals,Non-market Use,-0.046339413197165946,53309.89670475275
2090,bgd,12.103847557507795,152.68860681823722,Corals,Non-market Use,-0.049717336730405126,56797.885163595696
2095,bgd,12.589671269187816,149.82974049872666,Corals,Non-market Use,-0.052561208568866424,60265.4377186935
2100,bgd,13.058900403294526,147.22478349314724,Corals,Non-market Use,-0.055439788913542565,63681.57542492825
2030,bhr,0.1743548659803165,2.302458,Corals,Non-market Use,-0.5659481793093022,54452.93165277931
2035,bhr,0.18464944107622103,2.306893,Corals,Non-market Use,-1.344897373448518,57595.72828508418
2040,bhr,0.19355693952023992,2.290422,Corals,Non-market Use,-2.0818509720007796,60849.02034895949
2045,bhr,0.2013125238598326,2.257669,Corals,Non-market Use,-2.802247277363975,64248.24999214608
2050,bhr,0.20839990242432657,2.215613,Corals,Non-market Use,-3.5657827619716613,67817.94403719515
2055,bhr,0.2154213207620941,2.170595,Corals,Non-market Use,-4.132842746411512,71604.60268651733
2060,bhr,0.22257465955331468,2.124603,Corals,Non-market Use,-4.846368968861789,75634.30620431488
2065,bhr,0.22945555392979544,2.07402,Corals,Non-market Use,-5.279491575846457,79927.49236148191
2070,bhr,0.23619449025868208,2.02711022627898,Corals,Non-market Use,-5.969581033016119,84234.96735238584
2075,bhr,0.2427662464897577,1.9836745420978494,Corals,Non-market Use,-6.318586031398269,88533.4045409614
2080,bhr,0.24914559608903228,1.9435309585867202,Corals,Non-market Use,-6.896474311332916,92798.3188525213
2085,bhr,0.25530746387575876,1.9065133599188495,Corals,Non-market Use,-7.234993367235148,97004.28029211539
2090,bhr,0.2612270855073785,1.8724703533131064,Corals,Non-market Use,-7.724047022684907,101125.15138422877
2095,bhr,0.266880169246029,1.8412642326792064,Corals,Non-market Use,-8.12824766973273,105134.34574175545
2100,bhr,0.27224305857331826,1.8127700459332363,Corals,Non-market Use,-8.536749249195907,109005.10442740805
2030,bhs,0.020906657093800823,0.445260999999999,Corals,Non-market Use,-5.553141890762504,39164.98519831732
2035,bhs,0.02234354837628066,0.442368,Corals,Non-market Use,-13.250400045728668,42031.190573617576
2040,bhs,0.0238225682479904,0.438442999999999,Corals,Non-market Use,-20.60090514063603,45107.783690214404
2045,bhs,0.025328320624502392,0.433284,Corals,Non-market Use,-27.855509670511367,48415.024616195544
2050,bhs,0.026849852072616864,0.426799,Corals,Non-market Use,-35.611147449719795,51979.588241288606
2055,bhs,0.028361962036230825,0.419049,Corals,Non-market Use,-41.461904473764605,55789.343626982096
2060,bhs,0.029862505787165296,0.4103,Corals,Non-market Use,-48.831172992728625,59850.461997013634
2065,bhs,0.031356845145867736,0.400918,Corals,Non-market Use,-53.41167160310391,64162.32448077558
2070,bhs,0.0328475063713577,0.39220890411357545,Corals,Non-market Use,-60.62652195701236,68540.33955733053
2075,bhs,0.03432684604098251,0.38413741119484723,Corals,Non-market Use,-64.40577875955427,72956.51795953912
2080,bhs,0.03578692323092229,0.37667121423395145,Corals,Non-market Use,-70.53905445456775,77380.53328951352
2085,bhs,0.03721956410284305,0.3697807841448597,Corals,Non-market Use,-74.24201065612266,81780.01575707347
2090,bhs,0.03861643263630678,0.36343917437728646,Corals,Non-market Use,-79.50182957687207,86120.90314315366
2095,bhs,0.03996910675262763,0.35762184453618145,Corals,Non-market Use,-83.8998857016926,90367.8448819922
2100,bhs,0.04126915894368975,0.3523065013859621,Corals,Non-market Use,-88.34883848556137,94484.65351995622
2030,blz,0.017138658141188146,0.591210999999999,Corals,Non-market Use,-0.4920545898813664,25170.84007601416
2035,blz,0.02025287439479687,0.599851999999999,Corals,Non-market Use,-1.1969013515787452,29225.16403332586
2040,blz,0.023663988067132453,0.605154,Corals,Non-market Use,-1.8943663018343315,33742.9636927717
2045,blz,0.027305697098040805,0.607607,Corals,Non-market Use,-2.602496212243416,38657.54421786719
2050,blz,0.03113980471033504,0.607429999999999,Corals,Non-market Use,-3.37399012397713,43960.40847613287
2055,blz,0.03513754542983736,0.604987000000001,Corals,Non-market Use,-3.9772797689210293,49647.967810435126
2060,blz,0.03928703581475631,0.600637,Corals,Non-market Use,-4.73617486883461,55736.92403833945
2065,blz,0.043569790511193994,0.594581,Corals,Non-market Use,-5.2321362646608875,62245.167725053914
2070,blz,0.04808193516684422,0.5888858073808309,Corals,Non-market Use,-5.995272825676345,69135.81124038399
2075,blz,0.05279928826923946,0.5835420420041584,Corals,Non-market Use,-6.426358626392322,76370.34504907388
2080,blz,0.057691676708504495,0.5785409498046759,Corals,Non-market Use,-7.098282385025968,83899.63945462562
2085,blz,0.06272294046754655,0.5738743788248434,Corals,Non-market Use,-7.530882304484514,91663.9072150623
2090,blz,0.06785110098457522,0.5695347570089673,Corals,Non-market Use,-8.125199327879656,99592.98127734939
2095,blz,0.07302870552412943,0.565515071671713,Corals,Non-market Use,-8.63508455007883,107606.93336411775
2100,blz,0.07820335452212006,0.5618088505629093,Corals,Non-market Use,-9.152531732085023,115617.04776277348
2030,bra,8.683643794732223,219.98681,Corals,Non-market Use,-1.0264352641824672,32711.538726502422
2035,bra,9.736283529240387,215.662394,Corals,Non-market Use,-2.485539916457384,37328.75592121326
2040,bra,10.81008624586627,210.670582,Corals,Non-market Use,-3.915710050807533,42332.79313392043
2045,bra,11.876980385685131,205.115032,Corals,Non-market Use,-5.355412962234638,47663.39358409413
2050,bra,12.937228299714956,199.309975,Corals,Non-market Use,-6.913470501512123,53310.305653847274
2055,bra,13.989430782526474,193.427095,Corals,Non-market Use,-8.116746221071097,59265.51321241279
2060,bra,15.033500383780359,187.625721,Corals,Non-market Use,-9.627223229233891,65509.63643229593
2065,bra,16.069087302119286,182.011177,Corals,Non-market Use,-10.592935584881715,72018.90480925808
2070,bra,17.120664736925555,176.83697024148006,Corals,Non-market Use,-12.091673955626277,78797.89089469322
2075,bra,18.18209037859181,172.074440613558,Corals,Non-market Use,-12.913975997031741,85803.67949796314
2080,bra,19.246697043302742,167.6976334998618,Corals,Non-market Use,-14.214916203524865,92985.8611103535
2085,bra,20.307348371094957,163.68306348478015,Corals,Non-market Use,-15.031852452570348,100286.8579149938
2090,bra,21.35650644052634,160.00950360280336,Corals,Non-market Use,-16.168026027342606,107642.46049560749
2095,bra,22.386310723537115,156.65779747463733,Corals,Non-market Use,-17.132776117536267,114982.57781246149
2100,bra,23.388667490968032,153.61069199296466,Corals,Non-market Use,-18.110211099292798,122232.19572083319
2030,brb,0.0107337268311372,0.274003999999999,Corals,Non-market Use,-0.13998646714870944,34151.93748244334
2035,brb,0.011900591666986203,0.27208,Corals,Non-market Use,-0.33700069934598886,38011.29378758829
2040,brb,0.013127088318563742,0.270097,Corals,Non-market Use,-0.5279998364660354,42102.11992443791
2045,brb,0.01440287057178443,0.267976,Corals,Non-market Use,-0.7186116706544343,46410.75588963448
2050,brb,0.015723329658555676,0.265513,Corals,Non-market Use,-0.9238300725999533,50971.79397255268
2055,brb,0.017085737940618618,0.262778,Corals,Non-market Use,-1.080802444240165,55784.96189491746
2060,brb,0.018486991553747615,0.25977,Corals,Non-market Use,-1.2782316360224186,60862.0176079344
2065,brb,0.019915615605957063,0.256305,Corals,Non-market Use,-1.403393497190427,66236.57975565802
2070,brb,0.021377688600212733,0.25305715774050125,Corals,Non-market Use,-1.598670567716022,71777.92991083991
2075,brb,0.022864496879618525,0.25001924440788487,Corals,Non-market Use,-1.7041034379671132,77449.74231800878
2080,brb,0.024366366698490106,0.24718454763923445,Corals,Non-market Use,-1.8723925477416685,83210.77039519764
2085,brb,0.025872739541435957,0.2445468467266735,Corals,Non-market Use,-1.9766697554672614,89015.18201440925
2090,brb,0.02737227035603542,0.24210038979195841,Corals,Non-market Use,-2.12275178188354,94813.02805939192
2095,brb,0.028852948192467892,0.23983987281370692,Corals,Non-market Use,-2.2461633905355853,100550.84258939647
2100,brb,0.030302238098253678,0.23776042039986134,Corals,Non-market Use,-2.3711471133254705,106172.36858932246
2030,chn,60.882906835826795,1146.749636,Corals,Non-market Use,-1.351240953411292,30524.87998773806
2035,chn,63.27248731758661,1091.65903,Corals,Non-market Use,-3.235454173105765,33529.5100896665
2040,chn,65.05110143821298,1038.70914,Corals,Non-market Use,-5.035535216733777,36451.53219971716
2045,chn,66.35896166699999,986.647114,Corals,Non-market Use,-6.805923453521217,39385.14530505794
2050,chn,67.32197501184746,935.604942999999,Corals,Non-market Use,-8.688849257850364,42391.88683171695
2055,chn,68.10119633613381,887.408687000001,Corals,Non-market Use,-10.095763708013436,45483.869315166194
2060,chn,68.73471037814025,842.783736000001,Corals,Non-market Use,-11.857395282863237,48627.13275308133
2065,chn,69.093767985319,800.2158090000011,Corals,Non-market Use,-12.924572834234723,51787.79658211562
2070,chn,69.43665458110044,761.8188272449213,Corals,Non-market Use,-14.621734803028431,54991.371472581865
2075,chn,69.76310657335446,727.1881833962738,Corals,Non-market Use,-15.484117213395848,58221.477221564135
2080,chn,70.07287187070006,695.9682412494976,Corals,Non-market Use,-16.907779030391083,61460.57616277974
2085,chn,70.36571020595885,667.8462697188777,Corals,Non-market Use,-17.744865626997452,64690.11725904805
2090,chn,70.64139344585674,642.5472249797639,Corals,Non-market Use,-18.95124327465186,67890.70233593373
2095,chn,70.89970588641593,619.829258864559,Corals,Non-market Use,-19.949492843824885,71042.27260301814
2100,chn,71.14044453350388,599.4798506048857,Corals,Non-market Use,-20.958216735232654,74124.3131120858
2030,col,2.1991026775271743,57.018611,Corals,Non-market Use,-1.2635143983766852,30995.67370170845
2035,col,2.4462658401896302,56.394002,Corals,Non-market Use,-3.047133245564183,34804.084063777766
2040,col,2.690811240437508,55.57219600000001,Corals,Non-market Use,-4.779379183439573,38785.665115142016
2045,col,2.9246453533371297,54.532819,Corals,Non-market Use,-6.507233497015122,42888.98325073831
2050,col,3.146550422322223,53.348143,Corals,Non-market Use,-8.361836994483042,47090.100610378286
2055,col,3.3575702387353052,52.08693,Corals,Non-market Use,-9.771887023267084,51379.88554954595
2060,col,3.559229069298789,50.81842,Corals,Non-market Use,-11.536754213194897,55733.06641865997
2065,col,3.753697337280461,49.607447,Corals,Non-market Use,-12.634833350350476,60113.319582413504
2070,col,3.948536235036359,48.48443658428588,Corals,Non-market Use,-14.358695992335086,64590.86411087553
2075,col,4.142701457045377,47.444616588673966,Corals,Non-market Use,-15.271031418504137,69137.20220641028
2080,col,4.3350971605015065,46.48362592364344,Corals,Non-market Use,-16.743128221309078,73720.88244836856
2085,col,4.524585124309597,45.59748399423072,Corals,Non-market Use,-17.63975020036436,78307.78610084811
2090,col,4.70999498737163,44.78256311537008,Corals,Non-market Use,-18.90723066139374,82861.48730144299
2095,col,4.8901354573144324,44.03556365410276,Corals,Non-market Use,-19.97067182082536,87343.68373885988
2100,col,5.063806356304529,43.3534916592201,Corals,Non-market Use,-21.04675397959059,91714.69222621302
2030,com,0.019111317642575572,1.419503,Corals,Non-market Use,-0.10892788994755875,11562.26487893679
2035,com,0.02329424111578424,1.452683,Corals,Non-market Use,-0.26645748938054403,13731.084327682092
2040,com,0.027779174041673647,1.477546,Corals,Non-market Use,-0.42302046145243466,16052.411684095821
2045,com,0.03250147130401697,1.493277,Corals,Non-market Use,-0.5822023532491389,18529.16160725333
2050,com,0.037412150700210665,1.502721,Corals,Non-market Use,-0.755298030027383,21132.694650847476
2055,com,0.04249989221540884,1.507148999999999,Corals,Non-market Use,-0.8902955519289701,23865.794249741823
2060,com,0.04772297554332414,1.506713,Corals,Non-market Use,-1.0594909432173552,26727.673976443253
2065,com,0.05309200874818321,1.501228,Corals,Non-market Use,-1.1694922366982734,29755.197448043666
2070,com,0.05876642692736279,1.4960362190828647,Corals,Non-market Use,-1.3390497901873868,32951.85405949702
2075,com,0.06471674759619342,1.4911346998184112,Corals,Non-market Use,-1.4343085353005325,36299.5296177001
2080,com,0.07090551534126324,1.4865206540417912,Corals,Non-market Use,-1.5832182706862579,39775.43353478672
2085,com,0.07728724761073218,1.4821914602073083,Corals,Non-market Use,-1.678660972999035,43352.10327046731
2090,com,0.08380860017744517,1.4781446609035076,Corals,Non-market Use,-1.810089955905715,46997.545126632416
2095,com,0.0904087714043603,1.4743779605262366,Corals,Non-market Use,-1.9226524659649087,50675.52175759012
2100,com,0.0970201571907706,1.4708892231065913,Corals,Non-market Use,-2.036864917532071,54345.99194756496
2030,cri,0.22935917494147057,5.714681,Corals,Non-market Use,-0.17509813324502765,33287.80558495974
2035,cri,0.2477531813571447,5.659395000000001,Corals,Non-market Use,-0.4191743373464192,36227.00348882983
2040,cri,0.26444808157885424,5.579778,Corals,Non-market Use,-0.6526848310861748,39131.510495726456
2045,cri,0.2789683483411859,5.476208000000009,Corals,Non-market Use,-0.8823335772700194,41965.83053221795
2050,cri,0.29150864192822673,5.351755,Corals,Non-market Use,-1.1262904319281297,44770.45681775918
2055,cri,0.3023171542021886,5.21436,Corals,Non-market Use,-1.308057300854264,47545.710941876154
2060,cri,0.31167058085259597,5.071476,Corals,Non-market Use,-1.5353747397687982,50283.09562261774
2065,cri,0.3196599950837899,4.92783100000001,Corals,Non-market Use,-1.6723988358271402,52954.36945696334
2070,cri,0.3274445004469059,4.795233434755651,Corals,Non-market Use,-1.890787790142852,55616.511463766685
2075,cri,0.33499888934744376,4.672994824918617,Corals,Non-market Use,-2.001112442693346,58254.31043839174
2080,cri,0.34229819284174623,4.560490202914771,Corals,Non-market Use,-2.183901067550627,60852.018797626675
2085,cri,0.3493178147662043,4.457152773701241,Corals,Non-market Use,-2.2908673659800662,63393.50139880973
2090,cri,0.3560336669157753,4.362469138673943,Corals,Non-market Use,-2.4454823628343245,65862.39647917866
2095,cri,0.3624223042591582,4.275975026191238,Corals,Non-market Use,-2.5732165915768217,68242.28658846051
2100,cri,0.3684610591516766,4.197251478803027,Corals,Non-market Use,-2.7023016301301315,70516.87710486464
2030,dji,0.02531570213182291,1.476122999999999,Corals,Non-market Use,-0.2244740176536819,12780.75763976315
2035,dji,0.028659421400017,1.47797,Corals,Non-market Use,-0.5420451100668693,14449.322786390547
2040,dji,0.0320790667500653,1.474683999999999,Corals,Non-market Use,-0.8512158648182844,16207.833628088636
2045,dji,0.035533554891101486,1.465015,Corals,Non-market Use,-1.1608043388755647,18069.881929464027
2050,dji,0.038998220990272725,1.449606999999999,Corals,Non-market Use,-1.4946876457907514,20040.555601037388
2055,dji,0.042518234380032424,1.428774,Corals,Non-market Use,-1.7517723829057807,22165.800943154132
2060,dji,0.04610146997689381,1.403997,Corals,Non-market Use,-2.075761776881885,24455.51660916826
2065,dji,0.04972430303131712,1.376307,Corals,Non-market Use,-2.2832024716165513,26905.31812576714
2070,dji,0.053436455947141526,1.3505203040252223,Corals,Non-market Use,-2.605424173327597,29463.05443423887
2075,dji,0.05721577628361261,1.3265485174070084,Corals,Non-market Use,-2.781811282290734,32113.702840701044
2080,dji,0.06103757903328317,1.3043103579380424,Corals,Non-market Use,-3.0612508071536375,34839.3921740527
2085,dji,0.06487483557186356,1.2837311949846717,Corals,Non-market Use,-3.2364190682150316,37619.486976791944
2090,dji,0.068698423499122,1.2647426304850011,Corals,Non-market Use,-3.480303230629046,40430.74861719144
2095,dji,0.07247743626584925,1.2472821185275749,Corals,Non-market Use,-3.6872734434705983,43247.57570297637
2100,dji,0.07617954975069037,1.2312926205369676,Corals,Non-market Use,-3.8969766814806484,46042.32363301129
2030,dom,0.6809607530963461,13.605327,Corals,Non-market Use,-0.321154950339384,39168.644074088086
2035,dom,0.7479386301139422,13.592163,Corals,Non-market Use,-0.7702764134589231,43015.02667173566
2040,dom,0.8153821573044928,13.539076,Corals,Non-market Use,-1.2024697690161226,47025.325781606494
2045,dom,0.882151926967396,13.448394,Corals,Non-market Use,-1.6306462925198097,51162.16210604921
2050,dom,0.9480605627488098,13.33164,Corals,Non-market Use,-2.0882732137314797,55404.39053894581
2055,dom,1.0137698619835827,13.1934,Corals,Non-market Use,-2.433841248939217,59798.396167443
2060,dom,1.0797662058455184,13.039716,Corals,Non-market Use,-2.8678582840378475,64369.94786806661
2065,dom,1.1465838162796156,12.870055,Corals,Non-market Use,-3.1377392152728056,69176.89907559521
2070,dom,1.2139885848618184,12.710974151821462,Corals,Non-market Use,-3.56254959490105,74077.28141296539
2075,dom,1.281599734670028,12.562128814467876,Corals,Non-market Use,-3.7856265086402487,79040.82625316267
2080,dom,1.3490110100359611,12.42319880738239,Corals,Non-market Use,-4.147189984443262,84034.35178225745
2085,dom,1.415794127827137,12.293887259010674,Corals,Non-market Use,-4.365979871778908,89022.05564155383
2090,dom,1.4815027830729903,12.173919546164148,Corals,Non-market Use,-4.676412422703365,93965.87790872049
2095,dom,1.5456771688764623,12.063042318862172,Corals,Non-market Use,-4.9362407830722645,98825.93114700189
2100,dom,1.607848956934873,11.961022605790253,Corals,Non-market Use,-5.199125931987471,103560.9922515327
2030,ecu,0.5029045386766711,22.148377,Corals,Non-market Use,-0.15260632408578445,16734.712432516106
2035,ecu,0.5704417424566508,22.127966,Corals,Non-market Use,-0.3688753531714788,19002.181120772424
2040,ecu,0.6411964504159533,22.007437,Corals,Non-market Use,-0.5803227129966402,21479.013453889704
2045,ecu,0.7135974906578656,21.799422,Corals,Non-market Use,-0.7928496086074723,24135.70851230113
2050,ecu,0.7870971518596169,21.515577,Corals,Non-market Use,-1.0227521564886963,26976.52972318404
2055,ecu,0.8614339718277071,21.174346,Corals,Non-market Use,-1.2002044663826972,30004.17844557357
2060,ecu,0.9365064040833166,20.79176,Corals,Non-market Use,-1.4233367953343823,33223.7196352561
2065,ecu,1.0123144486264453,20.392899,Corals,Non-market Use,-1.5661915200073118,36620.49573865117
2070,ecu,1.0901617538393031,20.021250063900457,Corals,Non-market Use,-1.787890502672461,40174.13108647005
2075,ecu,1.1695832371207153,19.675578209302113,Corals,Non-market Use,-1.9096066199132125,43864.11310787882
2080,ecu,1.2500570545847094,19.354746895352772,Corals,Non-market Use,-2.102135131530165,47665.81610887961
2085,ecu,1.3310084547777865,19.057711773691988,Corals,Non-market Use,-2.2231236164298487,51550.59931831889
2090,ecu,1.411815015032311,18.783515001421392,Corals,Non-market Use,-2.3913587456422327,55486.01641970744
2095,ecu,1.4918132452160024,18.531280072589617,Corals,Non-market Use,-2.534272993978984,59436.140869654126
2100,ecu,1.5703065036632204,18.300207128996984,Corals,Non-market Use,-2.6790933419215115,63362.00760163932
2030,egy,8.708304773816822,183.488565,Corals,Non-market Use,-2.5423064656400243,41111.48566788448
2035,egy,10.221131794229986,188.169675,Corals,Non-market Use,-6.157347975298364,46909.155510689074
2040,egy,11.824761942557195,192.031397,Corals,Non-market Use,-9.694058467159635,53014.423644752234
2045,egy,13.504787342413586,195.18917,Corals,Non-market Use,-13.244421509973677,59383.722427524895
2050,egy,15.253836522160366,197.617954,Corals,Non-market Use,-17.07781252005097,66045.83600783128
2055,egy,17.078024452588792,199.49619,Corals,Non-market Use,-20.0277242983112,73021.2027363778
2060,egy,18.974000464772146,200.615357,Corals,Non-market Use,-23.739105769881604,80424.74696775684
2065,egy,20.92367094650616,200.998176,Corals,Non-market Use,-26.113568202010725,88244.07097285887
2070,egy,22.966179088380404,201.36254802911262,Corals,Non-market Use,-29.80185978056585,96380.76646934982
2075,egy,25.090076648990742,201.7083683560508,Corals,Non-market Use,-31.82312868612607,104783.93082685566
2080,egy,27.28148455108985,202.03553735979685,Corals,Non-market Use,-35.02438424387361,113393.67720091663
2085,egy,29.52412832991326,202.34396057737354,Corals,Non-market Use,-37.033758707373806,122141.46209957924
2090,egy,31.799438758411117,202.6335487492462,Corals,Non-market Use,-39.830484306317004,130950.66265336706
2095,egy,34.08672124470934,202.90421786232432,Corals,Non-market Use,-42.20581398009608,139737.4105952317
2100,egy,36.36339549322331,203.1558891905347,Corals,Non-market Use,-44.613377251726746,148411.68160378007
2030,fra,3.6385550152081905,69.99743599999991,Corals,Non-market Use,-59.74499560524782,40139.04227580565
2035,fra,3.8404532458844267,70.469078,Corals,Non-market Use,-141.70853911346694,42047.4265421127
2040,fra,4.044468009811731,70.9756440000001,Corals,Non-market Use,-218.8702396506651,43928.120219539785
2045,fra,4.253221171709417,71.488333,Corals,Non-market Use,-293.89111162407426,45825.591062121595
2050,fra,4.467357212290615,71.950782,Corals,Non-market Use,-373.0448164583968,47783.158609502956
2055,fra,4.685821526752023,72.3526550000001,Corals,Non-market Use,-431.22639765498207,49799.51004897731
2060,fra,4.90428584121343,72.6900599999999,Corals,Non-market Use,-504.14547573287473,51835.6255895342
2065,fra,5.114035018758679,72.904084,Corals,Non-market Use,-547.2322302644852,53848.41513719308
2070,fra,5.321818871527341,73.10800545075023,Corals,Non-market Use,-616.6624565323018,55832.801360078745
2075,fra,5.526664684096112,73.30173456560772,Corals,Non-market Use,-650.6252901323842,57779.795217030136
2080,fra,5.727576987773153,73.48518579501756,Corals,Non-market Use,-707.9917571495653,59680.277208823434
2085,fra,5.923545102423709,73.65827788936552,Corals,Non-market Use,-740.6470347128134,61525.06465837806
2090,fra,6.11355116349143,73.82093395885082,Corals,Non-market Use,-788.6268084322301,63304.98228191649
2095,fra,6.296578551975396,73.97308153031699,Corals,Non-market Use,-827.8617338675831,65010.9353409309
2100,fra,6.4716206355735295,74.11465260098254,Corals,Non-market Use,-867.4966581794979,66633.98460059243
2030,gbr,4.918608630123687,75.238571,Corals,Non-market Use,-5.936005916599356,55589.25658415759
2035,gbr,5.311523605951815,75.941693,Corals,Non-market Use,-14.145916747868398,59312.48577400976
2040,gbr,5.693367969914301,76.6425889999999,Corals,Non-market Use,-21.927646561904396,62823.37932806129
2045,gbr,6.057444307650436,77.224094,Corals,Non-market Use,-29.520449650504077,66156.19136954025
2050,gbr,6.4011149388469315,77.585617,Corals,Non-market Use,-37.53887844678502,69393.16778324758
2055,gbr,6.723982300094242,77.72841199999999,Corals,Non-market Use,-43.44543736541874,72559.4886745647
2060,gbr,7.024616692208066,77.729072,Corals,Non-market Use,-50.8247485725538,75594.19391414784
2065,gbr,7.29683294598999,77.64390300000001,Corals,Non-market Use,-55.17071427275198,78392.56358264125
2070,gbr,7.565459802836363,77.56308110499685,Corals,Non-market Use,-62.172799265724734,81137.81234759963
2075,gbr,7.829317190977586,77.48659269601175,Corals,Non-market Use,-65.59916376577269,83817.0145258243
2080,gbr,8.087207032582473,77.41442488122905,Corals,Non-market Use,-71.3852631438765,86417.16367535813
2085,gbr,8.337921831516386,77.3465654923743,Corals,Non-market Use,-74.67982279207564,88925.27350992811
2090,gbr,8.580253685134057,77.28300308129451,Corals,Non-market Use,-79.51953931571893,91328.48232112346
2095,gbr,8.81300363177237,77.22372691673922,Corals,Non-market Use,-83.47746149805681,93614.15978610305
2100,gbr,9.034991237632005,77.16872698134117,Corals,Non-market Use,-87.47565337419974,95770.01496416115
2030,hnd,0.24345384846465332,14.606827,Corals,Non-market Use,-0.38026422530910864,13390.658731043039
2035,hnd,0.29404346778782375,14.714894,Corals,Non-market Use,-0.9317601887648621,16028.224834507546
2040,hnd,0.3504108437769002,14.74258,Corals,Non-market Use,-1.4846108383728058,19033.72338232127
2045,hnd,0.4111048287970214,14.698715,Corals,Non-market Use,-2.0516121740818782,22360.444487579363
2050,hnd,0.4752858050682112,14.59986,Corals,Non-market Use,-2.673083765911514,25983.623797574586
2055,hnd,0.5426042260798828,14.454841,Corals,Non-market Use,-3.1647416554741525,29912.216064136057
2060,hnd,0.6127790423144325,14.275117,Corals,Non-market Use,-3.782724449469356,34149.70478355844
2065,hnd,0.6857071552051015,14.071302,Corals,Non-market Use,-4.192317465252433,38703.4724865052
2070,hnd,0.7632342230435663,13.880442247587917,Corals,Non-market Use,-4.8184891884262555,43599.518033244734
2075,hnd,0.8449849112409343,13.702080269677477,Corals,Non-market Use,-5.17991399325448,48816.88168169256
2080,hnd,0.9304638165742042,13.53579189063024,Corals,Non-market Use,-5.737140658545176,54325.364063276254
2085,hnd,1.0190529693618249,13.38118454560105,Corals,Non-market Use,-6.102416557734145,60085.13792043285
2090,hnd,1.1100126850904715,13.237895730796852,Corals,Non-market Use,-6.599834671156682,66046.63361657332
2095,hnd,1.2024861337120551,13.105591582056029,Corals,Non-market Use,-7.029721139264893,72150.73819906366
2100,hnd,1.2955078837958018,12.98396557391943,Corals,Non-market Use,-7.4664608655521505,78329.3381233588
2030,hti,0.17864609318157984,15.393235,Corals,Non-market Use,-0.05824504643774997,9727.885037965398
2035,hti,0.22543756035703105,15.388419,Corals,Non-market Use,-0.1446410519205461,12249.604463047994
2040,hti,0.2806911188934612,15.332519,Corals,Non-market Use,-0.23341681602225872,15269.939668463036
2045,hti,0.3446462454519842,15.230642,Corals,Non-market Use,-0.3266529119087611,18828.132241822186
2050,hti,0.417609714879502,15.084507,Corals,Non-market Use,-0.4310263245800172,22978.330087587092
2055,hti,0.5000106623607121,14.898046,Corals,Non-market Use,-0.5167918613300078,27787.74995984604
2060,hti,0.5918324818497708,14.677027,Corals,Non-market Use,-0.6254032048471485,33303.19478851148
2065,hti,0.692714210350181,14.434373,Corals,Non-market Use,-0.7013251087698915,39536.70287570067
2070,hti,0.8048880071390647,14.207662888432793,Corals,Non-market Use,-0.8151425702173132,46555.765671919864
2075,hti,0.9283666033798258,13.996258248550562,Corals,Non-market Use,-0.8856252805940086,54372.824957828074
2080,hti,1.062875853763564,13.799569175096707,Corals,Non-market Use,-0.9907742568418225,62979.94823656161
2085,hti,1.2078151825058958,13.61705152169925,Corals,Non-market Use,-1.0638477801149193,72345.3967796112
2090,hti,1.3622251976584132,13.448204382904736,Corals,Non-market Use,-1.1607948316939485,82410.69349717973
2095,hti,1.5247653517269322,13.292567794484576,Corals,Non-market Use,-1.2466693724160711,93088.44734103602
2100,hti,1.693704417800728,13.149720637179364,Corals,Non-market Use,-1.3343337091801581,104261.18723540947
2030,idn,11.325349788983965,308.65983,Corals,Non-market Use,-20.416777050988003,25447.54225154237
2035,idn,12.270365992471831,305.830237,Corals,Non-market Use,-48.90542830058371,27867.16800641165
2040,idn,13.191854821599005,302.177569,Corals,Non-market Use,-76.24024831001861,30366.85687892077
2045,idn,14.069183142501538,297.658723,Corals,Non-market Use,-103.24195437894082,32926.53194083571
2050,idn,14.898056275732653,292.39994,Corals,Non-market Use,-132.03823306506592,35545.663986176005
2055,idn,15.66960477460874,286.517043,Corals,Non-market Use,-153.6486834543257,38210.2186787723
2060,idn,16.377479982556277,280.119902,Corals,Non-market Use,-180.70806877929658,40908.33075005122
2065,idn,17.018227483498507,273.354291,Corals,Non-market Use,-197.2372323576585,43624.73984851992
2070,idn,17.650752597559134,267.0821969944035,Corals,Non-market Use,-223.42617887483175,46376.45556267505
2075,idn,18.272258962751664,261.2765515786752,Corals,Non-market Use,-236.89792271052443,49147.90273474576
2080,idn,18.879905477203767,255.91263000807453,Corals,Non-market Use,-258.98666790299626,51922.34202518867
2085,idn,19.470826779647304,250.9678751591411,Corals,Non-market Use,-272.1167075850276,54682.015084796556
2090,idn,20.042154768459962,246.42173883135712,Corals,Non-market Use,-290.9287698530309,57408.314855449535
2095,idn,20.591040947319364,242.25553882028615,Corals,Non-market Use,-306.5641338732039,60081.979176753215
2100,idn,21.114679365919184,238.4523303646986,Corals,Non-market Use,-322.37222264965817,62683.305246304844
2030,ind,46.903417143230975,1612.14253,Corals,Non-market Use,-0.9127021164860167,20338.699540013386
2035,ind,52.4386431461675,1594.675807,Corals,Non-market Use,-2.203739562312151,23017.83885738315
2040,ind,57.943021336136574,1570.023735,Corals,Non-market Use,-3.4610814552855445,25866.821603251035
2045,ind,63.251393068489655,1539.493031,Corals,Non-market Use,-4.718109042865102,28833.83655426519
2050,ind,68.32080799596818,1504.980714,Corals,Non-market Use,-6.0695839200994826,31900.193216974287
2055,ind,73.14362241270418,1468.261304,Corals,Non-market Use,-7.099979653806763,35051.35661063287
2060,ind,77.7274800245657,1430.166586,Corals,Non-market Use,-8.390413676099335,38289.47604100333
2065,ind,82.11360224534106,1391.607973,Corals,Non-market Use,-9.199680208070994,41624.4666324301
2070,ind,86.5155496718658,1355.9648877023194,Corals,Non-market Use,-10.466346564500725,45066.57119048091
2075,ind,90.9093753467055,1323.0626277331075,Corals,Non-market Use,-11.142918373154359,48595.34254178832
2080,ind,95.26984974372859,1292.7422851335948,Corals,Non-market Use,-12.229012004632146,52187.53379060519
2085,ind,99.57067313127523,1264.859463666976,Corals,Non-market Use,-12.895710094937286,55817.26801435375
2090,ind,103.78471501666077,1239.2831285202449,Corals,Non-market Use,-13.834161405067157,59456.27750035854
2095,ind,107.88427814667966,1215.8945755275595,Corals,Non-market Use,-14.62392154544559,63074.21184905147
2100,ind,111.84138391128495,1194.5865085166383,Corals,Non-market Use,-15.42328475725666,66639.01216883698
2030,irn,3.2762433094383496,103.294673,Corals,Non-market Use,-0.1483544862315771,19346.385362943787
2035,irn,3.4950536384144386,102.219966,Corals,Non-market Use,-0.35416649890806084,20951.311373483364
2040,irn,3.6996004530926463,100.633024,Corals,Non-market Use,-0.550573478718615,22630.273062361535
2045,irn,3.8937904670276526,98.684343,Corals,Non-market Use,-0.7440362489803061,24399.06616386523
2050,irn,4.086147418884218,96.60197900000001,Corals,Non-market Use,-0.9503303244850407,26274.9168321933
2055,irn,4.286615670437891,94.618495,Corals,Non-market Use,-1.1053056628889664,28268.806257857366
2060,irn,4.499732050332817,92.80778900000011,Corals,Non-market Use,-1.3002910633656768,30389.113667571866
2065,irn,4.720936816648872,91.05531500000001,Corals,Non-market Use,-1.4206278868686208,32642.00703763372
2070,irn,4.941411953380693,89.42190179052947,Corals,Non-market Use,-1.6107717268463695,34945.45309711926
2075,irn,5.160037746599709,87.90221681962021,Corals,Non-market Use,-1.709423356357652,37287.011912804905
2080,irn,5.3756530746855375,86.49135035569721,Corals,Non-market Use,-1.8703978872156544,39652.96261931026
2085,irn,5.587064788784208,85.18478896160336,Corals,Non-market Use,-1.966797406382753,42028.40510015285
2090,irn,5.793057948016478,83.97839134029994,Corals,Non-market Use,-2.1043518762428874,44397.38917998802
2095,irn,5.992406800507839,82.86836637062852,Corals,Non-market Use,-2.2190117002782177,46743.07049710534
2100,irn,6.183886383124621,81.85125316942344,Corals,Non-market Use,-2.3349712882683544,49047.8915213389
2030,isr,1.026437382258557,14.90709,Corals,Non-market Use,-0.011807831539679015,51890.90917437356
2035,isr,1.1321275496545367,15.537051,Corals,Non-market Use,-0.02806729922561868,54894.971671501226
2040,isr,1.2402761830039453,16.158644,Corals,Non-market Use,-0.043424322169613006,57806.05671297518
2045,isr,1.3503183920715294,16.773649,Corals,Non-market Use,-0.05836929921177969,60606.95882765163
2050,isr,1.4628588480950262,17.377295,Corals,Non-market Use,-0.074124358143622393,63356.046180277226
2055,isr,1.578685214923592,17.96332,Corals,Non-market Use,-0.08570196122170792,66119.66753591802
2060,isr,1.698075959574605,18.528908,Corals,Non-market Use,-0.10021658730203531,68925.96797024169
2065,isr,1.8206571406247296,19.074909,Corals,Non-market Use,-0.10882445497205195,71762.09178180055
2070,isr,1.945515740889572,19.608894781540045,Corals,Non-market Use,-0.12267888702077812,74570.1109091116
2075,isr,2.071914830596157,20.12893776214387,Corals,Non-market Use,-0.12948415654953604,77337.1048124337
2080,isr,2.199047601487257,20.633115187225158,Corals,Non-market Use,-0.14095245631086972,80049.81964314486
2085,isr,2.3260439708337883,21.119520604116,Corals,Non-market Use,-0.14750589116582857,82694.76310877818
2090,isr,2.451978804098294,21.586275554112294,Corals,Non-market Use,-0.1571149848423199,85258.30644357555
2095,isr,2.5758816950231953,22.031541385599752,Corals,Non-market Use,-0.16498548000196456,87726.79256120007
2100,isr,2.6967481981478754,22.45353108721904,Corals,Non-market Use,-0.17293818784604797,90086.64932787056
2030,jam,0.05788581854636032,2.605489999999999,Corals,Non-market Use,-0.3212824761683031,18025.021098564277
2035,jam,0.06594778277333256,2.536261,Corals,Non-market Use,-0.782457395539975,21057.453921354332
2040,jam,0.07458609660279987,2.461506,Corals,Non-market Use,-1.2403131924273438,24494.113323678128
2045,jam,0.08358059265886192,2.383114999999999,Corals,Non-market Use,-1.706962056518254,28298.855340882994
2050,jam,0.09289905689793318,2.304611,Corals,Non-market Use,-2.2170802472721434,32465.66594570674
2055,jam,0.10255717748308373,2.229835,Corals,Non-market Use,-2.618042694286604,36974.705439083395
2060,jam,0.11262044868732435,2.161781,Corals,Non-market Use,-3.121962946487841,41803.84462207316
2065,jam,0.1231505569770954,2.101298,Corals,Non-market Use,-3.4523690331690275,46941.52532065195
2070,jam,0.1340895052784741,2.045446752076505,Corals,Non-market Use,-3.9596185963821817,52409.66541041441
2075,jam,0.14537324037991994,1.9939414051818571,Corals,Non-market Use,-4.248002378694466,58179.72695796663
2080,jam,0.15692688436070973,1.9465223445516766,Corals,Non-market Use,-4.69589815948137,64214.17177578418
2085,jam,0.1686651227012973,1.9029540049407654,Corals,Non-market Use,-4.9857228960475055,70466.34532021912
2090,jam,0.18049287264005295,1.8630229132572764,Corals,Non-market Use,-5.382766173058705,76880.62981086985
2095,jam,0.19230623923208173,1.826535937747834,Corals,Non-market Use,-5.724014040640231,83392.89138070917
2100,jam,0.20399375784779505,1.7933187235481434,Corals,Non-market Use,-6.070331262030429,89931.23611494058
2030,jor,0.337108105009085,18.198412,Corals,Non-market Use,-0.0030120372759557257,15927.137137787662
2035,jor,0.39081230667037886,18.52753,Corals,Non-market Use,-0.0072858994977076375,18083.47088829808
2040,jor,0.44766023568851837,18.781767,Corals,Non-market Use,-0.011461753005298336,20373.63365725668
2045,jor,0.5072990402266441,18.934908,Corals,Non-market Use,-0.015661067427231223,22833.83446888103
2050,jor,0.5696716860438841,18.994043,Corals,Non-market Use,-0.02021062908644833,25486.07960059074
2055,jor,0.634284636842563,18.96406,Corals,Non-market Use,-0.02373319514892877,28337.57632638279
2060,jor,0.7004831395374737,18.864548,Corals,Non-market Use,-0.028164033650209586,31366.878976366217
2065,jor,0.7677569277869516,18.708034,Corals,Non-market Use,-0.031011729937397037,34563.838855800765
2070,jor,0.8378048966360772,18.56057932619588,Corals,Non-market Use,-0.0354247348242569,37903.58012666296
2075,jor,0.9102207413958784,18.42198647672002,Corals,Non-market Use,-0.03786031508044643,41365.44814998629
2080,jor,0.9845250249204961,18.292070616944066,Corals,Non-market Use,-0.04170278503192315,44924.78875153357
2085,jor,1.0601673629748238,18.17065916767784,Corals,Non-market Use,-0.04412869574092437,48553.06540856119
2090,jor,1.1365305229070548,18.05759142220483,Corals,Non-market Use,-0.04749453453245844,52218.08991450776
2095,jor,1.2129365012883788,17.95271819096184,Corals,Non-market Use,-0.050359514540117944,55884.37051696836
2100,jor,1.288654585967834,17.85590147276053,Corals,Non-market Use,-0.05326384003788065,59513.57760955206
2030,jpn,6.058731276223251,96.43999099999999,Corals,Non-market Use,-8.934111416736414,45736.56607963174
2035,jpn,6.171230301258511,92.954799,Corals,Non-market Use,-21.229512805923946,48351.83160182412
2040,jpn,6.2610099285952066,89.435694,Corals,Non-market Use,-32.85305527529488,51005.898338531086
2045,jpn,6.341642675743228,86.1483079999999,Corals,Non-market Use,-44.186225054972965,53655.68373520269
2050,jpn,6.42040888501341,83.172694,Corals,Non-market Use,-56.149120716676066,56288.07475793442
2055,jpn,6.492418396083278,80.41215700000001,Corals,Non-market Use,-64.94710268141364,58896.97001182733
2060,jpn,6.547215218487841,77.734792,Corals,Non-market Use,-75.9529902746466,61464.30297437435
2065,jpn,6.573245398304557,75.0409,Corals,Non-market Use,-82.44993417894932,63949.499031994426
2070,jpn,6.59807238447929,72.57039134830566,Corals,Non-market Use,-92.91531100050645,66402.80511396335
2075,jpn,6.621681522775838,70.30696319092327,Corals,Non-market Use,-98.03566341709563,68813.26689814594
2080,jpn,6.644058826977501,68.23595410104657,Corals,Non-market Use,-106.68115913733698,71169.80402201499
2085,jpn,6.665190992664151,66.34418557747297,Corals,Non-market Use,-111.60173174319789,73461.29398156884
2090,jpn,6.685065410366416,64.61982188353973,Corals,Non-market Use,-118.82991819313293,75676.65906397827
2095,jpn,6.703670178078783,63.052246133810506,Corals,Non-market Use,-124.73890516632389,77804.95537033888
2100,jpn,6.7209941131143225,61.63195080533986,Corals,Non-market Use,-130.70667599634646,79835.46293002149
2030,khm,0.51955948374494,20.742696,Corals,Non-market Use,-0.026662837751101787,21103.618036550208
2035,khm,0.6186592208512953,20.651101,Corals,Non-market Use,-0.06529144175635038,25176.07880523237
2040,khm,0.7226008614181171,20.447703,Corals,Non-market Use,-0.10381361278585022,29622.649044990805
2045,khm,0.829876897738261,20.158903,Corals,Non-market Use,-0.14310045569469954,34419.45741508497
2050,khm,0.9402540927702446,19.817535,Corals,Non-market Use,-0.1859919468836193,39567.37819436727
2055,khm,1.053126192740736,19.436076,Corals,Non-market Use,-0.21967816285376252,45070.77891235153
2060,khm,1.1672010481864696,19.002906,Corals,Non-market Use,-0.2620121143461256,50959.781966107505
2065,khm,1.2811540027394421,18.518886,Corals,Non-market Use,-0.2898255630732569,57248.506832849285
2070,khm,1.3999781932013518,18.07077897670398,Corals,Non-market Use,-0.3325016994578345,63943.28373164268
2075,khm,1.5229891230712385,17.656528830106726,Corals,Non-market Use,-0.35681354625300776,71008.76073850815
2080,khm,1.6493741567432951,17.274261185268823,Corals,Non-market Use,-0.39453559525634097,78398.3885714844
2085,khm,1.7781958767828674,16.92226921524513,Corals,Non-market Use,-0.41898773554950575,86054.27312362813
2090,khm,1.9083988145596262,16.599000892012242,Corals,Non-market Use,-0.45245864908209343,93907.366488018
2095,khm,2.0388196864442465,16.303047531603774,Corals,Non-market Use,-0.4812477077741444,101878.02810672396
2100,khm,2.1682011608961798,16.033133514607613,Corals,Non-market Use,-0.5104688190310336,109876.97505607666
2030,kwt,0.5528780426300735,5.614737,Corals,Non-market Use,-0.3274534939542235,61932.946992614816
2035,kwt,0.5753722820147806,5.543323,Corals,Non-market Use,-0.7776505465220147,65532.09950272274
2040,kwt,0.5965303432170467,5.469161000000001,Corals,Non-market Use,-1.2024682606766568,69124.88139356939
2045,kwt,0.6180510486691706,5.405680999999999,Corals,Non-market Use,-1.6161117442385091,72734.0071850538
2050,kwt,0.6414284469210391,5.35346,Corals,Non-market Use,-2.0533421453872407,76508.91997973193
2055,kwt,0.6668421441153263,5.300115,Corals,Non-market Use,-2.3772473692964944,80642.66432853178
2060,kwt,0.692912490519135,5.228879,Corals,Non-market Use,-2.7862550155513475,85254.93723611778
2065,kwt,0.7176157710599156,5.127147,Corals,Non-market Use,-3.0353591346916815,90382.12044601815
2070,kwt,0.7419205581113298,5.032381913128837,Corals,Non-market Use,-3.432226134177018,95556.60636333247
2075,kwt,0.765725994935017,4.944263819535969,Corals,Non-market Use,-3.633007949199204,100751.91129913142
2080,kwt,0.7889302994896438,4.8624984220472,Corals,Non-market Use,-3.9654108455903803,105939.86813307239
2085,kwt,0.8114314571764545,4.786815402498007,Corals,Non-market Use,-4.160197252614569,111090.84983724417
2090,kwt,0.8331279403549002,4.716966926678392,Corals,Non-market Use,-4.4415585009319365,116174.02579354681
2095,kwt,0.853919447887217,4.652726286271645,Corals,Non-market Use,-4.674142515440398,121157.64834058071
2100,kwt,0.8737076574805788,4.593886667328322,Corals,Non-market Use,-4.909212390642892,126009.36625652615
2030,lka,0.5473987799616254,22.64833,Corals,Non-market Use,-0.16218388383985882,17367.83386097464
2035,lka,0.6070326264670685,22.400952,Corals,Non-market Use,-0.3908300578194108,19485.92346087848
2040,lka,0.6693851461547466,22.112799,Corals,Non-market Use,-0.6131238196577637,21782.3635224627
2045,lka,0.7341987429567363,21.787123,Corals,Non-market Use,-0.8357963550611576,24265.174123302106
2050,lka,0.8013735181209346,21.436009,Corals,Non-market Use,-1.0762445822968676,26937.514770700163
2055,lka,0.8699326045642763,21.058246,Corals,Non-market Use,-1.2610477603535948,29786.981051526003
2060,lka,0.9391410328962885,20.657308,Corals,Non-market Use,-1.49333720804127,32803.227096113435
2065,lka,1.008620614984009,20.234737,Corals,Non-market Use,-1.6411917486318863,35990.34064013994
2070,lka,1.0795094480148972,19.84150655601448,Corals,Non-market Use,-1.8713101582401794,39310.039782271844
2075,lka,1.1513873411241569,19.476212068456206,Corals,Non-market Use,-1.9964819680530912,42742.944233477065
2080,lka,1.223792040959637,19.137563390299174,Corals,Non-market Use,-2.1954574418585544,46266.22412741239
2085,lka,1.2962229595030874,18.82437720749541,Corals,Non-market Use,-2.31951547018973,49853.71926590852
2090,lka,1.368145886702613,18.535570121610288,Corals,Non-market Use,-2.4927233760727034,53476.149173504666
2095,lka,1.4389986561796129,18.27015237786065,Corals,Non-market Use,-2.639398299483277,57101.41612192868
2100,lka,1.5081977052469053,18.027222187523062,Corals,Non-market Use,-2.787970171918179,60695.00036181656
2030,mdg,0.3628145794989585,57.503786,Corals,Non-market Use,-0.3472815190327623,5265.737985662547
2035,mdg,0.46273530906752663,59.75377,Corals,Non-market Use,-0.8560900214722587,6447.760537945868
2040,mdg,0.5839023827599406,61.632299,Corals,Non-market Use,-1.3739022665251284,7869.400026031185
2045,mdg,0.7267274260249619,63.165612,Corals,Non-market Use,-1.9139054456736595,9533.805755581054
2050,mdg,0.8922826422695174,64.395723,Corals,Non-market Use,-2.5152475835612016,11454.710654503984
2055,mdg,1.0822244194893877,65.329568,Corals,Non-market Use,-3.0050112453643933,13661.771253655501
2060,mdg,1.2986243661112,65.986185,Corals,Non-market Use,-3.626167659764455,16191.544027489168
2065,mdg,1.5434156837512978,66.36189999999999,Corals,Non-market Use,-4.059130246609584,19088.754923740602
2070,mdg,1.819803552571361,66.72086154923298,Corals,Non-market Use,-4.710086090871442,22332.102763410785
2075,mdg,2.1285340130452073,67.06276986909224,Corals,Non-market Use,-5.109531012150306,25924.869745015843
2080,mdg,2.469579245522319,67.38733803884111,Corals,Non-market Use,-5.708129763388783,29861.41071392606
2085,mdg,2.8419927460256873,67.69429239556001,Corals,Non-market Use,-6.121209689946873,34125.7490967181
2090,mdg,3.2437804957272376,67.98337291749878,Corals,Non-market Use,-6.671149059713457,38690.38858618282
2095,mdg,3.671798424301536,68.25433359008484,Corals,Non-market Use,-7.156997500458324,43515.444399875254
2100,mdg,4.121686674208144,68.50694275386843,Corals,Non-market Use,-7.652857330613514,48548.19641747699
2030,mdv,0.03127337286579405,0.7377210000000001,Corals,Non-market Use,-5.221168686854185,37724.48105974443
2035,mdv,0.03347891616053842,0.7411810000000001,Corals,Non-market Use,-12.430556288797732,40054.05352534449
2040,mdv,0.035276141074113164,0.738576999999999,Corals,Non-market Use,-19.248869048144343,42202.46590553615
2045,mdv,0.03658151182099937,0.729634,Corals,Non-market Use,-25.878751537209723,44142.48395931055
2050,mdv,0.03748118797624411,0.714658,Corals,Non-market Use,-32.86650684035942,46010.54164606351
2055,mdv,0.03809600568460479,0.695496,Corals,Non-market Use,-38.003615938639996,47881.035281229226
2060,mdv,0.038598142269714586,0.675045,Corals,Non-market Use,-44.45054849686903,49801.59154852145
2065,mdv,0.039067162376184905,0.6557969999999991,Corals,Non-market Use,-48.27235287990857,51698.40143961365
2070,mdv,0.03951814575001349,0.6380327892833794,Corals,Non-market Use,-54.420630521372686,53555.937920036566
2075,mdv,0.039950325213934254,0.6216594073380063,Corals,Non-market Use,-57.44081807817014,55365.02507112148
2080,mdv,0.04036295854240548,0.606592492937372,Corals,Non-market Use,-62.52828083717344,57116.48326299435
2085,mdv,0.040755330568618145,0.5927555578541595,Corals,Non-market Use,-65.43405291627607,58801.205875140855
2090,mdv,0.04112675523490688,0.5800793374048812,Corals,Non-market Use,-69.69387093251862,60410.23760434133
2095,mdv,0.041476577578401695,0.5685012100793565,Corals,Non-market Use,-73.18099086005031,61934.85342594252
2100,mdv,0.04180417564393402,0.5579646794191114,Corals,Non-market Use,-76.70315997524455,63366.63723905065
2030,mex,4.915473631804545,152.576934,Corals,Non-market Use,-1.488506799580108,25277.886570666735
2035,mex,5.359999015634803,152.594193,Corals,Non-market Use,-3.5630546741822826,27528.679612086496
2040,mex,5.7959714555643735,152.1555,Corals,Non-market Use,-5.550160187318397,29818.862746355837
2045,mex,6.212247931502995,151.339146,Corals,Non-market Use,-7.507493951095427,32095.431545728312
2050,mex,6.604879288820989,150.231439,Corals,Non-market Use,-9.586994801695681,34335.423508571126
2055,mex,6.969788292197979,148.889292,Corals,Non-market Use,-11.135065251417174,36516.278606006446
2060,mex,7.303659074863805,147.409673,Corals,Non-market Use,-13.065666082204132,38604.35888920514
2065,mex,7.603367891084358,145.736824,Corals,Non-market Use,-14.223761534574692,40602.183188926036
2070,mex,7.899775013629342,144.16565224062032,Corals,Non-market Use,-16.07279450537611,42594.72854402923
2075,mex,8.191528636591123,142.69322084552076,Corals,Non-market Use,-17.00239764363421,44571.186755079405
2080,mex,8.477250125876546,141.3167943471832,Corals,Non-market Use,-18.547155443391162,46520.33742689874
2085,mex,8.755544232870237,140.03383019268355,Corals,Non-market Use,-19.447559036237777,48430.646215608554
2090,mex,9.025009897666058,138.84197089317206,Corals,Non-market Use,-20.752247816144333,50290.37200933429
2095,mex,9.284251533065238,137.73903678302943,Corals,Non-market Use,-21.828635836178805,52087.68177543555
2100,mex,9.531890669170243,136.72301935747527,Corals,Non-market Use,-22.916454995066175,53810.77160533445
2030,mmr,NA,54.863617,Corals,Non-market Use,-0.28271880149186046,10027.112849011077
2035,mmr,NA,53.775706,Corals,Non-market Use,-0.6882136858435857,11722.144158667583
2040,mmr,NA,52.609245,Corals,Non-market Use,-1.0897116764562291,13609.70177835945
2045,mmr,NA,51.400842,Corals,Non-market Use,-1.4975744516786094,15674.49937091012
2050,mmr,NA,50.160199,Corals,Non-market Use,-1.942411918746263,17927.511427190482
2055,mmr,NA,48.914367,Corals,Non-market Use,-2.2911257541720076,20376.838036457382
2060,mmr,NA,47.642896,Corals,Non-market Use,-2.730717379052983,23049.4519695203
2065,mmr,NA,46.3556119999999,Corals,Non-market Use,-3.0198117318117,25952.890746088557
2070,mmr,NA,45.16573479866601,Corals,Non-market Use,-3.4636144101741273,29055.28131742724
2075,mmr,NA,44.067417538961365,Corals,Non-market Use,-3.715987817421343,32342.328096565183
2080,mmr,NA,43.05534242725228,Corals,Non-market Use,-4.107913666501766,35794.547927894055
2085,mmr,NA,42.124677701562604,Corals,Non-market Use,-4.361577385091131,39387.13408997069
2090,mmr,NA,41.27103904559621,Corals,Non-market Use,-4.7090511393340755,43089.96970942739
2095,mmr,NA,40.49045501563416,Corals,Non-market Use,-5.007726589678896,46867.80751651733
2100,mmr,NA,39.77933609705861,Corals,Non-market Use,-5.310847822225533,50680.62760268941
2030,moz,0.6518252226377326,68.95959299999991,Corals,Non-market Use,-0.3461287554082304,8059.907530111899
2035,moz,0.8264475420217703,71.901769,Corals,Non-market Use,-0.8511991586780567,9773.836454274313
2040,moz,1.031933266071312,74.257716,Corals,Non-market Use,-1.3619021043449067,11783.974435297825
2045,moz,1.2681108701008978,76.06049400000009,Corals,Non-market Use,-1.8912989461180807,14098.369786199231
2050,moz,1.5357573099877362,77.281198,Corals,Non-market Use,-2.4789795405359847,16757.345399590224
2055,moz,1.8342272453310857,78.06427000000001,Corals,Non-market Use,-2.9533834298376327,19757.844829499372
2060,moz,2.163512184809884,78.492873,Corals,Non-market Use,-3.552524351346186,23112.48733035843
2065,moz,2.5220582166697114,78.606618,Corals,Non-market Use,-3.9616448423791475,26828.040382476214
2070,moz,2.919125667203423,78.71483233783152,Corals,Non-market Use,-4.580371582489445,30921.538862751295
2075,moz,3.354518099306196,78.81749231746866,Corals,Non-market Use,-4.951751162967366,35386.76425733228
2080,moz,3.827053815762912,78.9145754158807,Corals,Non-market Use,-5.513847615851574,40207.3650874928
2085,moz,4.334441745071525,79.00606029125969,Corals,Non-market Use,-5.8946663210069445,45355.760400226936
2090,moz,4.873182721064531,79.09192679083185,Corals,Non-market Use,-6.4056354221308816,50792.32639146407
2095,moz,5.438505272794635,79.17215595824908,Corals,Non-market Use,-6.8534817618026125,56464.95178168642
2100,moz,6.024344550255139,79.2467300405566,Corals,Non-market Use,-7.309753360744953,62309.04023174673
2030,mus,0.06642778089541258,1.140719,Corals,Non-market Use,-6.977856805142153,47080.81316596039
2035,mus,0.07040266218587526,1.110981,Corals,Non-market Use,-16.695322578325488,51143.635941417306
2040,mus,0.07399331628572865,1.08003,Corals,Non-market Use,-25.987356532152546,55195.12759501711
2045,mus,0.07719974319497272,1.04814,Corals,Non-market Use,-35.13274962937783,59234.427743581735
2050,mus,0.0799975461871241,1.016077,Corals,Non-market Use,-44.84356231863188,63206.231153028464
2055,mus,0.08243908896780566,0.9843390000000001,Corals,Non-market Use,-52.07317170567785,67116.4836406839
2060,mus,0.08461430790154499,0.953585999999999,Corals,Non-market Use,-61.11590391460692,70982.96442964551
2065,mus,0.0866466317230245,0.9243880000000001,Corals,Non-market Use,-66.58232942497432,74850.67096423991
2070,mus,0.08862371239844923,0.8974992172548685,Corals,Non-market Use,-75.28987087091963,78711.9944874344
2075,mus,0.09053947437405276,0.8727666142899906,Corals,Non-market Use,-79.69577877282973,82544.90405768971
2080,mus,0.09238791708841515,0.8500517425705729,Corals,Non-market Use,-86.98860241372978,86326.51700790951
2085,mus,0.09416314559879084,0.8292294479650945,Corals,Non-market Use,-91.26210493400197,90033.31460965292
2090,mus,0.09585940130883462,0.8101867176122338,Corals,Non-market Use,-97.43429871094997,93641.3766036805
2095,mus,0.09747109257875056,0.7928216532692287,Corals,Non-market Use,-102.53595650657252,97126.63150805408
2100,mus,0.09899282499461516,0.7770425580319872,Corals,Non-market Use,-107.69163673294815,100465.11917433438
2030,mys,2.3607441835185834,42.68212,Corals,Non-market Use,-4.168454837548836,39653.91985182847
2035,mys,2.5000779594660663,42.816839,Corals,Non-market Use,-9.902891069147074,41892.994481967326
2040,mys,2.629746754801508,42.725021,Corals,Non-market Use,-15.323753519675904,44192.96495548652
2045,mys,2.749605231470589,42.421119,Corals,Non-market Use,-20.61688040121578,46572.39042867392
2050,mys,2.8609160138201863,41.931209,Corals,Non-market Use,-26.22165991763933,49059.893644203294
2055,mys,2.966794786389707,41.311859,Corals,Non-market Use,-30.374478742301676,51676.13062654269
2060,mys,3.0698576341568464,40.612901,Corals,Non-market Use,-35.59493339511198,54431.40549169099
2065,mys,3.1704679022573963,39.857,Corals,Non-market Use,-38.74463504569724,57323.40163348678
2070,mys,3.2691801490391645,39.15225967994382,Corals,Non-market Use,-43.77540656276443,60216.13300614067
2075,mys,3.3656086540107797,38.49641613358163,Corals,Non-market Use,-46.30117811108897,63094.509244677814
2080,mys,3.4593662821981117,37.88738410373422,Corals,Non-market Use,-50.501449360372305,65942.79582452249
2085,mys,3.550066975347498,37.32324589491438,Corals,Non-market Use,-52.94659760731082,68744.7466623145
2090,mys,3.637328315952643,36.80224127198905,Corals,Non-market Use,-56.49194015174015,71483.74977185059
2095,mys,3.7207741412821798,36.32275827012675,Corals,Non-market Use,-59.415324579242736,74142.98431439676
2100,mys,3.8000371832633517,35.88332484860275,Corals,Non-market Use,-62.369488309883366,76705.58709834082
2030,nic,0.17606847401625522,8.820995000000002,Corals,Non-market Use,-0.20018414261546802,15492.092597486724
2035,nic,0.2117798239633347,8.810926,Corals,Non-market Use,-0.4910603115815668,18637.987218220667
2040,nic,0.2515781020007057,8.764918,Corals,Non-market Use,-0.7832093282669561,22235.683935003217
2045,nic,0.2944417724039744,8.68591900000001,Corals,Non-market Use,-1.0833295538054113,26236.04131977767
2050,nic,0.34001435767977073,8.586637000000001,Corals,Non-market Use,-1.41275466101456,30618.052704884074
2055,nic,0.3882251904835938,8.471738,Corals,Non-market Use,-1.6741042190450397,35399.97659597149
2060,nic,0.4391064637168273,8.351045000000001,Corals,Non-market Use,-2.002670206828279,40579.693339839396
2065,nic,0.49271706683322186,8.230559,Corals,Non-market Use,-2.221095840127541,46156.79148201137
2070,nic,0.5498652034156958,8.117748713971087,Corals,Non-market Use,-2.55456608435248,52176.52659216584
2075,nic,0.6102850488547287,8.012340640562744,Corals,Non-market Use,-2.7479360152754886,58615.794442183644
2080,nic,0.6736184074104605,7.914081243893701,Corals,Non-market Use,-3.0453840093690854,65439.6815957856
2085,nic,0.7394121810404817,7.822735933911367,Corals,Non-market Use,-3.2411235273135404,72600.84535180301
2090,nic,0.8071184258569193,7.738088129798236,Corals,Non-market Use,-3.5071845153298042,80039.23958076199
2095,nic,0.876097310069186,7.659938401173277,Corals,Non-market Use,-3.7374907276137925,87682.24360588551
2100,nic,0.9456232016024908,7.588103682304866,Corals,Non-market Use,-3.9715306328652,95445.23937622283
2030,nld,1.1991592309379855,17.801108,Corals,Non-market Use,-2.1701971498029593,48414.739304668554
2035,nld,1.2409396888659072,17.813034,Corals,Non-market Use,-5.131328391464393,50102.15929683247
2040,nld,1.2803774595479158,17.8437,Corals,Non-market Use,-7.898217276130481,51640.74020736871
2045,nld,1.3152971905413782,17.860625,Corals,Non-market Use,-10.564003224163457,53034.93941562802
2050,nld,1.3437441070988927,17.834112,Corals,Non-market Use,-13.348915610901656,54299.421647701325
2055,nld,1.3651705680460902,17.760733,Corals,Non-market Use,-15.353048134028768,55430.81136299945
2060,nld,1.3798427878427335,17.652288,Corals,Non-market Use,-17.851259737919207,56409.03770832081
2065,nld,1.388232346388974,17.521714,Corals,Non-market Use,-19.265496615871484,57213.740624782025
2070,nld,1.3962508857588263,17.398586263264445,Corals,Non-market Use,-21.591117801492004,57990.75389508051
2075,nld,1.4038912747865244,17.282758632168377,Corals,Non-market Use,-22.6621623299973,58738.64822634122
2080,nld,1.4111466838260376,17.174094130048807,Corals,Non-market Use,-24.53947578073263,59456.034853794605
2085,nld,1.4180105948892983,17.072464690649817,Corals,Non-market Use,-25.552835907079526,60141.56982690742
2090,nld,1.424476811372343,16.977750906046502,Corals,Non-market Use,-27.09033238600449,60793.95819657708
2095,nld,1.430539467349128,16.889841792351763,Corals,Non-market Use,-28.323049089416457,61411.95808516853
2100,nld,1.4361930364135562,16.80863457256097,Corals,Non-market Use,-29.567458973899107,61994.38462151614
2030,nzl,0.315333396025641,5.992965000000011,Corals,Non-market Use,-2.5493005040390244,41548.89472136819
2035,nzl,0.3364057931621327,6.045119,Corals,Non-market Use,-6.058874577678722,43886.275091371135
2040,nzl,0.3562787746537374,6.085608000000001,Corals,Non-market Use,-9.371199316169765,46109.90424005634
2045,nzl,0.37466522435584076,6.11068,Corals,Non-market Use,-12.592217041584831,48228.026933720896
2050,nzl,0.39132002632723756,6.116635,Corals,Non-market Use,-15.983116133018825,50257.61066002802
2055,nzl,0.4060070154897436,6.102266,Corals,Non-market Use,-18.463307379301995,52198.81908336785
2060,nzl,0.4184810759021541,6.070444,Corals,Non-market Use,-21.55863082708379,54014.31259071766
2065,nzl,0.4285501082734678,6.025995,Corals,Non-market Use,-23.359462879972853,55649.440962427514
2070,nzl,0.4383458455321993,5.984077641209233,Corals,Non-market Use,-26.278550303187217,57245.50333198607
2075,nzl,0.4478381425233631,5.944642693721587,Corals,Non-market Use,-27.68117804990095,58796.30402008791
2080,nzl,0.45699722392934367,5.907644014608618,Corals,Non-market Use,-30.075910563527486,60295.6812689259
2085,nzl,0.46579383645271794,5.873038457742551,Corals,Non-market Use,-31.417834316894556,61737.54712479586
2090,nzl,0.4741994015206662,5.840785789765356,Corals,Non-market Use,-33.40784655025317,63115.92787011767
2095,nzl,0.4821861674212584,5.810848611974325,Corals,Non-market Use,-35.02551720863636,64425.004637587255
2100,nzl,0.4897273597604663,5.783192287911394,Corals,Non-market Use,-36.65914841921193,65659.15382701915
2030,omn,0.5704091060313208,6.896304000000001,Corals,Non-market Use,-1.425171924848982,65997.85619002204
2035,omn,0.6236997122312621,6.880418,Corals,Non-market Use,-3.415636211219379,72221.94791095649
2040,omn,0.6746586462249382,6.810482,Corals,Non-market Use,-5.330215322993155,78806.57287362621
2045,omn,0.7226292329828286,6.713394,Corals,Non-market Use,-7.224129074964708,85502.01158847322
2050,omn,0.7689771662257455,6.610222,Corals,Non-market Use,-9.24470732059656,92266.93599472621
2055,omn,0.8172249364652989,6.52291,Corals,Non-market Use,-10.766192821325888,99218.73693618787
2060,omn,0.8694567731430077,6.452412000000001,Corals,Non-market Use,-12.680228151856383,106552.38026945398
2065,omn,0.9247447658910721,6.382848,Corals,Non-market Use,-13.871388219634099,114389.83092883043
2070,omn,0.9806082881675118,6.3174746766042835,Corals,Non-market Use,-15.74714320639508,122369.6956594571
2075,omn,1.036728706156805,6.256176370240249,Corals,Non-market Use,-16.730942072763426,130442.39461006847
2080,omn,1.0927646740329648,6.198845258236476,Corals,Non-market Use,-18.32661479459243,138553.74361671778
2085,omn,1.1483550308990103,6.145381037843362,Corals,Non-market Use,-19.291214669111824,146645.43871551545
2090,omn,1.203122196946009,6.095690632939366,Corals,Non-market Use,-20.660647535338896,154655.65204862252
2095,omn,1.2566760357890028,6.049687923218899,Corals,Non-market Use,-21.806421981521368,162519.73357904938
2100,omn,1.308618137460642,6.00729349475571,Corals,Non-market Use,-22.965661525174312,170171.00987011025
2030,pan,0.2844376120043239,5.794318000000001,Corals,Non-market Use,-2.115591933478015,33239.71216150677
2035,pan,0.3058606021688609,5.831255000000001,Corals,Non-market Use,-5.040083048868468,35588.90257837893
2040,pan,0.32732492327634927,5.843638,Corals,Non-market Use,-7.82261435027948,38082.68959604479
2045,pan,0.34879182756777205,5.835653000000001,Corals,Non-market Use,-10.556966119989625,40717.92714968404
2050,pan,0.3703149161097695,5.807453000000001,Corals,Non-market Use,-13.468827188101102,43528.082158480334
2055,pan,0.391797965300783,5.76393,Corals,Non-market Use,-15.64796978848642,46494.433368130325
2060,pan,0.4132073937496638,5.705196,Corals,Non-market Use,-18.38951124823626,49639.41936065305
2065,pan,0.43443922830305,5.632357,Corals,Non-market Use,-20.072182603542615,52970.97760600538
2070,pan,0.4556458786690364,5.56404339798758,Corals,Non-market Use,-22.738175719151428,56351.34395070599
2075,pan,0.4767170846819297,5.5001102007127765,Corals,Non-market Use,-24.110216261801156,59761.72784363137
2080,pan,0.4975379646087315,5.440422654855761,Corals,Non-market Use,-26.35952722359434,63181.823931891035
2085,pan,0.5179899582727189,5.38485577220955,Corals,Non-market Use,-27.697301886160375,66589.97853859128
2090,pan,0.5379518658899108,5.333293892092902,Corals,Non-market Use,-29.613674711430576,69963.38862971934
2095,pan,0.5573009715228696,5.285630278842049,Corals,Non-market Use,-31.206948773637947,73278.33144119487
2100,pan,0.5759142379644168,5.241766752414145,Corals,Non-market Use,-32.818029840033546,76510.42212718344
2030,phl,4.694194348237184,164.256327,Corals,Non-market Use,-13.60324054302032,21531.284541971403
2035,phl,5.234438336221783,166.081756,Corals,Non-market Use,-32.65095591738327,23737.54357317542
2040,phl,5.7771553512009,167.214079,Corals,Non-market Use,-50.99055502295687,26012.698443785772
2045,phl,6.321385581998345,167.689425,Corals,Non-market Use,-69.17620855820451,28373.13642992274
2050,phl,6.867604610728442,167.365827,Corals,Non-market Use,-88.67454324574396,30874.201029243955
2055,phl,7.415414677804664,166.372414,Corals,Non-market Use,-103.47693952552163,33524.923862871045
2060,phl,7.966847815897338,164.906753,Corals,Non-market Use,-122.0961069182606,36326.04808477604
2065,phl,8.519111060953202,163.138451,Corals,Non-market Use,-133.73273399893196,39252.232952677616
2070,phl,9.080129976692868,161.47657759739172,Corals,Non-market Use,-151.99722320668434,42253.749434360674
2075,phl,9.646622515034817,159.9182095200895,Corals,Non-market Use,-161.6751846488105,45312.32465670122
2080,phl,10.215022200899122,158.4606213261653,Corals,Non-market Use,-177.28308813756485,48407.55466410494
2085,phl,10.78150786141135,157.1012774375021,Corals,Non-market Use,-186.80121263724368,51517.067115225946
2090,phl,11.342039829863515,155.83782476785024,Corals,Non-market Use,-200.24978646542604,54616.736308301406
2095,phl,11.89240232036396,154.66808591519788,Corals,Non-market Use,-211.54048493713867,57680.94936594962
2100,phl,12.428251498316325,153.59005289080736,Corals,Non-market Use,-222.96767750209347,60682.92087795053
2030,qat,NA,4.949395000000001,Corals,Non-market Use,-1.1855159419455248,73106.28472951903
2035,qat,NA,4.985601,Corals,Non-market Use,-2.8056377177231866,76518.29944823541
2040,qat,NA,4.955018,Corals,Non-market Use,-4.324642702118567,79946.73514255972
2045,qat,NA,4.866921,Corals,Non-market Use,-5.798234137105368,83583.67001189294
2050,qat,NA,4.734286,Corals,Non-market Use,-7.351924963295232,87503.4745601913
2055,qat,NA,4.583462000000001,Corals,Non-market Use,-8.491461774204154,91653.77467400114
2060,qat,NA,4.434908,Corals,Non-market Use,-9.92094656470509,95954.26249998869
2065,qat,NA,4.289886000000011,Corals,Non-market Use,-10.764934318195202,100375.50714181756
2070,qat,NA,4.156620224223522,Corals,Non-market Use,-12.126379396039042,104795.65368769995
2075,qat,NA,4.034290462176243,Corals,Non-market Use,-12.789708538658502,109197.43377100934
2080,qat,NA,3.9221569656764674,Corals,Non-market Use,-13.9125518880343,113562.99252208989
2085,qat,NA,3.81955297975815,Corals,Non-market Use,-14.54930616519978,117874.00462480675
2090,qat,NA,3.725878114535955,Corals,Non-market Use,-15.486708476420631,122111.79913747674
2095,qat,NA,3.640592465510466,Corals,Non-market Use,-16.252001828067804,126257.4919342469
2100,qat,NA,3.563211401383185,Corals,Non-market Use,-17.024873137556824,130292.12448306664
2030,sau,4.68547702875605,51.3083549999999,Corals,Non-market Use,-21.547666555989963,62149.40311203626
2035,sau,4.8326136328524925,51.20038,Corals,Non-market Use,-50.942029323993665,64359.05392893888
2040,sau,4.9503740052282925,50.895884,Corals,Non-market Use,-78.4191877702226,66448.32686702984
2045,sau,5.050998242433715,50.489567,Corals,Non-market Use,-104.93884329337152,68474.77848246181
2050,sau,5.138637333733636,50.021689,Corals,Non-market Use,-132.71206959537494,70448.1310009809
2055,sau,5.214536575907517,49.475763,Corals,Non-market Use,-152.8332221571161,72414.62875536879
2060,sau,5.276375672391914,48.798165,Corals,Non-market Use,-178.05372871301074,74431.53627517135
2065,sau,5.321589524692382,47.984712,Corals,Non-market Use,-192.6739132439027,76486.249730763
2070,sau,5.36491075479935,47.22481370189783,Corals,Non-market Use,-216.48062727395381,78497.47948384876
2075,sau,5.406286022176106,46.51631063129621,Corals,Non-market Use,-227.76515839197577,80458.9306742017
2080,sau,5.445664030480708,45.85720782349256,Corals,Non-market Use,-247.19189487329663,82364.34299680027
2085,sau,5.482995632995737,45.245665430033405,Corals,Non-market Use,-257.9479958021964,84207.52366893634
2090,sau,5.518233934356393,44.67999012829219,Corals,Non-market Use,-274.0139868584545,85982.38073050349
2095,sau,5.551334388283704,44.158627277724335,Corals,Non-market Use,-287.0153504000791,87682.95642896122
2100,sau,5.582254891039069,43.680153771748955,Corals,Non-market Use,-300.14240244655184,89303.46043436903
2030,sdn,0.6259430268390698,91.147048,Corals,Non-market Use,-0.3900768243045789,6301.213345197022
2035,sdn,0.7448019909545898,94.400626,Corals,Non-market Use,-0.9456327186431395,7209.806048180328
2040,sdn,0.8841364148310111,96.937165,Corals,Non-market Use,-1.495978771410762,8300.513363828877
2045,sdn,1.0445844921013292,98.89410400000001,Corals,Non-market Use,-2.059101328318448,9573.26732137075
2050,sdn,1.2270265232395865,100.201284,Corals,Non-market Use,-2.680189290835777,11052.774235212246
2055,sdn,1.431248485798298,101.033792,Corals,Non-market Use,-3.1756979055583727,12733.13033051935
2060,sdn,1.6577442777331957,101.428301,Corals,Non-market Use,-3.804147910181321,14629.646170677705
2065,sdn,1.9050128366298,101.401662,Corals,Non-market Use,-4.229001447996922,16745.931908525094
2070,sdn,2.174956335071695,101.37636159661143,Corals,Non-market Use,-4.874942240734285,19043.366752527367
2075,sdn,2.466930491323613,101.3523987737804,Corals,Non-market Use,-5.255316707068324,21513.86589352944
2080,sdn,2.779702010024627,101.32977256841494,Corals,Non-market Use,-5.836216014491434,24144.302053213298
2085,sdn,3.111397516702239,101.30848207032052,Corals,Non-market Use,-6.223545810088751,26916.16825914931
2090,sdn,3.4594687438706933,101.28852642213901,Corals,Non-market Use,-6.74697108205028,29805.39254907279
2095,sdn,3.820677950642992,101.26990481929118,Corals,Non-market Use,-7.2026467387066475,32782.33485531502
2100,sdn,4.191107095420968,101.25261650992265,Corals,Non-market Use,-7.66627527216545,35811.99117785999
2030,sgp,0.76200529653751,6.600567,Corals,Non-market Use,-0.06576705846428066,67234.68238775276
2035,sgp,0.7511576826102762,6.530277,Corals,Non-market Use,-0.15420889286374972,67380.884594885
2040,sgp,0.7348919475101299,6.43407500000001,Corals,Non-market Use,-0.23542210382784123,67294.66105275706
2045,sgp,0.7135291197276198,6.310282,Corals,Non-market Use,-0.3123569001208839,67003.55390189553
2050,sgp,0.6877969804729273,6.157328000000001,Corals,Non-market Use,-0.39162709016009956,66570.27191386979
2055,sgp,0.6586586152176989,5.97513299999999,Corals,Non-market Use,-0.4471081323584887,66067.60337603427
2060,sgp,0.6270228757376293,5.766198999999999,Corals,Non-market Use,-0.5163544695274833,65541.89828146446
2065,sgp,0.5936682779907253,5.535255,Corals,Non-market Use,-0.5538983475473778,65008.06402130714
2070,sgp,0.5636669989225985,5.324645335958922,Corals,Non-market Use,-0.6172062575054018,64523.08530807267
2075,sgp,0.5366810657680299,5.132712070523421,Corals,Non-market Use,-0.6443117915895948,64085.727693777786
2080,sgp,0.5124145445679671,4.957975871173951,Corals,Non-market Use,-0.6941181931869047,63694.86898507346
2085,sgp,0.4906081554551343,4.799117007011629,Corals,Non-market Use,-0.7193068689228865,63349.494485264426
2090,sgp,0.47103466183581555,4.654958704713969,Corals,Non-market Use,-0.7591535051551315,63048.692676466235
2095,sgp,0.4534949187182618,4.524452569186731,Corals,Non-market Use,-0.7903661336754824,62791.651316162075
2100,sgp,0.4378144838145005,4.40666581517601,Corals,Non-market Use,-0.8218790835777221,62577.65392488497
2030,slb,0.014680818926380151,1.372868,Corals,Non-market Use,-1.5244890252581627,9128.44787889764
2035,slb,0.020416223998431526,1.418502999999999,Corals,Non-market Use,-3.852200693713172,12252.012449705946
2040,slb,0.027866366252358367,1.455528999999999,Corals,Non-market Use,-6.321888646025997,16251.938548284674
2045,slb,0.03725793480393565,1.482684,Corals,Non-market Use,-8.9898235180749,21271.390512122056
2050,slb,0.048756583962256385,1.502371,Corals,Non-market Use,-12.032973802191805,27394.18311452638
2055,slb,0.062494285264109016,1.515212,Corals,Non-market Use,-14.606524298844448,34717.00864293015
2060,slb,0.0784846741450289,1.521234,Corals,Non-market Use,-17.861980069342536,43304.583942676756
2065,slb,0.09673286389334174,1.519423999999999,Corals,Non-market Use,-20.217423140598243,53285.15626134523
2070,slb,0.1180993241702041,1.517706545901549,Corals,Non-market Use,-23.708088528037166,64943.159776065746
2075,slb,0.14281228896331472,1.5160813232446304,Corals,Non-market Use,-25.97687854701101,78392.76577070972
2080,slb,0.1710363455630928,1.5145480344042461,Corals,Non-market Use,-29.295498829284384,93711.69657551359
2085,slb,0.20284998277767508,1.5131063984995672,Corals,Non-market Use,-31.696252195526966,110929.20832552662
2090,slb,0.2382229235762399,1.5117561513081657,Corals,Non-market Use,-34.8334837655791,130014.13703487009
2095,slb,0.27699477313057325,1.510497045185302,Corals,Non-market Use,-37.66294748696103,150863.8595462815
2100,slb,0.31885676214162806,1.5093288489882266,Corals,Non-market Use,-40.56536027261839,173295.14196667713
2030,tha,2.3565626576249143,61.42874,Corals,Non-market Use,-0.3354774454013132,27414.20850412838
2035,tha,2.4564636298146,59.127137,Corals,Non-market Use,-0.801752906056393,29712.7098605839
2040,tha,2.5454617674924704,56.820715,Corals,Non-market Use,-1.2472107449844891,32064.821205865836
2045,tha,2.6228235466240895,54.53480200000001,Corals,Non-market Use,-1.6855749200366077,34451.97743166406
2050,tha,2.6915580828507184,52.2776789999999,Corals,Non-market Use,-2.152213628430399,36911.00581824122
2055,tha,2.753540863760397,50.0666129999999,Corals,Non-market Use,-2.501630585763948,39460.3610225932
2060,tha,2.8108891064525148,47.938537,Corals,Non-market Use,-2.940331991444179,42104.22867809399
2065,tha,2.8656116665213736,45.90488300000001,Corals,Non-market Use,-3.2091331041722846,44861.520536316515
2070,tha,2.918610173607799,44.0548700034445,Corals,Non-market Use,-3.6350318022022456,47648.1654494045
2075,tha,2.9697478859275726,42.372859425153685,Corals,Non-market Use,-3.8539553786756358,50448.00829814829
2080,tha,3.018890833508959,40.844945154382536,Corals,Non-market Use,-4.212992435959503,53243.82249197332
2085,tha,3.065908393781627,39.458762074277445,Corals,Non-market Use,-4.426225203271233,56017.47065224456
2090,tha,3.1106738620793273,38.20331904739593,Corals,Non-market Use,-4.731815423520768,58750.08850453093
2095,tha,3.153065013625312,37.068853203855305,Corals,Non-market Use,-4.985671955789545,61422.28965488415
2100,tha,3.1929646535607628,36.04670281917145,Corals,Non-market Use,-5.242279932243925,64014.38834534224
2030,tls,0.016476362635580576,1.938647,Corals,Non-market Use,-0.019560408883842362,8043.717448268009
2035,tls,0.020796753810713556,1.947521,Corals,Non-market Use,-0.04851511470055958,10060.145497788246
2040,tls,0.025897647600952693,1.944815,Corals,Non-market Use,-0.07824876668749359,12487.06166144538
2045,tls,0.031770749870053724,1.932078,Corals,Non-market Use,-0.10947692249397578,15348.256506960839
2050,tls,0.03836001421207177,1.910232,Corals,Non-market Use,-0.14438911077020267,18655.952520503215
2055,tls,0.04569148177536205,1.881365999999999,Corals,Non-market Use,-0.17301308515514657,22456.689513679183
2060,tls,0.05377149513469962,1.848106,Corals,Non-market Use,-0.20922098477710693,26776.781836051094
2065,tls,0.06257864810021872,1.813183,Corals,Non-market Use,-0.23442336477764347,31612.38890071853
2070,tls,0.07231582833991115,1.7806330811027342,Corals,Non-market Use,-0.2722495751312337,37022.13986281241
2075,tls,0.08297587981105085,1.7503498916199796,Corals,Non-market Use,-0.29556416909304595,43008.02305167979
2080,tls,0.09452780103802706,1.722235514590043,Corals,Non-market Use,-0.3304158727453339,49556.35846137449
2085,tls,0.10691385504155529,1.6961999383293618,Corals,Non-market Use,-0.35454111826521695,56635.546451879694
2090,tls,0.1200473006495705,1.6721605743347059,Corals,Non-market Use,-0.3865986108205939,64194.25161720467
2095,tls,0.13381095844054205,1.6500418189082078,Corals,Non-market Use,-0.41494529740449027,72160.1981448909
2100,tls,0.14805681165185156,1.6297746552351688,Corals,Non-market Use,-0.4438702437434747,80439.74390583497
2030,tto,0.065937849367949955,1.391386,Corals,Non-market Use,-0.07708486928012803,34381.6931366034
2035,tto,0.07131325462593116,1.358448,Corals,Non-market Use,-0.1852190409383203,38104.28800992665
2040,tto,0.07681010265796846,1.324978,Corals,Non-market Use,-0.28976206802929294,42098.11924822198
2045,tto,0.08251272071097167,1.291488,Corals,Non-market Use,-0.3940457011569718,46418.36649423356
2050,tto,0.08856322471530888,1.26038,Corals,Non-market Use,-0.50635718689208,51076.06683845816
2055,tto,0.09505757657795393,1.232589999999999,Corals,Non-market Use,-0.5923394984997641,56084.09751667015
2060,tto,0.10194269917200349,1.20704,Corals,Non-market Use,-0.7006314129934443,61448.61734881187
2065,tto,0.10912638060488439,1.182883,Corals,Non-market Use,-0.7693175061881767,67153.94400042186
2070,tto,0.11643178552871139,1.1603931410065533,Corals,Non-market Use,-0.8764478862000082,73072.80593679598
2075,tto,0.1238160119267165,1.1394920479221768,Corals,Non-market Use,-0.9343276217975278,79169.99385935733
2080,tto,0.13123230141302875,1.120107683699444,Corals,Non-market Use,-1.026671988321306,85404.68373433311
2085,tto,0.13863042647514337,1.1021739341533627,Corals,Non-market Use,-1.0839175737917426,91730.69154222247
2090,tto,0.14595716611999196,1.0856302307172654,Corals,Non-market Use,-1.1640851391125429,98096.87340916759
2095,tto,0.15315686609789914,1.070421208117844,Corals,Non-market Use,-1.2318182258856787,104447.67263061726
2100,tto,0.16017207752311433,1.0564963942500958,Corals,Non-market Use,-1.3004096706230648,110723.81051106176
2030,tza,1.6832979001603126,154.926012,Corals,Non-market Use,-0.6618174277606599,7975.690414602632
2035,tza,2.096012125692669,163.812307,Corals,Non-market Use,-1.6143070983652024,9394.536251315836
2040,tza,2.5882673630247894,172.033339,Corals,Non-market Use,-2.564678667667472,11048.950117578925
2045,tza,3.165221238739762,179.177707,Corals,Non-market Use,-3.542240983708197,12976.00438882286
2050,tza,3.8324004572862567,185.014429,Corals,Non-market Use,-4.623794378498218,15218.874679894592
2055,tza,4.598833231068434,189.580423,Corals,Non-market Use,-5.4953948525222245,17826.569595624063
2060,tza,5.467954823296682,193.127668,Corals,Non-market Use,-6.601839120009295,20810.875677576212
2065,tza,6.439008151169815,195.843027,Corals,Non-market Use,-7.357753306045446,24172.25134270364
2070,tza,7.52533557535007,198.45888688629088,Corals,Non-market Use,-8.502243636328537,27884.177861939435
2075,tza,8.728116532940351,200.97017083227115,Corals,Non-market Use,-9.187033289036023,31943.88414971328
2080,tza,10.045637772120298,203.37195118093564,Corals,Non-market Use,-10.225263782623315,36339.712634395466
2085,tza,11.472840491157271,205.65946539867772,Corals,Non-market Use,-10.927002676188003,41050.032336607415
2090,tza,13.000935587832608,207.82813167299483,Corals,Non-market Use,-11.869816791186352,46042.3755793069
2095,tza,14.61711961334222,209.87356408330083,Corals,Non-market Use,-12.695507743936325,51272.8774852487
2100,tza,16.30442355367244,211.79158727515227,Corals,Non-market Use,-13.536759435459132,56686.0934734851
2030,usa,30.497112514304206,392.274604,Corals,Non-market Use,-33.98394907335205,61710.44323700841
2035,usa,32.03182948179051,397.0025,Corals,Non-market Use,-80.41834997001206,63954.691973892455
2040,usa,33.53813929191153,401.171601,Corals,Non-market Use,-123.94865091504198,66173.73032647757
2045,usa,35.00865608375228,404.260551,Corals,Non-market Use,-166.13366963819408,68451.50265458516
2050,usa,36.446788716196615,406.044541,Corals,Non-market Use,-210.54969167837453,70850.95804770051
2055,usa,37.8585432739446,406.64523,Corals,Non-market Use,-243.0733842037007,73383.55041980675
2060,usa,39.245948839665196,406.411009,Corals,Non-market Use,-283.89383653371397,76009.76410618977
2065,usa,40.591879955632464,405.502667,Corals,Non-market Use,-307.9468755337157,78681.7695010012
2070,usa,41.914365004612684,404.64167076559255,Corals,Non-market Use,-346.79231461631935,81303.40690531494
2075,usa,43.2080644757752,403.82772204193503,Corals,Non-market Use,-365.666017611941,83863.32329930857
2080,usa,44.467603820200644,403.0605390137047,Corals,Non-market Use,-397.674331142269,86350.10929547789
2085,usa,45.687609113050115,402.33985614238264,Corals,Non-market Use,-415.7865535196622,88752.38067197207
2090,usa,46.86274393340998,401.66542401299597,Corals,Non-market Use,-442.4912492086378,91058.86249458377
2095,usa,47.98774712413636,401.0370091901948,Corals,Non-market Use,-464.27924411885465,93258.47499344779
2100,usa,49.057471071879796,400.4543940835474,Corals,Non-market Use,-486.286260347287,95340.42030940068
2030,vnm,3.946396500115882,105.995262,Corals,Non-market Use,-0.7419808474923073,25643.680167546314
2035,vnm,4.244315603336698,104.556598,Corals,Non-market Use,-1.7760794940620812,28004.788901794192
2040,vnm,4.508951862653056,102.768093,Corals,Non-market Use,-2.764413573069703,30318.115954031866
2045,vnm,4.741239004907522,100.772993,Corals,Non-market Use,-3.7350192768766703,32564.18968717245
2050,vnm,4.951124232995528,98.686986,Corals,Non-market Use,-4.7646821769181145,34781.07878387077
2055,vnm,5.1498348591934375,96.590101,Corals,Non-market Use,-5.531586434359468,37022.45123268048
2060,vnm,5.3465500207681185,94.53687999999991,Corals,Non-market Use,-6.493962941013564,39335.17530785058
2065,vnm,5.545433838235214,92.5310300000001,Corals,Non-market Use,-7.0799544664503244,41750.33323018977
2070,vnm,5.741401741766758,90.66590394338381,Corals,Non-market Use,-8.01143917496455,44186.30769879641
2075,vnm,5.933616291788995,88.93455864108128,Corals,Non-market Use,-8.48590466082046,46629.79437674667
2080,vnm,6.121229840091208,87.33062399903824,Corals,Non-market Use,-9.26830034296217,49066.65078475042
2085,vnm,6.303390456333371,85.84826382680954,Corals,Non-market Use,-9.729464982089752,51482.01709086726
2090,vnm,6.479248114833471,84.48214030974677,Corals,Non-market Use,-10.393375879325212,53860.45428935315
2095,vnm,6.6479610822745965,83.22738184090156,Corals,Non-market Use,-10.943407089897931,56186.09825403844
2100,vnm,6.808702442148115,82.0795539401647,Corals,Non-market Use,-11.499395087024496,58442.827741061024
2030,yem,0.5937670836535153,60.928096,Corals,Non-market Use,-0.10120283968781685,9193.28567779296
2035,yem,0.7392475494688953,62.438104,Corals,Non-market Use,-0.24881916234093104,11118.16071755204
2040,yem,0.9024271948959636,63.49724,Corals,Non-market Use,-0.3973755152715679,13284.999416940238
2045,yem,1.081364634186225,64.221574,Corals,Non-market Use,-0.5500863769432094,15667.42902726121
2050,yem,1.2745559319983288,64.718744,Corals,Non-market Use,-0.7175858772428674,18240.150274412114
2055,yem,1.4813497023245576,64.9957859999999,Corals,Non-market Use,-0.8503373332814697,21011.43650132678
2060,yem,1.701437281860599,65.020098,Corals,Non-market Use,-1.0173884631279844,24011.872484961106
2065,yem,1.93465901717319,64.758694,Corals,Non-market Use,-1.1291169433453332,27285.31134667578
2070,yem,2.186589729596146,64.51135859050774,Corals,Non-market Use,-1.2994967721365498,30811.224465716485
2075,yem,2.45634062252115,64.27793577310607,Corals,Non-market Use,-1.3987579956711995,34574.038995457624
2080,yem,2.7425346681783727,64.05827856658496,Corals,Non-market Use,-1.551124573405068,38551.04478486436
2085,yem,3.043277434914058,63.85224885250585,Corals,Non-market Use,-1.6518053689987902,42712.0702873389
2090,yem,3.3561416462378597,63.65971723029451,Corals,Non-market Use,-1.7884215068228109,47019.378355127024
2095,yem,3.6781679888628136,63.48056288164977,Corals,Non-market Use,-1.9069001479404104,51427.81600346601
2100,yem,4.005884252448636,63.314673444068724,Corals,Non-market Use,-2.0273566747852403,55885.24425877946
2030,zaf,2.163837042343466,67.836628,Corals,Non-market Use,-0.0016732900138755336,26732.78347120928
2035,zaf,2.4565394890028807,67.030147,Corals,Non-market Use,-0.004056471052685945,30638.943435828896
2040,zaf,2.7623932536892326,65.99224000000001,Corals,Non-market Use,-0.006398252861858522,34909.7352485127
2045,zaf,3.080704809865943,64.739926,Corals,Non-market Use,-0.008766493638611289,39587.939488729295
2050,zaf,3.4120478152854896,63.382743,Corals,Non-market Use,-0.011342080348156064,44674.27776789279
2055,zaf,3.7547869172505157,61.938108,Corals,Non-market Use,-0.013350448145572236,50184.15595711906
2060,zaf,4.104418474301271,60.409942,Corals,Non-market Use,-0.015879200227233492,56105.52313241059
2065,zaf,4.457868708331205,58.8106079999999,Corals,Non-market Use,-0.017524371613062015,62438.78832930494
2070,zaf,4.822561784998416,57.33146546600568,Corals,Non-market Use,-0.020060772048027628,69117.0813583421
2075,zaf,5.1963253381018815,55.965416384371856,Corals,Non-market Use,-0.0214828884343439,76101.33854728621
2080,zaf,5.57668276403087,54.705999776083516,Corals,Non-market Use,-0.023707443071209908,83342.98128251609
2085,zaf,5.960869676822305,53.54734062099427,Corals,Non-market Use,-0.025130243837446734,90784.0160277032
2090,zaf,6.345857975801754,52.48410401254732,Corals,Non-market Use,-0.02709074179274601,98357.41505057435
2095,zaf,6.728387559590059,51.51145404038271,Corals,Non-market Use,-0.028767829211806276,105987.7939202605
2100,zaf,7.10500549270443,50.625016955348805,Corals,Non-market Use,-0.030468699554968184,113592.39159167255
2030,are,NA,11.994423,Corals,Non-use,-1.4157180929497173,96429.04637079929
2035,are,NA,11.802186,Corals,Non-use,-3.338592637508299,98574.62569907101
2040,are,NA,11.482985,Corals,Non-use,-5.127769850440927,100592.07184740566
2045,are,NA,11.086581,Corals,Non-use,-6.850462732326633,102718.39925216572
2050,are,NA,10.672363,Corals,Non-use,-8.651448573549402,104847.35372298541
2055,are,NA,10.285696,Corals,Non-use,-9.950684402806331,106995.86295564147
2060,are,NA,9.951524999999991,Corals,Non-use,-11.57984785062267,109243.3638144204
2065,are,NA,9.647250000000009,Corals,Non-use,-12.525292104256664,111822.52399218653
2070,are,NA,9.367027004623687,Corals,Non-use,-14.067114329274204,114337.15256462716
2075,are,NA,9.109263804747432,Corals,Non-use,-14.794569609836401,116780.48940176117
2080,are,NA,8.87251988282984,Corals,Non-use,-16.05042474124194,119145.87863458648
2085,are,NA,8.655492965862006,Corals,Non-use,-16.742876306701476,121426.7991786327
2090,are,NA,8.457007046202392,Corals,Non-use,-17.779713520704064,123616.89500683415
2095,are,NA,8.276001715533157,Corals,Non-use,-18.617438759708335,125710.00497280284
2100,are,NA,8.11152267595923,Corals,Non-use,-19.463178559365474,127700.19198649486
2030,aus,2.539893488378035,33.290315,Corals,Non-use,-451.9414843911145,58814.88203595549
2035,aus,2.75220907467629,33.85498,Corals,Non-use,-1077.4394297308681,62617.940845988735
2040,aus,2.9613379209999398,34.32925299999999,Corals,Non-use,-1671.9044740449608,66391.66263704035
2045,aus,3.1638926693614557,34.697285,Corals,Non-use,-2254.0512829118743,70123.87481842496
2050,aus,3.3571881248185558,34.930598,Corals,Non-use,-2870.8981540116,73851.40439979927
2055,aus,3.5403060741582193,35.02683,Corals,Non-use,-3328.4755014845796,77602.95117981447
2060,aus,3.7135242961675776,35.013541,Corals,Non-use,-3901.776317544427,81364.9523600343
2065,aus,3.876094331336857,34.921482,Corals,Non-use,-4245.701759088057,85081.94390119465
2070,aus,4.037296979935233,34.83425589293856,Corals,Non-use,-4795.594450907258,88770.40466684739
2075,aus,4.196366670532069,34.751827038144256,Corals,Non-use,-5070.944701502129,92411.88968896322
2080,aus,4.352518323081721,34.67416178062263,Corals,Non-use,-5529.61715949393,95987.44660203859
2085,aus,4.50495336869886,34.60122842813795,Corals,Non-use,-5796.062778402556,99477.7689354704
2090,aus,4.652866180594523,34.53299722964536,Corals,Non-use,-6182.92993727373,102863.36041729419
2095,aus,4.795450849712881,34.4694403550529,Corals,Non-use,-6501.711990945121,106124.70849261219
2100,aus,4.931908230417701,34.41053187629407,Corals,Non-use,-6823.874931561091,109242.46502984481
2030,bgd,5.431266203943127,198.396591,Corals,Non-use,-0.003069195078616249,19377.9804637818
2035,bgd,6.08302615019111,196.092233,Corals,Non-use,-0.0074354239549488665,21980.76748357563
2040,bgd,6.733893590787288,193.032804,Corals,Non-use,-0.01171304817209648,24743.445400347304
2045,bgd,7.356824065678982,189.393574,Corals,Non-use,-0.016005045754952513,27579.80600023973
2050,bgd,7.9402226954069155,185.262633,Corals,Non-use,-0.02062634726408477,30461.516001319338
2055,bgd,8.492422097392724,180.753927,Corals,Non-use,-0.024169692214854932,33426.47900131908
2060,bgd,9.02377072078885,176.005054,Corals,Non-use,-0.028617846581233453,36513.15908297484
2065,bgd,9.541193178411053,171.297294,Corals,Non-use,-0.031438714549329144,39707.992565998
2070,bgd,10.060930036426056,166.94454841712957,Corals,Non-use,-0.035833027574091014,43006.13739144765
2075,bgd,10.58013383446557,162.92567870597568,Corals,Non-use,-0.03821567876007556,46387.881163981736
2080,bgd,11.095798423803018,159.22145130232897,Corals,Non-use,-0.04200936818926554,49830.79478300435
2085,bgd,11.604784342649396,155.81438377762913,Corals,Non-use,-0.044368027943032406,53309.89670475275
2090,bgd,12.103847557507795,152.68860681823722,Corals,Non-use,-0.0476656748331829,56797.885163595696
2095,bgd,12.589671269187816,149.82974049872666,Corals,Non-use,-0.05045483360238137,60265.4377186935
2100,bgd,13.058900403294526,147.22478349314724,Corals,Non-use,-0.053279461814538104,63681.57542492825
2030,bhr,0.1743548659803165,2.302458,Corals,Non-use,-0.5120697127725933,54452.93165277931
2035,bhr,0.18464944107622103,2.306893,Corals,Non-use,-1.2183012461331373,57595.72828508418
2040,bhr,0.19355693952023992,2.290422,Corals,Non-use,-1.888066886441166,60849.02034895949
2045,bhr,0.2013125238598326,2.257669,Corals,Non-use,-2.544314956074608,64248.24999214608
2050,bhr,0.20839990242432657,2.215613,Corals,Non-use,-3.241255677229759,67817.94403719515
2055,bhr,0.2154213207620941,2.170595,Corals,Non-use,-3.761003429636972,71604.60268651733
2060,bhr,0.22257465955331468,2.124603,Corals,Non-use,-4.41541663757863,75634.30620431488
2065,bhr,0.22945555392979544,2.07402,Corals,Non-use,-4.815617632587106,79927.49236148191
2070,bhr,0.23619449025868208,2.02711022627898,Corals,Non-use,-5.4510846240087645,84234.96735238584
2075,bhr,0.2427662464897577,1.9836745420978494,Corals,Non-use,-5.775807083075605,88533.4045409614
2080,bhr,0.24914559608903228,1.9435309585867202,Corals,Non-use,-6.310273122449921,92798.3188525213
2085,bhr,0.25530746387575876,1.9065133599188495,Corals,Non-use,-6.626161432670408,97004.28029211539
2090,bhr,0.2612270855073785,1.8724703533131064,Corals,Non-use,-7.080211586917883,101125.15138422877
2095,bhr,0.266880169246029,1.8412642326792064,Corals,Non-use,-7.456763132267469,105134.34574175545
2100,bhr,0.27224305857331826,1.8127700459332363,Corals,Non-use,-7.837412490497876,109005.10442740805
2030,bhs,0.020906657093800823,0.445260999999999,Corals,Non-use,-5.041426347982963,39164.98519831732
2035,bhs,0.02234354837628066,0.442368,Corals,Non-use,-12.048202650562644,42031.190573617576
2040,bhs,0.0238225682479904,0.438442999999999,Corals,Non-use,-18.76110344783274,45107.783690214404
2045,bhs,0.025328320624502392,0.433284,Corals,Non-use,-25.4075685855222,48415.024616195544
2050,bhs,0.026849852072616864,0.426799,Corals,Non-use,-32.532740260541004,51979.588241288606
2055,bhs,0.028361962036230825,0.419049,Corals,Non-use,-37.93706511683115,55789.343626982096
2060,bhs,0.029862505787165296,0.4103,Corals,Non-use,-44.749386849989605,59850.461997013634
2065,bhs,0.031356845145867736,0.400918,Corals,Non-use,-49.02244671074254,64162.32448077558
2070,bhs,0.0328475063713577,0.39220890411357545,Corals,Non-use,-55.72585169659419,68540.33955733053
2075,bhs,0.03432684604098251,0.38413741119484723,Corals,Non-use,-59.28168386882447,72956.51795953912
2080,bhs,0.03578692323092229,0.37667121423395145,Corals,Non-use,-65.0119766362169,77380.53328951352
2085,bhs,0.03721956410284305,0.3697807841448597,Corals,Non-use,-68.50904764185964,81780.01575707347
2090,bhs,0.03861643263630678,0.36343917437728646,Corals,Non-use,-73.44736907038953,86120.90314315366
2095,bhs,0.03996910675262763,0.35762184453618145,Corals,Non-use,-77.5939519911854,90367.8448819922
2100,bhs,0.04126915894368975,0.3523065013859621,Corals,Non-use,-81.79018973148607,94484.65351995622
2030,blz,0.017138658141188146,0.591210999999999,Corals,Non-use,-0.4524333711126438,25170.84007601416
2035,blz,0.02025287439479687,0.599851999999999,Corals,Non-use,-1.1041962458296837,29225.16403332586
2040,blz,0.023663988067132453,0.605154,Corals,Non-use,-1.7532482097756379,33742.9636927717
2045,blz,0.027305697098040805,0.607607,Corals,Non-use,-2.4159333721104552,38657.54421786719
2050,blz,0.03113980471033504,0.607429999999999,Corals,Non-use,-3.1410989285725037,43960.40847613287
2055,blz,0.03513754542983736,0.604987000000001,Corals,Non-use,-3.712786781431088,49647.967810435126
2060,blz,0.03928703581475631,0.600637,Corals,Non-use,-4.432611547201262,55736.92403833945
2065,blz,0.043569790511193994,0.594581,Corals,Non-use,-4.908834183192376,62245.167725053914
2070,blz,0.04808193516684422,0.5888858073808309,Corals,Non-use,-5.637975031933912,69135.81124038399
2075,blz,0.05279928826923946,0.5835420420041584,Corals,Non-use,-6.056775190867043,76370.34504907388
2080,blz,0.057691676708504495,0.5785409498046759,Corals,Non-use,-6.704083199648302,83899.63945462562
2085,blz,0.06272294046754655,0.5738743788248434,Corals,Non-use,-7.126706038243405,91663.9072150623
2090,blz,0.06785110098457522,0.5695347570089673,Corals,Non-use,-7.70337456520199,99592.98127734939
2095,blz,0.07302870552412943,0.565515071671713,Corals,Non-use,-8.20095906448664,107606.93336411775
2100,blz,0.07820335452212006,0.5618088505629093,Corals,Non-use,-8.706373843945947,115617.04776277348
2030,bra,8.683643794732223,219.98681,Corals,Non-use,-0.9420655817549175,32711.538726502422
2035,bra,9.736283529240387,215.662394,Corals,Non-use,-2.287907937488704,37328.75592121326
2040,bra,10.81008624586627,210.670582,Corals,Non-use,-3.614396322335324,42332.79313392043
2045,bra,11.876980385685131,205.115032,Corals,Non-use,-4.956279043964258,47663.39358409413
2050,bra,12.937228299714956,199.309975,Corals,Non-use,-6.414047941558465,53310.305653847274
2055,bra,13.989430782526474,193.427095,Corals,Non-use,-7.548015885131122,59265.51321241279
2060,bra,15.033500383780359,187.625721,Corals,Non-use,-8.972459794290046,65509.63643229593
2065,bra,16.069087302119286,182.011177,Corals,Non-use,-9.893142821310263,72018.90480925808
2070,bra,17.120664736925555,176.83697024148006,Corals,Non-use,-11.315302507494977,78797.89089469322
2075,bra,18.18209037859181,172.074440613558,Corals,Non-use,-12.107538704380488,85803.67949796314
2080,bra,19.246697043302742,167.6976334998618,Corals,Non-use,-13.350905878037011,92985.8611103535
2085,bra,20.307348371094957,163.68306348478015,Corals,Non-use,-14.141774061320774,100286.8579149938
2090,bra,21.35650644052634,160.00950360280336,Corals,Non-use,-15.23448586368022,107642.46049560749
2095,bra,22.386310723537115,156.65779747463733,Corals,Non-use,-16.16711170458879,114982.57781246149
2100,bra,23.388667490968032,153.61069199296466,Corals,Non-use,-17.112624656608162,122232.19572083319
2030,brb,0.0107337268311372,0.274003999999999,Corals,Non-use,-0.12807256492675556,34151.93748244334
2035,brb,0.011900591666986203,0.27208,Corals,Non-use,-0.30905499903780687,38011.29378758829
2040,brb,0.013127088318563742,0.270097,Corals,Non-use,-0.4853186937911431,42102.11992443791
2045,brb,0.01440287057178443,0.267976,Corals,Non-use,-0.661957132628439,46410.75588963448
2050,brb,0.015723329658555676,0.265513,Corals,Non-use,-0.8527755216325872,50971.79397255268
2055,brb,0.017085737940618618,0.262778,Corals,Non-use,-0.999683343023392,55784.96189491746
2060,brb,0.018486991553747615,0.25977,Corals,Non-use,-1.1845936408196351,60862.0176079344
2065,brb,0.019915615605957063,0.256305,Corals,Non-use,-1.3030449290245336,66236.57975565802
2070,brb,0.021377688600212733,0.25305715774050125,Corals,Non-use,-1.4870251026003078,71777.92991083991
2075,brb,0.022864496879618525,0.25001924440788487,Corals,Non-use,-1.5877931566496457,77449.74231800878
2080,brb,0.024366366698490106,0.24718454763923445,Corals,Non-use,-1.7474017302545786,83210.77039519764
2085,brb,0.025872739541435957,0.2445468467266735,Corals,Non-use,-1.8475111125335744,89015.18201440925
2090,brb,0.02737227035603542,0.24210038979195841,Corals,Non-use,-1.986865229333544,94813.02805939192
2095,brb,0.028852948192467892,0.23983987281370692,Corals,Non-use,-2.1051639822568387,100550.84258939647
2100,brb,0.030302238098253678,0.23776042039986134,Corals,Non-use,-2.2250387728226872,106172.36858932246
2030,chn,60.882906835826795,1146.749636,Corals,Non-use,-1.2501290682560438,30524.87998773806
2035,chn,63.27248731758661,1091.65903,Corals,Non-use,-2.9989976254816355,33529.5100896665
2040,chn,65.05110143821298,1038.70914,Corals,Non-use,-4.675277234431718,36451.53219971716
2045,chn,66.35896166699999,986.647114,Corals,Non-use,-6.3286587131372585,39385.14530505794
2050,chn,67.32197501184746,935.604942999999,Corals,Non-use,-8.09121653858071,42391.88683171695
2055,chn,68.10119633613381,887.408687000001,Corals,Non-use,-9.41430195846364,45483.869315166194
2060,chn,68.73471037814025,842.783736000001,Corals,Non-use,-11.071392786475258,48627.13275308133
2065,chn,69.093767985319,800.2158090000011,Corals,Non-use,-12.08251329441373,51787.79658211562
2070,chn,69.43665458110044,761.8188272449213,Corals,Non-use,-13.684871561281781,54991.371472581865
2075,chn,69.76310657335446,727.1881833962738,Corals,Non-use,-14.507805889073296,58221.477221564135
2080,chn,70.07287187070006,695.9682412494976,Corals,Non-use,-15.857990070359335,61460.57616277974
2085,chn,70.36571020595885,667.8462697188777,Corals,Non-use,-16.6591761343346,64690.11725904805
2090,chn,70.64139344585674,642.5472249797639,Corals,Non-use,-17.807820823613383,67890.70233593373
2095,chn,70.89970588641593,619.829258864559,Corals,Non-use,-18.76162014830743,71042.27260301814
2100,chn,71.14044453350388,599.4798506048857,Corals,Non-use,-19.725656298824873,74124.3131120858
2030,col,2.1991026775271743,57.018611,Corals,Non-use,-1.1631520660336179,30995.67370170845
2035,col,2.4462658401896302,56.394002,Corals,Non-use,-2.812244690198284,34804.084063777766
2040,col,2.690811240437508,55.57219600000001,Corals,Non-use,-4.421456154014422,38785.665115142016
2045,col,2.9246453533371297,54.532819,Corals,Non-use,-6.033200439689324,42888.98325073831
2050,col,3.146550422322223,53.348143,Corals,Non-use,-7.768592025677066,47090.100610378286
2055,col,3.3575702387353052,52.08693,Corals,Non-use,-9.095957415754768,51379.88554954595
2060,col,3.559229069298789,50.81842,Corals,Non-use,-10.757891392867634,55733.06641865997
2065,col,3.753697337280461,49.607447,Corals,Non-use,-11.80137710933127,60113.319582413504
2070,col,3.948536235036359,48.48443658428588,Corals,Non-use,-13.432648518102198,64590.86411087553
2075,col,4.142701457045377,47.444616588673966,Corals,Non-use,-14.307453627690876,69137.20220641028
2080,col,4.3350971605015065,46.48362592364344,Corals,Non-use,-15.708755174746742,73720.88244836856
2085,col,4.524585124309597,45.59748399423072,Corals,Non-use,-16.571914218731962,78307.78610084811
2090,col,4.70999498737163,44.78256311537008,Corals,Non-use,-17.784724935047052,82861.48730144299
2095,col,4.8901354573144324,44.03556365410276,Corals,Non-use,-18.806796099449457,87343.68373885988
2100,col,5.063806356304529,43.3534916592201,Corals,Non-use,-19.841482733957378,91714.69222621302
2030,com,0.019111317642575572,1.419503,Corals,Non-use,-0.10149958200540077,11562.26487893679
2035,com,0.02329424111578424,1.452683,Corals,Non-use,-0.24924201381552535,13731.084327682092
2040,com,0.027779174041673647,1.477546,Corals,Non-use,-0.397069917679012,16052.411684095821
2045,com,0.03250147130401697,1.493277,Corals,Non-use,-0.5482349120228456,18529.16160725333
2050,com,0.037412150700210665,1.502721,Corals,Non-use,-0.7133137959243729,21132.694650847476
2055,com,0.04249989221540884,1.507148999999999,Corals,Non-use,-0.8430825664238828,23865.794249741823
2060,com,0.04772297554332414,1.506713,Corals,Non-use,-1.0058324823687137,26727.673976443253
2065,com,0.05309200874818321,1.501228,Corals,Non-use,-1.112912008448287,29755.197448043666
2070,com,0.05876642692736279,1.4960362190828647,Corals,Non-use,-1.277158088473227,32951.85405949702
2075,com,0.06471674759619342,1.4911346998184112,Corals,Non-use,-1.3709582088933363,36299.5296177001
2080,com,0.07090551534126324,1.4865206540417912,Corals,Non-use,-1.5163702852799847,39775.43353478672
2085,com,0.07728724761073218,1.4821914602073083,Corals,Non-use,-1.6108656693445873,43352.10327046731
2090,com,0.08380860017744517,1.4781446609035076,Corals,Non-use,-1.7401122115437673,46997.545126632416
2095,com,0.0904087714043603,1.4743779605262366,Corals,Non-use,-1.8514305948160743,50675.52175759012
2100,com,0.0970201571907706,1.4708892231065913,Corals,Non-use,-1.964477659293994,54345.99194756496
2030,cri,0.22935917494147057,5.714681,Corals,Non-use,-0.16095362901668686,33287.80558495974
2035,cri,0.2477531813571447,5.659395000000001,Corals,Non-use,-0.3860330568563892,36227.00348882983
2040,cri,0.26444808157885424,5.579778,Corals,Non-use,-0.6021055054289715,39131.510495726456
2045,cri,0.2789683483411859,5.476208000000009,Corals,Non-use,-0.8152164488755851,41965.83053221795
2050,cri,0.29150864192822673,5.351755,Corals,Non-use,-1.042106508011532,44770.45681775918
2055,cri,0.3023171542021886,5.21436,Corals,Non-use,-1.2119011425378137,47545.710941876154
2060,cri,0.31167058085259597,5.071476,Corals,Non-use,-1.4242766852147497,50283.09562261774
2065,cri,0.3196599950837899,4.92783100000001,Corals,Non-use,-1.5531729889893722,52954.36945696334
2070,cri,0.3274445004469059,4.795233434755651,Corals,Non-use,-1.7579130093641613,55616.511463766685
2075,cri,0.33499888934744376,4.672994824918617,Corals,Non-use,-1.8624102875159778,58254.31043839174
2080,cri,0.34229819284174623,4.560490202914771,Corals,Non-use,-2.0345145939861204,60852.018797626675
2085,cri,0.3493178147662043,4.457152773701241,Corals,Non-use,-2.1361242733619576,63393.50139880973
2090,cri,0.3560336669157753,4.362469138673943,Corals,Non-use,-2.282257308274991,65862.39647917866
2095,cri,0.3624223042591582,4.275975026191238,Corals,Non-use,-2.403392703082792,68242.28658846051
2100,cri,0.3684610591516766,4.197251478803027,Corals,Non-use,-2.5258374854661714,70516.87710486464
2030,dji,0.02531570213182291,1.476122999999999,Corals,Non-use,-0.20883822744268699,12780.75763976315
2035,dji,0.028659421400017,1.47797,Corals,Non-use,-0.5056335851761578,14449.322786390547
2040,dji,0.0320790667500653,1.474683999999999,Corals,Non-use,-0.7960137367362137,16207.833628088636
2045,dji,0.035533554891101486,1.465015,Corals,Non-use,-1.0880813383748134,18069.881929464027
2050,dji,0.038998220990272725,1.449606999999999,Corals,Non-use,-1.4041832389497824,20040.555601037388
2055,dji,0.042518234380032424,1.428774,Corals,Non-use,-1.6492856308350223,22165.800943154132
2060,dji,0.04610146997689381,1.403997,Corals,Non-use,-1.9584689302656262,24455.51660916826
2065,dji,0.04972430303131712,1.376307,Corals,Non-use,-2.158625837799372,26905.31812576714
2070,dji,0.053436455947141526,1.3505203040252223,Corals,Non-use,-2.468087753793572,29463.05443423887
2075,dji,0.05721577628361261,1.3265485174070084,Corals,Non-use,-2.6400640725262488,32113.702840701044
2080,dji,0.06103757903328317,1.3043103579380424,Corals,Non-use,-2.9103537203577456,34839.3921740527
2085,dji,0.06487483557186356,1.2837311949846717,Corals,Non-use,-3.0819605618163095,37619.486976791944
2090,dji,0.068698423499122,1.2647426304850011,Corals,Non-use,-3.3193287031090932,40430.74861719144
2095,dji,0.07247743626584925,1.2472821185275749,Corals,Non-use,-3.521800475859523,43247.57570297637
2100,dji,0.07617954975069037,1.2312926205369676,Corals,Non-use,-3.7270806920271724,46042.32363301129
2030,dom,0.6809607530963461,13.605327,Corals,Non-use,-0.2966963732061494,39168.644074088086
2035,dom,0.7479386301139422,13.592163,Corals,Non-use,-0.7130672235637512,43015.02667173566
2040,dom,0.8153821573044928,13.539076,Corals,Non-use,-1.115323642702613,47025.325781606494
2045,dom,0.882151926967396,13.448394,Corals,Non-use,-1.5152467134242187,51162.16210604921
2050,dom,0.9480605627488098,13.33164,Corals,Non-use,-1.94385301380715,55404.39053894581
2055,dom,1.0137698619835827,13.1934,Corals,Non-use,-2.2692855913441896,59798.396167443
2060,dom,1.0797662058455184,13.039716,Corals,Non-use,-2.678244647265725,64369.94786806661
2065,dom,1.1465838162796156,12.870055,Corals,Non-use,-2.934873900432251,69176.89907559521
2070,dom,1.2139885848618184,12.710974151821462,Corals,Non-use,-3.3371805270782033,74077.28141296539
2075,dom,1.281599734670028,12.562128814467876,Corals,Non-use,-3.5511486468794935,79040.82625316267
2080,dom,1.3490110100359611,12.42319880738239,Corals,Non-use,-3.8955020239059372,84034.35178225745
2085,dom,1.415794127827137,12.293887259010674,Corals,Non-use,-4.106158818407113,89022.05564155383
2090,dom,1.4815027830729903,12.173919546164148,Corals,Non-use,-4.403291227329806,93965.87790872049
2095,dom,1.5456771688764623,12.063042318862172,Corals,Non-use,-4.653048679922197,98825.93114700189
2100,dom,1.607848956934873,11.961022605790253,Corals,Non-use,-4.905850430423364,103560.9922515327
2030,ecu,0.5029045386766711,22.148377,Corals,Non-use,-0.1392869514666728,16734.712432516106
2035,ecu,0.5704417424566508,22.127966,Corals,Non-use,-0.33760915609351017,19002.181120772424
2040,ecu,0.6411964504159533,22.007437,Corals,Non-use,-0.5325453882728226,21479.013453889704
2045,ecu,0.7135974906578656,21.799422,Corals,Non-use,-0.7294123022201546,24135.70851230113
2050,ecu,0.7870971518596169,21.515577,Corals,Non-use,-0.9431835766437224,26976.52972318404
2055,ecu,0.8614339718277071,21.174346,Corals,Non-use,-1.109372276633957,30004.17844557357
2060,ecu,0.9365064040833166,20.79176,Corals,Non-use,-1.3185094431884945,33223.7196352561
2065,ecu,1.0123144486264453,20.392899,Corals,Non-use,-1.4538845664231772,36620.49573865117
2070,ecu,1.0901617538393031,20.021250063900457,Corals,Non-use,-1.6629920290097289,40174.13108647005
2075,ecu,1.1695832371207153,19.675578209302113,Corals,Non-use,-1.7795575482613515,43864.11310787882
2080,ecu,1.2500570545847094,19.354746895352772,Corals,Non-use,-1.9624666985914345,47665.81610887961
2085,ecu,1.3310084547777865,19.057711773691988,Corals,Non-use,-2.0788993531381443,51550.59931831889
2090,ecu,1.411815015032311,18.783515001421392,Corals,Non-use,-2.239738929853786,55486.01641970744
2095,ecu,1.4918132452160024,18.531280072589617,Corals,Non-use,-2.3770782859343313,59436.140869654126
2100,ecu,1.5703065036632204,18.300207128996984,Corals,Non-use,-2.5163436331403872,63362.00760163932
2030,egy,8.708304773816822,183.488565,Corals,Non-use,-2.362184645958763,41111.48566788448
2035,egy,10.221131794229986,188.169675,Corals,Non-use,-5.737925044482154,46909.155510689074
2040,egy,11.824761942557195,192.031397,Corals,Non-use,-9.058343866949684,53014.423644752234
2045,egy,13.504787342413586,195.18917,Corals,Non-use,-12.407147110132087,59383.722427524895
2050,egy,15.253836522160366,197.617954,Corals,Non-use,-16.036077572425995,66045.83600783128
2055,egy,17.078024452588792,199.49619,Corals,Non-use,-18.848094802278382,73021.2027363778
2060,egy,18.974000464772146,200.615357,Corals,Non-use,-22.388935604529507,80424.74696775684
2065,egy,20.92367094650616,200.998176,Corals,Non-use,-24.67926986916484,88244.07097285887
2070,egy,22.966179088380404,201.36254802911262,Corals,Non-use,-28.22036698627599,96380.76646934982
2075,egy,25.090076648990742,201.7083683560508,Corals,Non-use,-30.190580478880634,104783.93082685566
2080,egy,27.28148455108985,202.03553735979685,Corals,Non-use,-33.286212610111335,113393.67720091663
2085,egy,29.52412832991326,202.34396057737354,Corals,Non-use,-35.254359635453056,122141.46209957924
2090,egy,31.799438758411117,202.6335487492462,Corals,Non-use,-37.9758547147033,130950.66265336706
2095,egy,34.08672124470934,202.90421786232432,Corals,Non-use,-40.299238615343995,139737.4105952317
2100,egy,36.36339549322331,203.1558891905347,Corals,Non-use,-42.65577129550908,148411.68160378007
2030,fra,3.6385550152081905,69.99743599999991,Corals,Non-use,-54.09691555213067,40139.04227580565
2035,fra,3.8404532458844267,70.469078,Corals,Non-use,-128.44101019690243,42047.4265421127
2040,fra,4.044468009811731,70.9756440000001,Corals,Non-use,-198.56649894448856,43928.120219539785
2045,fra,4.253221171709417,71.488333,Corals,Non-use,-266.8723566439512,45825.591062121595
2050,fra,4.467357212290615,71.950782,Corals,Non-use,-339.0562558881902,47783.158609502956
2055,fra,4.685821526752023,72.3526550000001,Corals,Non-use,-392.2880326341792,49799.51004897731
2060,fra,4.90428584121343,72.6900599999999,Corals,Non-use,-459.02129131278707,51835.6255895342
2065,fra,5.114035018758679,72.904084,Corals,Non-use,-498.66334916064807,53848.41513719308
2070,fra,5.321818871527341,73.10800545075023,Corals,Non-use,-562.3728938851254,55832.801360078745
2075,fra,5.526664684096112,73.30173456560772,Corals,Non-use,-593.7876274838509,57779.795217030136
2080,fra,5.727576987773153,73.48518579501756,Corals,Non-use,-646.597407581572,59680.277208823434
2085,fra,5.923545102423709,73.65827788936552,Corals,Non-use,-676.8692740570814,61525.06465837806
2090,fra,6.11355116349143,73.82093395885082,Corals,Non-use,-721.1655635589614,63304.98228191649
2095,fra,6.296578551975396,73.97308153031699,Corals,Non-use,-757.4837880910918,65010.9353409309
2100,fra,6.4716206355735295,74.11465260098254,Corals,Non-use,-794.1774817697833,66633.98460059243
2030,gbr,4.918608630123687,75.238571,Corals,Non-use,-5.397346925455281,55589.25658415759
2035,gbr,5.311523605951815,75.941693,Corals,Non-use,-12.880842821730369,59312.48577400976
2040,gbr,5.693367969914301,76.6425889999999,Corals,Non-use,-19.992329279179046,62823.37932806129
2045,gbr,6.057444307650436,77.224094,Corals,Non-use,-26.94622536382093,66156.19136954025
2050,gbr,6.4011149388469315,77.585617,Corals,Non-use,-34.302294081497735,69393.16778324758
2055,gbr,6.723982300094242,77.72841199999999,Corals,Non-use,-39.7396033309783,72559.4886745647
2060,gbr,7.024616692208066,77.729072,Corals,Non-use,-46.53268246415422,75594.19391414784
2065,gbr,7.29683294598999,77.64390300000001,Corals,Non-use,-50.55358144716968,78392.56358264125
2070,gbr,7.565459802836363,77.56308110499685,Corals,Non-use,-57.014632610758554,81137.81234759963
2075,gbr,7.829317190977586,77.48659269601175,Corals,Non-use,-60.201720001029,83817.0145258243
2080,gbr,8.087207032582473,77.41442488122905,Corals,Non-use,-65.5580360709593,86417.16367535813
2085,gbr,8.337921831516386,77.3465654923743,Corals,Non-use,-68.62928815782942,88925.27350992811
2090,gbr,8.580253685134057,77.28300308129451,Corals,Non-use,-73.12249028376993,91328.48232112346
2095,gbr,8.81300363177237,77.22372691673922,Corals,Non-use,-76.8067337818976,93614.15978610305
2100,gbr,9.034991237632005,77.16872698134117,Corals,Non-use,-80.52898608936601,95770.01496416115
2030,hnd,0.24345384846465332,14.606827,Corals,Non-use,-0.3520739550208347,13390.658731043039
2035,hnd,0.29404346778782375,14.714894,Corals,Non-use,-0.8661371227997101,16028.224834507546
2040,hnd,0.3504108437769002,14.74258,Corals,Non-use,-1.3853200972267814,19033.72338232127
2045,hnd,0.4111048287970214,14.698715,Corals,Non-use,-1.9212363616323564,22360.444487579363
2050,hnd,0.4752858050682112,14.59986,Corals,Non-use,-2.51153028172466,25983.623797574586
2055,hnd,0.5426042260798828,14.454841,Corals,Non-use,-2.982719045644153,29912.216064136057
2060,hnd,0.6127790423144325,14.275117,Corals,Non-use,-3.5755733545271546,34149.70478355844
2065,hnd,0.6857071552051015,14.071302,Corals,Non-use,-3.9736608161903924,38703.4724865052
2070,hnd,0.7632342230435663,13.880442247587917,Corals,Non-use,-4.579144179732854,43599.518033244734
2075,hnd,0.8449849112409343,13.702080269677477,Corals,Non-use,-4.934848572477318,48816.88168169256
2080,hnd,0.9304638165742042,13.53579189063024,Corals,Non-use,-5.478549504459153,54325.364063276254
2085,hnd,1.0190529693618249,13.38118454560105,Corals,Non-use,-5.840252361021776,60085.13792043285
2090,hnd,1.1100126850904715,13.237895730796852,Corals,Non-use,-6.329410375126887,66046.63361657332
2095,hnd,1.2024861337120551,13.105591582056029,Corals,Non-use,-6.754751789453049,72150.73819906366
2100,hnd,1.2955078837958018,12.98396557391943,Corals,Non-use,-7.187332841189498,78329.3381233588
2030,hti,0.17864609318157984,15.393235,Corals,Non-use,-0.0538697849621812,9727.885037965398
2035,hti,0.22543756035703105,15.388419,Corals,Non-use,-0.13447225456724432,12249.604463047994
2040,hti,0.2806911188934612,15.332519,Corals,Non-use,-0.21808463958254887,15269.939668463036
2045,hti,0.3446462454519842,15.230642,Corals,Non-use,-0.30663405605704774,18828.132241822186
2050,hti,0.417609714879502,15.084507,Corals,Non-use,-0.4064198056430097,22978.330087587092
2055,hti,0.5000106623607121,14.898046,Corals,Non-use,-0.48936385107839975,27787.74995984604
2060,hti,0.5918324818497708,14.677027,Corals,Non-use,-0.5946090293470974,33303.19478851148
2065,hti,0.692714210350181,14.434373,Corals,Non-use,-0.6693471590934825,39536.70287570067
2070,hti,0.8048880071390647,14.207662888432793,Corals,Non-use,-0.7808098627899227,46555.765671919864
2075,hti,0.9283666033798258,13.996258248550562,Corals,Non-use,-0.8512560816029104,54372.824957828074
2080,hti,1.062875853763564,13.799569175096707,Corals,Non-use,-0.955437000853534,62979.94823656161
2085,hti,1.2078151825058958,13.61705152169925,Corals,Non-use,-1.0290639215037976,72345.3967796112
2090,hti,1.3622251976584132,13.448204382904736,Corals,Non-use,-1.1260872157564137,82410.69349717973
2095,hti,1.5247653517269322,13.292567794484576,Corals,Non-use,-1.2126613078790536,93088.44734103602
2100,hti,1.693704417800728,13.149720637179364,Corals,Non-use,-1.3011941639190665,104261.18723540947
2030,idn,11.325349788983965,308.65983,Corals,Non-use,-18.829428290050373,25447.54225154237
2035,idn,12.270365992471831,305.830237,Corals,Non-use,-45.18989354547671,27867.16800641165
2040,idn,13.191854821599005,302.177569,Corals,Non-use,-70.57580893352997,30366.85687892077
2045,idn,14.069183142501538,297.658723,Corals,Non-use,-95.73434217250701,32926.53194083571
2050,idn,14.898056275732653,292.39994,Corals,Non-use,-122.63362981614478,35545.663986176005
2055,idn,15.66960477460874,286.517043,Corals,Non-use,-142.92123936404028,38210.2186787723
2060,idn,16.377479982556277,280.119902,Corals,Non-use,-168.33143249883597,40908.33075005122
2065,idn,17.018227483498507,273.354291,Corals,Non-use,-183.9751500279017,43624.73984851992
2070,idn,17.650752597559134,267.0821969944035,Corals,Non-use,-208.668801690583,46376.45556267505
2075,idn,18.272258962751664,261.2765515786752,Corals,Non-use,-221.51775908127001,49147.90273474576
2080,idn,18.879905477203767,255.91263000807453,Corals,Non-use,-242.4483319413223,51922.34202518867
2085,idn,19.470826779647304,250.9678751591411,Corals,Non-use,-255.0129212984823,54682.015084796556
2090,idn,20.042154768459962,246.42173883135712,Corals,Non-use,-272.9163498091814,57408.314855449535
2095,idn,20.591040947319364,242.25553882028615,Corals,Non-use,-287.8530783760373,60081.979176753215
2100,idn,21.114679365919184,238.4523303646986,Corals,Non-use,-302.959498642595,62683.305246304844
2030,ind,46.903417143230975,1612.14253,Corals,Non-use,-0.8505858036474976,20338.699540013386
2035,ind,52.4386431461675,1594.675807,Corals,Non-use,-2.05921838505472,23017.83885738315
2040,ind,57.943021336136574,1570.023735,Corals,Non-use,-3.2421915762706632,25866.821603251035
2045,ind,63.251393068489655,1539.493031,Corals,Non-use,-4.429975201003288,28833.83655426519
2050,ind,68.32080799596818,1504.980714,Corals,Non-use,-5.711186206276572,31900.193216974287
2055,ind,73.14362241270418,1468.261304,Corals,Non-use,-6.694109819994303,35051.35661063287
2060,ind,77.7274800245657,1430.166586,Corals,Non-use,-7.925590440131799,38289.47604100333
2065,ind,82.11360224534106,1391.607973,Corals,Non-use,-8.705371774178438,41624.4666324301
2070,ind,86.5155496718658,1355.9648877023194,Corals,Non-use,-9.92058877556265,45066.57119048091
2075,ind,90.9093753467055,1323.0626277331075,Corals,Non-use,-10.578655281322654,48595.34254178832
2080,ind,95.26984974372859,1292.7422851335948,Corals,Non-use,-11.627156853130302,52187.53379060519
2085,ind,99.57067313127523,1264.859463666976,Corals,Non-use,-12.27833726374562,55817.26801435375
2090,ind,103.78471501666077,1239.2831285202449,Corals,Non-use,-13.18927111758454,59456.27750035854
2095,ind,107.88427814667966,1215.8945755275595,Corals,Non-use,-13.959408556288736,63074.21184905147
2100,ind,111.84138391128495,1194.5865085166383,Corals,Non-use,-14.739299385336878,66639.01216883698
2030,irn,3.2762433094383496,103.294673,Corals,Non-use,-0.13479768257623803,19346.385362943787
2035,irn,3.4950536384144386,102.219966,Corals,Non-use,-0.32232051518286475,20951.311373483364
2040,irn,3.6996004530926463,100.633024,Corals,Non-use,-0.5018454162472992,22630.273062361535
2045,irn,3.8937904670276526,98.684343,Corals,Non-use,-0.679212757395776,24399.06616386523
2050,irn,4.086147418884218,96.60197900000001,Corals,Non-use,-0.8688251084150096,26274.9168321933
2055,irn,4.286615670437891,94.618495,Corals,Non-use,-1.0119933208553107,28268.806257857366
2060,irn,4.499732050332817,92.80778900000011,Corals,Non-use,-1.1922456794262892,30389.113667571866
2065,irn,4.720936816648872,91.05531500000001,Corals,Non-use,-1.3044516331357237,32642.00703763372
2070,irn,4.941411953380693,89.42190179052947,Corals,Non-use,-1.4810608253372042,34945.45309711926
2075,irn,5.160037746599709,87.90221681962021,Corals,Non-use,-1.5737965081830438,37287.011912804905
2080,irn,5.3756530746855375,86.49135035569721,Corals,Non-use,-1.7240974089294525,39652.96261931026
2085,irn,5.587064788784208,85.18478896160336,Corals,Non-use,-1.815035357107007,42028.40510015285
2090,irn,5.793057948016478,83.97839134029994,Corals,Non-use,-1.9440629120419306,44397.38917998802
2095,irn,5.992406800507839,82.86836637062852,Corals,Non-use,-2.0520449532320253,46743.07049710534
2100,irn,6.183886383124621,81.85125316942344,Corals,Non-use,-2.161289736018169,49047.8915213389
2030,isr,1.026437382258557,14.90709,Corals,Non-use,-0.010766246540362179,51890.90917437356
2035,isr,1.1321275496545367,15.537051,Corals,Non-use,-0.025622347988437544,54894.971671501226
2040,isr,1.2402761830039453,16.158644,Corals,Non-use,-0.03968553613836745,57806.05671297518
2045,isr,1.3503183920715294,16.773649,Corals,Non-use,-0.053397854536052836,60606.95882765163
2050,isr,1.4628588480950262,17.377295,Corals,Non-use,-0.06787545938746808,63356.046180277226
2055,isr,1.578685214923592,17.96332,Corals,Non-use,-0.07854880232070927,66119.66753591802
2060,isr,1.698075959574605,18.528908,Corals,Non-use,-0.09193372493669905,68925.96797024169
2065,isr,1.8206571406247296,19.074909,Corals,Non-use,-0.09991635911707486,71762.09178180055
2070,isr,1.945515740889572,19.608894781540045,Corals,Non-use,-0.11272927460929849,74570.1109091116
2075,isr,2.071914830596157,20.12893776214387,Corals,Non-use,-0.11907543255107111,77337.1048124337
2080,isr,2.199047601487257,20.633115187225158,Corals,Non-use,-0.12971751801220877,80049.81964314486
2085,isr,2.3260439708337883,21.119520604116,Corals,Non-use,-0.135843080058222,82694.76310877818
2090,isr,2.451978804098294,21.586275554112294,Corals,Non-use,-0.14478700710579895,85258.30644357555
2095,isr,2.5758816950231953,22.031541385599752,Corals,Non-use,-0.15213289241660544,87726.79256120007
2100,isr,2.6967481981478754,22.45353108721904,Corals,Non-use,-0.15955676830990384,90086.64932787056
2030,jam,0.05788581854636032,2.605489999999999,Corals,Non-use,-0.2946729053324937,18025.021098564277
2035,jam,0.06594778277333256,2.536261,Corals,Non-use,-0.7201259777634625,21057.453921354332
2040,jam,0.07458609660279987,2.461506,Corals,Non-use,-1.1453315090795293,24494.113323678128
2045,jam,0.08358059265886192,2.383114999999999,Corals,Non-use,-1.58128082471924,28298.855340882994
2050,jam,0.09289905689793318,2.304611,Corals,Non-use,-2.06007466468634,32465.66594570674
2055,jam,0.10255717748308373,2.229835,Corals,Non-use,-2.4396260774438794,36974.705439083395
2060,jam,0.11262044868732435,2.161781,Corals,Non-use,-2.9170794239156557,41803.84462207316
2065,jam,0.1231505569770954,2.101298,Corals,Non-use,-3.23403965612426,46941.52532065195
2070,jam,0.1340895052784741,2.045446752076505,Corals,Non-use,-3.718208467992749,52409.66541041441
2075,jam,0.14537324037991994,1.9939414051818571,Corals,Non-use,-3.9981769859329965,58179.72695796663
2080,jam,0.15692688436070973,1.9465223445516766,Corals,Non-use,-4.429323972098263,64214.17177578418
2085,jam,0.1686651227012973,1.9029540049407654,Corals,Non-use,-4.71230135458493,70466.34532021912
2090,jam,0.18049287264005295,1.8630229132572764,Corals,Non-use,-5.097311832061866,76880.62981086985
2095,jam,0.19230623923208173,1.826535937747834,Corals,Non-use,-5.430149335319818,83392.89138070917
2100,jam,0.20399375784779505,1.7933187235481434,Corals,Non-use,-5.768242278350339,89931.23611494058
2030,jor,0.337108105009085,18.198412,Corals,Non-use,-0.002749038711627294,15927.137137787662
2035,jor,0.39081230667037886,18.52753,Corals,Non-use,-0.006668517104171934,18083.47088829808
2040,jor,0.44766023568851837,18.781767,Corals,Non-use,-0.010518349497947083,20373.63365725668
2045,jor,0.5072990402266441,18.934908,Corals,Non-use,-0.014408461989780103,22833.83446888103
2050,jor,0.5696716860438841,18.994043,Corals,Non-use,-0.01863957920655812,25486.07960059074
2055,jor,0.634284636842563,18.96406,Corals,Non-use,-0.021939946473061578,28337.57632638279
2060,jor,0.7004831395374737,18.864548,Corals,Non-use,-0.026094806624917727,31366.878976366217
2065,jor,0.7677569277869516,18.708034,Corals,Non-use,-0.028795315053936676,34563.838855800765
2070,jor,0.8378048966360772,18.56057932619588,Corals,Non-use,-0.03296043471733606,37903.58012666296
2075,jor,0.9102207413958784,18.42198647672002,Corals,Non-use,-0.03529513317790084,41365.44814998629
2080,jor,0.9845250249204961,18.292070616944066,Corals,Non-use,-0.03894876234503805,44924.78875153357
2085,jor,1.0601673629748238,18.17065916767784,Corals,Non-use,-0.041285861016666536,48553.06540856119
2090,jor,1.1365305229070548,18.05759142220483,Corals,Non-use,-0.04450708179651888,52218.08991450776
2095,jor,1.2129365012883788,17.95271819096184,Corals,Non-use,-0.04726348621235352,55884.37051696836
2100,jor,1.288654585967834,17.85590147276053,Corals,Non-use,-0.05005977065486891,59513.57760955206
2030,jpn,6.058731276223251,96.43999099999999,Corals,Non-use,-8.105398713550585,45736.56607963174
2035,jpn,6.171230301258511,92.954799,Corals,Non-use,-19.28297086918633,48351.83160182412
2040,jpn,6.2610099285952066,89.435694,Corals,Non-use,-29.874471533883252,51005.898338531086
2045,jpn,6.341642675743228,86.1483079999999,Corals,Non-use,-40.22312079124265,53655.68373520269
2050,jpn,6.42040888501341,83.172694,Corals,Non-use,-51.16470544935157,56288.07475793442
2055,jpn,6.492418396083278,80.41215700000001,Corals,Non-use,-59.238188569364524,58896.97001182733
2060,jpn,6.547215218487841,77.734792,Corals,Non-use,-69.33886023577213,61464.30297437435
2065,jpn,6.573245398304557,75.0409,Corals,Non-use,-75.33273543121697,63949.499031994426
2070,jpn,6.59807238447929,72.57039134830566,Corals,Non-use,-84.96181459196032,66402.80511396335
2075,jpn,6.621681522775838,70.30696319092327,Corals,Non-use,-89.71089169888648,68813.26689814594
2080,jpn,6.644058826977501,68.23595410104657,Corals,Non-use,-97.69109086076378,71169.80402201499
2085,jpn,6.665190992664151,66.34418557747297,Corals,Non-use,-102.26474325662184,73461.29398156884
2090,jpn,6.685065410366416,64.61982188353973,Corals,Non-use,-108.95576737051624,75676.65906397827
2095,jpn,6.703670178078783,63.052246133810506,Corals,Non-use,-114.43990536098818,77804.95537033888
2100,jpn,6.7209941131143225,61.63195080533986,Corals,Non-use,-119.97927298185243,79835.46293002149
2030,khm,0.51955948374494,20.742696,Corals,Non-use,-0.025048811699227347,21103.618036550208
2035,khm,0.6186592208512953,20.651101,Corals,Non-use,-0.06158101288749429,25176.07880523237
2040,khm,0.7226008614181171,20.447703,Corals,Non-use,-0.0982692076078624,29622.649044990805
2045,khm,0.829876897738261,20.158903,Corals,Non-use,-0.1359103874149794,34419.45741508497
2050,khm,0.9402540927702446,19.817535,Corals,Non-use,-0.17719405886277584,39567.37819436727
2055,khm,1.053126192740736,19.436076,Corals,Non-use,-0.2098919625006339,45070.77891235153
2060,khm,1.1672010481864696,19.002906,Corals,Non-use,-0.25102207036484003,50959.781966107505
2065,khm,1.2811540027394421,18.518886,Corals,Non-use,-0.27838536131210123,57248.506832849285
2070,khm,1.3999781932013518,18.07077897670398,Corals,Non-use,-0.3201599140350584,63943.28373164268
2075,khm,1.5229891230712385,17.656528830106726,Corals,Non-use,-0.34436736620851094,71008.76073850815
2080,khm,1.6493741567432951,17.274261185268823,Corals,Non-use,-0.3816089836986378,78398.3885714844
2085,khm,1.7781958767828674,16.92226921524513,Corals,Non-use,-0.4060968382450627,86054.27312362813
2090,khm,1.9083988145596262,16.599000892012242,Corals,Non-use,-0.43938702620113634,93907.366488018
2095,khm,2.0388196864442465,16.303047531603774,Corals,Non-use,-0.46818895790540704,101878.02810672396
2100,khm,2.1682011608961798,16.033133514607613,Corals,Non-use,-0.49745061621385656,109876.97505607666
2030,kwt,0.5528780426300735,5.614737,Corals,Non-use,-0.29615615685601426,61932.946992614816
2035,kwt,0.5753722820147806,5.543323,Corals,Non-use,-0.7041137527228933,65532.09950272274
2040,kwt,0.5965303432170467,5.469161000000001,Corals,Non-use,-1.089908764886065,69124.88139356939
2045,kwt,0.6180510486691706,5.405680999999999,Corals,Non-use,-1.4663006160917327,72734.0071850538
2050,kwt,0.6414284469210391,5.35346,Corals,Non-use,-1.864856528170698,76508.91997973193
2055,kwt,0.6668421441153263,5.300115,Corals,Non-use,-2.1612748419139116,80642.66432853178
2060,kwt,0.692912490519135,5.228879,Corals,Non-use,-2.5359238562488997,85254.93723611778
2065,kwt,0.7176157710599156,5.127147,Corals,Non-use,-2.765867541006177,90382.12044601815
2070,kwt,0.7419205581113298,5.032381913128837,Corals,Non-use,-3.1309611536592428,95556.60636333247
2075,kwt,0.765725994935017,4.944263819535969,Corals,Non-use,-3.3175935889515387,100751.91129913142
2080,kwt,0.7889302994896438,4.8624984220472,Corals,Non-use,-3.6247215558158103,105939.86813307239
2085,kwt,0.8114314571764545,4.786815402498007,Corals,Non-use,-3.8063139062324858,111090.84983724417
2090,kwt,0.8331279403549002,4.716966926678392,Corals,Non-use,-4.0672877027445224,116174.02579354681
2095,kwt,0.853919447887217,4.652726286271645,Corals,Non-use,-4.283757836363627,121157.64834058071
2100,kwt,0.8737076574805788,4.593886667328322,Corals,Non-use,-4.502594974730965,126009.36625652615
2030,lka,0.5473987799616254,22.64833,Corals,Non-use,-0.14851777475114503,17367.83386097464
2035,lka,0.6070326264670685,22.400952,Corals,Non-use,-0.3587844824240616,19485.92346087848
2040,lka,0.6693851461547466,22.112799,Corals,Non-use,-0.5642004582429099,21782.3635224627
2045,lka,0.7341987429567363,21.787123,Corals,Non-use,-0.7708889686032432,24265.174123302106
2050,lka,0.8013735181209346,21.436009,Corals,Non-use,-0.9948900688544313,26937.514770700163
2055,lka,0.8699326045642763,21.058246,Corals,Non-use,-1.1682362399026793,29786.981051526003
2060,lka,0.9391410328962885,20.657308,Corals,Non-use,-1.3862857412779945,32803.227096113435
2065,lka,1.008620614984009,20.234737,Corals,Non-use,-1.5265611278999742,35990.34064013994
2070,lka,1.0795094480148972,19.84150655601448,Corals,Non-use,-1.7438844898454438,39310.039782271844
2075,lka,1.1513873411241569,19.476212068456206,Corals,Non-use,-1.8638521195996987,42742.944233477065
2080,lka,1.223792040959637,19.137563390299174,Corals,Non-use,-2.05306287929465,46266.22412741239
2085,lka,1.2962229595030874,18.82437720749541,Corals,Non-use,-2.1725146362025836,49853.71926590852
2090,lka,1.368145886702613,18.535570121610288,Corals,Non-use,-2.3382167584551574,53476.149173504666
2095,lka,1.4389986561796129,18.27015237786065,Corals,Non-use,-2.479236109790719,57101.41612192868
2100,lka,1.5081977052469053,18.027222187523062,Corals,Non-use,-2.6221671676005247,60695.00036181656
2030,mdg,0.3628145794989585,57.503786,Corals,Non-use,-0.32168678898492686,5265.737985662547
2035,mdg,0.46273530906752663,59.75377,Corals,Non-use,-0.7966005706566541,6447.760537945868
2040,mdg,0.5839023827599406,61.632299,Corals,Non-use,-1.284144152632546,7869.400026031185
2045,mdg,0.7267274260249619,63.165612,Corals,Non-use,-1.7965564971822694,9533.805755581054
2050,mdg,0.8922826422695174,64.395723,Corals,Non-use,-2.370720555702974,11454.710654503984
2055,mdg,1.0822244194893877,65.329568,Corals,Non-use,-2.8434886066659395,13661.771253655501
2060,mdg,1.2986243661112,65.986185,Corals,Non-use,-3.4442622471154536,16191.544027489168
2065,mdg,1.5434156837512978,66.36189999999999,Corals,Non-use,-3.8696518194341323,19088.754923740602
2070,mdg,1.819803552571361,66.72086154923298,Corals,Non-use,-4.505907519244857,22332.102763410785
2075,mdg,2.1285340130452073,67.06276986909224,Corals,Non-use,-4.904249938867437,25924.869745015843
2080,mdg,2.469579245522319,67.38733803884111,Corals,Non-use,-5.496000565897091,29861.41071392606
2085,mdg,2.8419927460256873,67.69429239556001,Corals,Non-use,-5.911183699009889,34125.7490967181
2090,mdg,3.2437804957272376,67.98337291749878,Corals,Non-use,-6.460180378014371,38690.38858618282
2095,mdg,3.671798424301536,68.25433359008484,Corals,Non-use,-6.948704420763569,43515.444399875254
2100,mdg,4.121686674208144,68.50694275386843,Corals,Non-use,-7.44813211328978,48548.19641747699
2030,mdv,0.03127337286579405,0.7377210000000001,Corals,Non-use,-4.808071373391954,37724.48105974443
2035,mdv,0.03347891616053842,0.7411810000000001,Corals,Non-use,-11.462580472813045,40054.05352534449
2040,mdv,0.035276141074113164,0.738576999999999,Corals,Non-use,-17.77107218841479,42202.46590553615
2045,mdv,0.03658151182099937,0.729634,Corals,Non-use,-23.91662866902584,44142.48395931055
2050,mdv,0.03748118797624411,0.714658,Corals,Non-use,-30.40365906389559,46010.54164606351
2055,mdv,0.03809600568460479,0.695496,Corals,Non-use,-35.18828381527055,47881.035281229226
2060,mdv,0.038598142269714586,0.675045,Corals,Non-use,-41.195180061064434,49801.59154852145
2065,mdv,0.039067162376184905,0.6557969999999991,Corals,Non-use,-44.77605497026423,51698.40143961365
2070,mdv,0.03951814575001349,0.6380327892833794,Corals,Non-use,-50.520745961715306,53555.937920036566
2075,mdv,0.039950325213934254,0.6216594073380063,Corals,Non-use,-53.3662163348082,55365.02507112148
2080,mdv,0.04036295854240548,0.606592492937372,Corals,Non-use,-58.13567466530401,57116.48326299435
2085,mdv,0.040755330568618145,0.5927555578541595,Corals,Non-use,-60.87953705336707,58801.205875140855
2090,mdv,0.04112675523490688,0.5800793374048812,Corals,Non-use,-64.88499793838406,60410.23760434133
2095,mdv,0.041476577578401695,0.5685012100793565,Corals,Non-use,-68.17279737338333,61934.85342594252
2100,mdv,0.04180417564393402,0.5579646794191114,Corals,Non-use,-71.49409559690218,63366.63723905065
2030,mex,4.915473631804545,152.576934,Corals,Non-use,-1.3580833138059347,25277.886570666735
2035,mex,5.359999015634803,152.594193,Corals,Non-use,-3.256902723821824,27528.679612086496
2040,mex,5.7959714555643735,152.1555,Corals,Non-use,-5.082100374856523,29818.862746355837
2045,mex,6.212247931502995,151.339146,Corals,Non-use,-6.885380173629358,32095.431545728312
2050,mex,6.604879288820989,150.231439,Corals,Non-use,-8.805475541702847,34335.423508571126
2055,mex,6.969788292197979,148.889292,Corals,Non-use,-10.241061145463306,36516.278606006446
2060,mex,7.303659074863805,147.409673,Corals,Non-use,-12.031213025760351,38604.35888920514
2065,mex,7.603367891084358,145.736824,Corals,Non-use,-13.112022235558257,40602.183188926036
2070,mex,7.899775013629342,144.16565224062032,Corals,Non-use,-14.83201344513867,42594.72854402923
2075,mex,8.191528636591123,142.69322084552076,Corals,Non-use,-15.705383311287463,44571.186755079405
2080,mex,8.477250125876546,141.3167943471832,Corals,Non-use,-17.14831622257256,46520.33742689874
2085,mex,8.755544232870237,140.03383019268355,Corals,Non-use,-17.99663115527551,48430.646215608554
2090,mex,9.025009897666058,138.84197089317206,Corals,Non-use,-19.21982154927801,50290.37200933429
2095,mex,9.284251533065238,137.73903678302943,Corals,Non-use,-20.232289557426313,52087.68177543555
2100,mex,9.531890669170243,136.72301935747527,Corals,Non-use,-21.25574062797702,53810.77160533445
2030,mmr,NA,54.863617,Corals,Non-use,-0.26080825267875696,10027.112849011077
2035,mmr,NA,53.775706,Corals,Non-use,-0.6370388585228035,11722.144158667583
2040,mmr,NA,52.609245,Corals,Non-use,-1.011957791402736,13609.70177835945
2045,mmr,NA,51.400842,Corals,Non-use,-1.394981249711126,15674.49937091012
2050,mmr,NA,50.160199,Corals,Non-use,-1.8146064879314565,17927.511427190482
2055,mmr,NA,48.914367,Corals,Non-use,-2.1462999302155517,20376.838036457382
2060,mmr,NA,47.642896,Corals,Non-use,-2.564907732634314,23049.4519695203
2065,mmr,NA,46.3556119999999,Corals,Non-use,-2.8436996998682176,25952.890746088557
2070,mmr,NA,45.16573479866601,Corals,Non-use,-3.2695418264961518,29055.28131742724
2075,mmr,NA,44.067417538961365,Corals,Non-use,-3.5158452691418667,32342.328096565183
2080,mmr,NA,43.05534242725228,Corals,Non-use,-3.8951079841714353,35794.547927894055
2085,mmr,NA,42.124677701562604,Corals,Non-use,-4.14408926462561,39387.13408997069
2090,mmr,NA,41.27103904559621,Corals,Non-use,-4.482815310988862,43089.96970942739
2095,mmr,NA,40.49045501563416,Corals,Non-use,-4.775672735527099,46867.80751651733
2100,mmr,NA,39.77933609705861,Corals,Non-use,-5.073163932916575,50680.62760268941
2030,moz,0.6518252226377326,68.95959299999991,Corals,Non-use,-0.3254033330627948,8059.907530111899
2035,moz,0.8264475420217703,71.901769,Corals,Non-use,-0.8036952384201612,9773.836454274313
2040,moz,1.031933266071312,74.257716,Corals,Non-use,-1.2912908562094891,11783.974435297825
2045,moz,1.2681108701008978,76.06049400000009,Corals,Non-use,-1.8004423149587971,14098.369786199231
2050,moz,1.5357573099877362,77.281198,Corals,Non-use,-2.3690140476736445,16757.345399590224
2055,moz,1.8342272453310857,78.06427000000001,Corals,Non-use,-2.832762029487597,19757.844829499372
2060,moz,2.163512184809884,78.492873,Corals,Non-use,-3.4193597548185863,23112.48733035843
2065,moz,2.5220582166697114,78.606618,Corals,Non-use,-3.825818484574441,26828.040382476214
2070,moz,2.919125667203423,78.71483233783152,Corals,Non-use,-4.437324445529633,30921.538862751295
2075,moz,3.354518099306196,78.81749231746866,Corals,Non-use,-4.811508200465209,35386.76425733228
2080,moz,3.827053815762912,78.9145754158807,Corals,Non-use,-5.372904858274893,40207.3650874928
2085,moz,4.334441745071525,79.00606029125969,Corals,Non-use,-5.759374883876841,45355.760400226936
2090,moz,4.873182721064531,79.09192679083185,Corals,Non-use,-6.2743618111661625,50792.32639146407
2095,moz,5.438505272794635,79.17215595824908,Corals,Non-use,-6.728821981495063,56464.95178168642
2100,moz,6.024344550255139,79.2467300405566,Corals,Non-use,-7.192500145490506,62309.04023174673
2030,mus,0.06642778089541258,1.140719,Corals,Non-use,-6.419816579656526,47080.81316596039
2035,mus,0.07040266218587526,1.110981,Corals,Non-use,-15.388053113541844,51143.635941417306
2040,mus,0.07399331628572865,1.08003,Corals,Non-use,-23.992588645761543,55195.12759501711
2045,mus,0.07719974319497272,1.04814,Corals,Non-use,-32.48629025095181,59234.427743581735
2050,mus,0.0799975461871241,1.016077,Corals,Non-use,-41.524739314070416,63206.231153028464
2055,mus,0.08243908896780566,0.9843390000000001,Corals,Non-use,-48.28294323312127,67116.4836406839
2060,mus,0.08461430790154499,0.953585999999999,Corals,Non-use,-56.73735317363588,70982.96442964551
2065,mus,0.0866466317230245,0.9243880000000001,Corals,Non-use,-61.88440436604924,74850.67096423991
2070,mus,0.08862371239844923,0.8974992172548685,Corals,Non-use,-70.0551989641396,78711.9944874344
2075,mus,0.09053947437405276,0.8727666142899906,Corals,Non-use,-74.23264986216606,82544.90405768971
2080,mus,0.09238791708841515,0.8500517425705729,Corals,Non-use,-81.10583677394135,86326.51700790951
2085,mus,0.09416314559879084,0.8292294479650945,Corals,Non-use,-85.16961416517478,90033.31460965292
2090,mus,0.09585940130883462,0.8101867176122338,Corals,Non-use,-91.00911319459556,93641.3766036805
2095,mus,0.09747109257875056,0.7928216532692287,Corals,Non-use,-95.85228074378915,97126.63150805408
2100,mus,0.09899282499461516,0.7770425580319872,Corals,Non-use,-100.74788959338656,100465.11917433438
2030,mys,2.3607441835185834,42.68212,Corals,Non-use,-3.8084186972943144,39653.91985182847
2035,mys,2.5000779594660663,42.816839,Corals,Non-use,-9.058014094200814,41892.994481967326
2040,mys,2.629746754801508,42.725021,Corals,Non-use,-14.032131821040991,44192.96495548652
2045,mys,2.749605231470589,42.421119,Corals,Non-use,-18.899901658126737,46572.39042867392
2050,mys,2.8609160138201863,41.931209,Corals,Non-use,-24.0641788805205,49059.893644203294
2055,mys,2.966794786389707,41.311859,Corals,Non-use,-27.9057199214447,51676.13062654269
2060,mys,3.0698576341568464,40.612901,Corals,Non-use,-32.73753947643968,54431.40549169099
2065,mys,3.1704679022573963,39.857,Corals,Non-use,-35.67313017952523,57323.40163348678
2070,mys,3.2691801490391645,39.15225967994382,Corals,Non-use,-40.34668766019911,60216.13300614067
2075,mys,3.3656086540107797,38.49641613358163,Corals,Non-use,-42.71634340446883,63094.509244677814
2080,mys,3.4593662821981117,37.88738410373422,Corals,Non-use,-46.634410514131105,65942.79582452249
2085,mys,3.550066975347498,37.32324589491438,Corals,Non-use,-48.93477947392313,68744.7466623145
2090,mys,3.637328315952643,36.80224127198905,Corals,Non-use,-52.25397358144119,71483.74977185059
2095,mys,3.7207741412821798,36.32275827012675,Corals,Non-use,-54.99977301383365,74142.98431439676
2100,mys,3.8000371832633517,35.88332484860275,Corals,Non-use,-57.775079485398294,76705.58709834082
2030,nic,0.17606847401625522,8.820995000000002,Corals,Non-use,-0.1853785556954648,15492.092597486724
2035,nic,0.2117798239633347,8.810926,Corals,Non-use,-0.4566070364996211,18637.987218220667
2040,nic,0.2515781020007057,8.764918,Corals,Non-use,-0.731105239327043,22235.683935003217
2045,nic,0.2944417724039744,8.68591900000001,Corals,Non-use,-1.0149553304896006,26236.04131977767
2050,nic,0.34001435767977073,8.586637000000001,Corals,Non-use,-1.3280938453438953,30618.052704884074
2055,nic,0.3882251904835938,8.471738,Corals,Non-use,-1.5788042804120028,35399.97659597149
2060,nic,0.4391064637168273,8.351045000000001,Corals,Non-use,-1.8943275713997672,40579.693339839396
2065,nic,0.49271706683322186,8.230559,Corals,Non-use,-2.1068655518860737,46156.79148201137
2070,nic,0.5498652034156958,8.117748713971087,Corals,Non-use,-2.4296870663182037,52176.52659216584
2075,nic,0.6102850488547287,8.012340640562744,Corals,Non-use,-2.620252751976521,58615.794442183644
2080,nic,0.6736184074104605,7.914081243893701,Corals,Non-use,-2.9108618422118298,65439.6815957856
2085,nic,0.7394121810404817,7.822735933911367,Corals,Non-use,-3.1049710928961947,72600.84535180301
2090,nic,0.8071184258569193,7.738088129798236,Corals,Non-use,-3.3669946378515654,80039.23958076199
2095,nic,0.876097310069186,7.659938401173277,Corals,Non-use,-3.5952164801600635,87682.24360588551
2100,nic,0.9456232016024908,7.588103682304866,Corals,Non-use,-3.8273936081747824,95445.23937622283
2030,nld,1.1991592309379855,17.801108,Corals,Non-use,-1.967585833415228,48414.739304668554
2035,nld,1.2409396888659072,17.813034,Corals,Non-use,-4.655574663067625,50102.15929683247
2040,nld,1.2803774595479158,17.8437,Corals,Non-use,-7.170415795254598,51640.74020736871
2045,nld,1.3152971905413782,17.860625,Corals,Non-use,-9.595822087734575,53034.93941562802
2050,nld,1.3437441070988927,17.834112,Corals,Non-use,-12.131363627947167,54299.421647701325
2055,nld,1.3651705680460902,17.760733,Corals,Non-use,-13.958575302289603,55430.81136299945
2060,nld,1.3798427878427335,17.652288,Corals,Non-use,-16.23563931546454,56409.03770832081
2065,nld,1.388232346388974,17.521714,Corals,Non-use,-17.526862268804734,57213.740624782025
2070,nld,1.3962508857588263,17.398586263264445,Corals,Non-use,-19.647908862773875,57990.75389508051
2075,nld,1.4038912747865244,17.282758632168377,Corals,Non-use,-20.627832792837154,58738.64822634122
2080,nld,1.4111466838260376,17.174094130048807,Corals,Non-use,-22.34201781379224,59456.034853794605
2085,nld,1.4180105948892983,17.072464690649817,Corals,Non-use,-23.269919782852668,60141.56982690742
2090,nld,1.424476811372343,16.977750906046502,Corals,Non-use,-24.675308700581013,60793.95819657708
2095,nld,1.430539467349128,16.889841792351763,Corals,Non-use,-25.803259082704017,61411.95808516853
2100,nld,1.4361930364135562,16.80863457256097,Corals,Non-use,-26.941928337920956,61994.38462151614
2030,nzl,0.315333396025641,5.992965000000011,Corals,Non-use,-2.318557428236062,41548.89472136819
2035,nzl,0.3364057931621327,6.045119,Corals,Non-use,-5.517055614784624,43886.275091371135
2040,nzl,0.3562787746537374,6.085608000000001,Corals,Non-use,-8.542390284844629,46109.90424005634
2045,nzl,0.37466522435584076,6.11068,Corals,Non-use,-11.4898155780416,48228.026933720896
2050,nzl,0.39132002632723756,6.116635,Corals,Non-use,-14.597029738252388,50257.61066002802
2055,nzl,0.4060070154897436,6.102266,Corals,Non-use,-16.876164877004783,52198.81908336785
2060,nzl,0.4184810759021541,6.070444,Corals,Non-use,-19.720239054757542,54014.31259071766
2065,nzl,0.4285501082734678,6.025995,Corals,Non-use,-21.38159401886844,55649.440962427514
2070,nzl,0.4383458455321993,5.984077641209233,Corals,Non-use,-24.068584238391992,57245.50333198607
2075,nzl,0.4478381425233631,5.944642693721587,Corals,Non-use,-25.368297048155966,58796.30402008791
2080,nzl,0.45699722392934367,5.907644014608618,Corals,Non-use,-27.578384502637164,60295.6812689259
2085,nzl,0.46579383645271794,5.873038457742551,Corals,Non-use,-28.824067301271526,61737.54712479586
2090,nzl,0.4741994015206662,5.840785789765356,Corals,Non-use,-30.664943518880932,63115.92787011767
2095,nzl,0.4821861674212584,5.810848611974325,Corals,Non-use,-32.16463306784607,64425.004637587255
2100,nzl,0.4897273597604663,5.783192287911394,Corals,Non-use,-33.679253933211356,65659.15382701915
2030,omn,0.5704091060313208,6.896304000000001,Corals,Non-use,-1.2947111736867356,65997.85619002204
2035,omn,0.6236997122312621,6.880418,Corals,Non-use,-3.109089553261555,72221.94791095649
2040,omn,0.6746586462249382,6.810482,Corals,Non-use,-4.861104532977862,78806.57287362621
2045,omn,0.7226292329828286,6.713394,Corals,Non-use,-6.600090148545689,85502.01158847322
2050,omn,0.7689771662257455,6.610222,Corals,Non-use,-8.460195387235927,92266.93599472621
2055,omn,0.8172249364652989,6.52291,Corals,Non-use,-9.868224084199724,99218.73693618787
2060,omn,0.8694567731430077,6.452412000000001,Corals,Non-use,-11.64074954382285,106552.38026945398
2065,omn,0.9247447658910721,6.382848,Corals,Non-use,-12.754037430089724,114389.83092883043
2070,omn,0.9806082881675118,6.3174746766042835,Corals,Non-use,-14.500064489357456,122369.6956594571
2075,omn,1.036728706156805,6.256176370240249,Corals,Non-use,-15.427495898914998,130442.39461006847
2080,omn,1.0927646740329648,6.198845258236476,Corals,Non-use,-16.921180280624185,138553.74361671778
2085,omn,1.1483550308990103,6.145381037843362,Corals,Non-use,-17.83395964319675,146645.43871551545
2090,omn,1.203122196946009,6.095690632939366,Corals,Non-use,-19.12222242217834,154655.65204862252
2095,omn,1.2566760357890028,6.049687923218899,Corals,Non-use,-20.20465707781922,162519.73357904938
2100,omn,1.308618137460642,6.00729349475571,Corals,Non-use,-21.300267100681282,170171.00987011025
2030,pan,0.2844376120043239,5.794318000000001,Corals,Non-use,-1.9344860870374134,33239.71216150677
2035,pan,0.3058606021688609,5.831255000000001,Corals,Non-use,-4.615156042335428,35588.90257837893
2040,pan,0.32732492327634927,5.843638,Corals,Non-use,-7.173156952118063,38082.68959604479
2045,pan,0.34879182756777205,5.835653000000001,Corals,Non-use,-9.693923373390305,40717.92714968404
2050,pan,0.3703149161097695,5.807453000000001,Corals,Non-use,-12.384848657259539,43528.082158480334
2055,pan,0.391797965300783,5.76393,Corals,Non-use,-14.408267870511395,46494.433368130325
2060,pan,0.4132073937496638,5.705196,Corals,Non-use,-16.955569679503725,49639.41936065305
2065,pan,0.43443922830305,5.632357,Corals,Non-use,-18.53192805833669,52970.97760600538
2070,pan,0.4556458786690364,5.56404339798758,Corals,Non-use,-21.020173723368885,56351.34395070599
2075,pan,0.4767170846819297,5.5001102007127765,Corals,Non-use,-22.31553625369739,59761.72784363137
2080,pan,0.4975379646087315,5.440422654855761,Corals,Non-use,-24.42531841653377,63181.823931891035
2085,pan,0.5179899582727189,5.38485577220955,Corals,Non-use,-25.69255696211505,66589.97853859128
2090,pan,0.5379518658899108,5.333293892092902,Corals,Non-use,-27.497946024341957,69963.38862971934
2095,pan,0.5573009715228696,5.285630278842049,Corals,Non-use,-29.004687423326857,73278.33144119487
2100,pan,0.5759142379644168,5.241766752414145,Corals,Non-use,-30.528758722931656,76510.42212718344
2030,phl,4.694194348237184,164.256327,Corals,Non-use,-12.594670616329836,21531.284541971403
2035,phl,5.234438336221783,166.081756,Corals,Non-use,-30.293976326192023,23737.54357317542
2040,phl,5.7771553512009,167.214079,Corals,Non-use,-47.40327634933669,26012.698443785772
2045,phl,6.321385581998345,167.689425,Corals,Non-use,-64.4301304023038,28373.13642992274
2050,phl,6.867604610728442,167.365827,Corals,Non-use,-82.74126464635708,30874.201029243955
2055,phl,7.415414677804664,166.372414,Corals,Non-use,-96.72474899372776,33524.923862871045
2060,phl,7.966847815897338,164.906753,Corals,Non-use,-114.32639237003457,36326.04808477604
2065,phl,8.519111060953202,163.138451,Corals,Non-use,-125.4315250304594,39252.232952677616
2070,phl,9.080129976692868,161.47657759739172,Corals,Non-use,-142.78841875897217,42253.749434360674
2075,phl,9.646622515034817,159.9182095200895,Corals,Non-use,-152.10835623712956,45312.32465670122
2080,phl,10.215022200899122,158.4606213261653,Corals,Non-use,-167.02958080800317,48407.55466410494
2085,phl,10.78150786141135,157.1012774375021,Corals,Non-use,-176.23254766298055,51517.067115225946
2090,phl,11.342039829863515,155.83782476785024,Corals,Non-use,-189.15715660954743,54616.736308301406
2095,phl,11.89240232036396,154.66808591519788,Corals,Non-use,-200.05638256065095,57680.94936594962
2100,phl,12.428251498316325,153.59005289080736,Corals,Non-use,-211.09255268604375,60682.92087795053
2030,qat,NA,4.949395000000001,Corals,Non-use,-1.0626368878605774,73106.28472951903
2035,qat,NA,4.985601,Corals,Non-use,-2.516836330273776,76518.29944823541
2040,qat,NA,4.955018,Corals,Non-use,-3.882428905247167,79946.73514255972
2045,qat,NA,4.866921,Corals,Non-use,-5.209374999032008,83583.67001189294
2050,qat,NA,4.734286,Corals,Non-use,-6.610595800951515,87503.4745601913
2055,qat,NA,4.583462000000001,Corals,Non-use,-7.641471078635007,91653.77467400114
2060,qat,NA,4.434908,Corals,Non-use,-8.935084042425132,95954.26249998869
2065,qat,NA,4.289886000000011,Corals,Non-use,-9.702887138436353,100375.50714181756
2070,qat,NA,4.156620224223522,Corals,Non-use,-10.938233861586298,104795.65368769995
2075,qat,NA,4.034290462176243,Corals,Non-use,-11.544778205280238,109197.43377100934
2080,qat,NA,3.9221569656764674,Corals,Non-use,-12.566754087085783,113562.99252208989
2085,qat,NA,3.81955297975815,Corals,Non-use,-13.150204260975286,117874.00462480675
2090,qat,NA,3.725878114535955,Corals,Non-use,-14.005731650989063,122111.79913747674
2095,qat,NA,3.640592465510466,Corals,Non-use,-14.7059339480531,126257.4919342469
2100,qat,NA,3.563211401383185,Corals,Non-use,-15.413148222578585,130292.12448306664
2030,sau,4.68547702875605,51.3083549999999,Corals,Non-use,-19.538830954468267,62149.40311203626
2035,sau,4.8326136328524925,51.20038,Corals,Non-use,-46.2251611724987,64359.05392893888
2040,sau,4.9503740052282925,50.895884,Corals,Non-use,-71.20339583510736,66448.32686702984
2045,sau,5.050998242433715,50.489567,Corals,Non-use,-95.33957097371126,68474.77848246181
2050,sau,5.138637333733636,50.021689,Corals,Non-use,-120.63986707335562,70448.1310009809
2055,sau,5.214536575907517,49.475763,Corals,Non-use,-139.0060186241451,72414.62875536879
2060,sau,5.276375672391914,48.798165,Corals,Non-use,-162.03237266189558,74431.53627517135
2065,sau,5.321589524692382,47.984712,Corals,Non-use,-175.43099767822127,76486.249730763
2070,sau,5.36491075479935,47.22481370189783,Corals,Non-use,-197.20748471154093,78497.47948384876
2075,sau,5.406286022176106,46.51631063129621,Corals,Non-use,-207.58733084715232,80458.9306742017
2080,sau,5.445664030480708,45.85720782349256,Corals,Non-use,-225.39550458249505,82364.34299680027
2085,sau,5.482995632995737,45.245665430033405,Corals,Non-use,-235.30379563733482,84207.52366893634
2090,sau,5.518233934356393,44.67999012829219,Corals,Non-use,-250.0596124891763,85982.38073050349
2095,sau,5.551334388283704,44.158627277724335,Corals,Non-use,-262.0223289929479,87682.95642896122
2100,sau,5.582254891039069,43.680153771748955,Corals,Non-use,-274.1013719155919,89303.46043436903
2030,sdn,0.6259430268390698,91.147048,Corals,Non-use,-0.35259800690418786,6301.213345197022
2035,sdn,0.7448019909545898,94.400626,Corals,Non-use,-0.8573626515194306,7209.806048180328
2040,sdn,0.8841364148310111,96.937165,Corals,Non-use,-1.360631656952794,8300.513363828877
2045,sdn,1.0445844921013292,98.89410400000001,Corals,Non-use,-1.8788131752793547,9573.26732137075
2050,sdn,1.2270265232395865,100.201284,Corals,Non-use,-2.453423769727401,11052.774235212246
2055,sdn,1.431248485798298,101.033792,Corals,Non-use,-2.9162600148110513,12733.13033051935
2060,sdn,1.6577442777331957,101.428301,Corals,Non-use,-3.5042755662936145,14629.646170677705
2065,sdn,1.9050128366298,101.401662,Corals,Non-use,-3.9074734010287813,16745.931908525094
2070,sdn,2.174956335071695,101.37636159661143,Corals,Non-use,-4.517323921112855,19043.366752527367
2075,sdn,2.466930491323613,101.3523987737804,Corals,Non-use,-4.883151780687882,21513.86589352944
2080,sdn,2.779702010024627,101.32977256841494,Corals,Non-use,-5.436983977788046,24144.302053213298
2085,sdn,3.111397516702239,101.30848207032052,Corals,Non-use,-5.8119989882222285,26916.16825914931
2090,sdn,3.4594687438706933,101.28852642213901,Corals,Non-use,-6.3152826764836405,29805.39254907279
2095,sdn,3.820677950642992,101.26990481929118,Corals,Non-use,-6.756278014452938,32782.33485531502
2100,sdn,4.191107095420968,101.25261650992265,Corals,Non-use,-7.205534201617269,35811.99117785999
2030,sgp,0.76200529653751,6.600567,Corals,Non-use,-0.059422641253175534,67234.68238775276
2035,sgp,0.7511576826102762,6.530277,Corals,Non-use,-0.1393220523096126,67380.884594885
2040,sgp,0.7348919475101299,6.43407500000001,Corals,Non-use,-0.21266376428744316,67294.66105275706
2045,sgp,0.7135291197276198,6.310282,Corals,Non-use,-0.28210172976616477,67003.55390189553
2050,sgp,0.6877969804729273,6.157328000000001,Corals,Non-use,-0.35360348730277247,66570.27191386979
2055,sgp,0.6586586152176989,5.97513299999999,Corals,Non-use,-0.403585870186125,66067.60337603427
2060,sgp,0.6270228757376293,5.766198999999999,Corals,Non-use,-0.4659587567408159,65541.89828146446
2065,sgp,0.5936682779907253,5.535255,Corals,Non-use,-0.49969422720092993,65008.06402130714
2070,sgp,0.5636669989225985,5.324645335958922,Corals,Non-use,-0.5566546481553756,64523.08530807267
2075,sgp,0.5366810657680299,5.132712070523421,Corals,Non-use,-0.5809508044352856,64085.727693777786
2080,sgp,0.5124145445679671,4.957975871173951,Corals,Non-use,-0.6257068895386566,63694.86898507346
2085,sgp,0.4906081554551343,4.799117007011629,Corals,Non-use,-0.6482647277123004,63349.494485264426
2090,sgp,0.47103466183581555,4.654958704713969,Corals,Non-use,-0.6840295705741797,63048.692676466235
2095,sgp,0.4534949187182618,4.524452569186731,Corals,Non-use,-0.7120116098575733,62791.651316162075
2100,sgp,0.4378144838145005,4.40666581517601,Corals,Non-use,-0.7402638060030866,62577.65392488497
2030,slb,0.014680818926380151,1.372868,Corals,Non-use,-1.4211857260306573,9128.44787889764
2035,slb,0.020416223998431526,1.418502999999999,Corals,Non-use,-3.6153934432343817,12252.012449705946
2040,slb,0.027866366252358367,1.455528999999999,Corals,Non-use,-5.971593292578319,16251.938548284674
2045,slb,0.03725793480393565,1.482684,Corals,Non-use,-8.5438150006797,21271.390512122056
2050,slb,0.048756583962256385,1.502371,Corals,Non-use,-11.501731807769943,27394.18311452638
2055,slb,0.062494285264109016,1.515212,Corals,Non-use,-14.036583362420401,34717.00864293015
2060,slb,0.0784846741450289,1.521234,Corals,Non-use,-17.250680879419633,43304.583942676756
2065,slb,0.09673286389334174,1.519423999999999,Corals,Non-use,-19.616713260194274,53285.15626134523
2070,slb,0.1180993241702041,1.517706545901549,Corals,Non-use,-23.105983495711115,64943.159776065746
2075,slb,0.14281228896331472,1.5160813232446304,Corals,Non-use,-25.424097303600604,78392.76577070972
2080,slb,0.1710363455630928,1.5145480344042461,Corals,Non-use,-28.78676266376675,93711.69657551359
2085,slb,0.20284998277767508,1.5131063984995672,Corals,Non-use,-31.26334126888642,110929.20832552662
2090,slb,0.2382229235762399,1.5117561513081657,Corals,Non-use,-34.47955348280266,130014.13703487009
2095,slb,0.27699477313057325,1.510497045185302,Corals,Non-use,-37.40394959793687,150863.8595462815
2100,slb,0.31885676214162806,1.5093288489882266,Corals,Non-use,-40.41081576827756,173295.14196667713
2030,tha,2.3565626576249143,61.42874,Corals,Non-use,-0.3074417252874788,27414.20850412838
2035,tha,2.4564636298146,59.127137,Corals,Non-use,-0.7360077679446846,29712.7098605839
2040,tha,2.5454617674924704,56.820715,Corals,Non-use,-1.1467875559205964,32064.821205865836
2045,tha,2.6228235466240895,54.53480200000001,Corals,Non-use,-1.5522118244391905,34451.97743166406
2050,tha,2.6915580828507184,52.2776789999999,Corals,Non-use,-1.9848195387604548,36911.00581824122
2055,tha,2.753540863760397,50.0666129999999,Corals,Non-use,-2.3103149409097803,39460.3610225932
2060,tha,2.8108891064525148,47.938537,Corals,Non-use,-2.7191832824388413,42104.22867809399
2065,tha,2.8656116665213736,45.90488300000001,Corals,Non-use,-2.9717383728766826,44861.520536316515
2070,tha,2.918610173607799,44.0548700034445,Corals,Non-use,-3.3704039471137186,47648.1654494045
2075,tha,2.9697478859275726,42.372859425153685,Corals,Non-use,-3.5776806760878905,50448.00829814829
2080,tha,3.018890833508959,40.844945154382536,Corals,Non-use,-3.9154083811614377,53243.82249197332
2085,tha,3.065908393781627,39.458762074277445,Corals,Non-use,-4.117957047634704,56017.47065224456
2090,tha,3.1106738620793273,38.20331904739593,Corals,Non-use,-4.406649718610801,58750.08850453093
2095,tha,3.153065013625312,37.068853203855305,Corals,Non-use,-4.647372219664902,61422.28965488415
2100,tha,3.1929646535607628,36.04670281917145,Corals,Non-use,-4.890774821423179,64014.38834534224
2030,tls,0.016476362635580576,1.938647,Corals,Non-use,-0.018097347305227496,8043.717448268009
2035,tls,0.020796753810713556,1.947521,Corals,Non-use,-0.045115051198119316,10060.145497788246
2040,tls,0.025897647600952693,1.944815,Corals,Non-use,-0.07312271251400304,12487.06166144538
2045,tls,0.031770749870053724,1.932078,Corals,Non-use,-0.1027847084384248,15348.256506960839
2050,tls,0.03836001421207177,1.910232,Corals,Non-use,-0.13616301232527284,18655.952520503215
2055,tls,0.04569148177536205,1.881365999999999,Corals,Non-use,-0.16384181566500655,22456.689513679183
2060,tls,0.05377149513469962,1.848106,Corals,Non-use,-0.19891957356964074,26776.781836051094
2065,tls,0.06257864810021872,1.813183,Corals,Non-use,-0.22371799508864387,31612.38890071853
2070,tls,0.07231582833991115,1.7806330811027342,Corals,Non-use,-0.26074463143787296,37022.13986281241
2075,tls,0.08297587981105085,1.7503498916199796,Corals,Non-use,-0.2840326735102281,43008.02305167979
2080,tls,0.09452780103802706,1.722235514590043,Corals,Non-use,-0.31854133837113996,49556.35846137449
2085,tls,0.10691385504155529,1.6961999383293618,Corals,Non-use,-0.342830720536067,56635.546451879694
2090,tls,0.1200473006495705,1.6721605743347059,Corals,Non-use,-0.3748877850092893,64194.25161720467
2095,tls,0.13381095844054205,1.6500418189082078,Corals,Non-use,-0.40344022550973246,72160.1981448909
2100,tls,0.14805681165185156,1.6297746552351688,Corals,Non-use,-0.432624405837303,80439.74390583497
2030,tto,0.065937849367949955,1.391386,Corals,Non-use,-0.06982974408615306,34381.6931366034
2035,tto,0.07131325462593116,1.358448,Corals,Non-use,-0.168157246643867,38104.28800992665
2040,tto,0.07681010265796846,1.324978,Corals,Non-use,-0.2636332000387638,42098.11924822198
2045,tto,0.08251272071097167,1.291488,Corals,Non-use,-0.359264858429424,46418.36649423356
2050,tto,0.08856322471530888,1.26038,Corals,Non-use,-0.46260981878763285,51076.06683845816
2055,tto,0.09505757657795393,1.232589999999999,Corals,Non-use,-0.5422484578510476,56084.09751667015
2060,tto,0.10194269917200349,1.20704,Corals,Non-use,-0.6426375256811037,61448.61734881187
2065,tto,0.10912638060488439,1.182883,Corals,Non-use,-0.7069789028366849,67153.94400042186
2070,tto,0.11643178552871139,1.1603931410065533,Corals,Non-use,-0.8068821742186953,73072.80593679598
2075,tto,0.1238160119267165,1.1394920479221768,Corals,Non-use,-0.8616387324947548,79169.99385935733
2080,tto,0.13123230141302875,1.120107683699444,Corals,Non-use,-0.9483279555862874,85404.68373433311
2085,tto,0.13863042647514337,1.1021739341533627,Corals,Non-use,-1.0027270310430154,91730.69154222247
2090,tto,0.14595716611999196,1.0856302307172654,Corals,Non-use,-1.0784242365216574,98096.87340916759
2095,tto,0.15315686609789914,1.070421208117844,Corals,Non-use,-1.1426908525293422,104447.67263061726
2100,tto,0.16017207752311433,1.0564963942500958,Corals,Non-use,-1.2078092265532572,110723.81051106176
2030,tza,1.6832979001603126,154.926012,Corals,Non-use,-0.6141618705751242,7975.690414602632
2035,tza,2.096012125692669,163.812307,Corals,Non-use,-1.5034417839171823,9394.536251315836
2040,tza,2.5882673630247894,172.033339,Corals,Non-use,-2.3970337499160834,11048.950117578925
2045,tza,3.165221238739762,179.177707,Corals,Non-use,-3.3223529498524726,12976.00438882286
2050,tza,3.8324004572862567,185.014429,Corals,Non-use,-4.351905765349329,15218.874679894592
2055,tza,4.598833231068434,189.580423,Corals,Non-use,-5.190157300726483,17826.569595624063
2060,tza,5.467954823296682,193.127668,Corals,Non-use,-6.256248029513273,20810.875677576212
2065,tza,6.439008151169815,195.843027,Corals,Non-use,-6.99538850433828,24172.25134270364
2070,tza,7.52533557535007,198.45888688629088,Corals,Non-use,-8.10868107088291,27884.177861939435
2075,tza,8.728116532940351,200.97017083227115,Corals,Non-use,-8.787678224046857,31943.88414971328
2080,tza,10.045637772120298,203.37195118093564,Corals,Non-use,-9.808155583790544,36339.712634395466
2085,tza,11.472840491157271,205.65946539867772,Corals,Non-use,-10.508949169602197,41050.032336607415
2090,tza,13.000935587832608,207.82813167299483,Corals,Non-use,-11.444024432827831,46042.3755793069
2095,tza,14.61711961334222,209.87356408330083,Corals,Non-use,-12.268518167693756,51272.8774852487
2100,tza,16.30442355367244,211.79158727515227,Corals,Non-use,-13.109750587043237,56686.0934734851
2030,usa,30.497112514304206,392.274604,Corals,Non-use,-30.782630403229405,61710.44323700841
2035,usa,32.03182948179051,397.0025,Corals,Non-use,-72.90023298613278,63954.691973892455
2040,usa,33.53813929191153,401.171601,Corals,Non-use,-112.4455981297765,66173.73032647757
2045,usa,35.00865608375228,404.260551,Corals,Non-use,-150.82826972856788,68451.50265458516
2050,usa,36.446788716196615,406.044541,Corals,Non-use,-191.29773746059846,70850.95804770051
2055,usa,37.8585432739446,406.64523,Corals,Non-use,-221.01868741570684,73383.55041980675
2060,usa,39.245948839665196,406.411009,Corals,Non-use,-258.33563227922946,76009.76410618977
2065,usa,40.591879955632464,405.502667,Corals,Non-use,-280.4369514671246,78681.7695010012
2070,usa,41.914365004612684,404.64167076559255,Corals,Non-use,-316.0410746316966,81303.40690531494
2075,usa,43.2080644757752,403.82772204193503,Corals,Non-use,-333.47004711030104,83863.32329930857
2080,usa,44.467603820200644,403.0605390137047,Corals,Non-use,-362.89540953488927,86350.10929547789
2085,usa,45.687609113050115,402.33985614238264,Corals,Non-use,-379.6553766249226,88752.38067197207
2090,usa,46.86274393340998,401.66542401299597,Corals,Non-use,-404.27091976877455,91058.86249458377
2095,usa,47.98774712413636,401.0370091901948,Corals,Non-use,-424.40381454481667,93258.47499344779
2100,usa,49.057471071879796,400.4543940835474,Corals,Non-use,-444.74152901374396,95340.42030940068
2030,vnm,3.946396500115882,105.995262,Corals,Non-use,-0.6916893772860817,25643.680167546314
2035,vnm,4.244315603336698,104.556598,Corals,Non-use,-1.6587744606568933,28004.788901794192
2040,vnm,4.508951862653056,102.768093,Corals,Non-use,-2.5861375702096865,30318.115954031866
2045,vnm,4.741239004907522,100.772993,Corals,Non-use,-3.4993731058179165,32564.18968717245
2050,vnm,4.951124232995528,98.686986,Corals,Non-use,-4.470202464143313,34781.07878387077
2055,vnm,5.1498348591934375,96.590101,Corals,Non-use,-5.196449492946982,37022.45123268048
2060,vnm,5.3465500207681185,94.53687999999991,Corals,Non-use,-6.108198173898167,39335.17530785058
2065,vnm,5.545433838235214,92.5310300000001,Corals,Non-use,-6.667616971196658,41750.33323018977
2070,vnm,5.741401741766758,90.66590394338381,Corals,Non-use,-7.55371412843359,44186.30769879641
2075,vnm,5.933616291788995,88.93455864108128,Corals,Non-use,-8.009971318120478,46629.79437674667
2080,vnm,6.121229840091208,87.33062399903824,Corals,Non-use,-8.757672925620732,49066.65078475042
2085,vnm,6.303390456333371,85.84826382680954,Corals,Non-use,-9.202512470822562,51482.01709086726
2090,vnm,6.479248114833471,84.48214030974677,Corals,Non-use,-9.839566507738667,53860.45428935315
2095,vnm,6.6479610822745965,83.22738184090156,Corals,Non-use,-10.36923762976609,56186.09825403844
2100,vnm,6.808702442148115,82.0795539401647,Corals,Non-use,-10.904789660269557,58442.827741061024
2030,yem,0.5937670836535153,60.928096,Corals,Non-use,-0.0933819777647864,9193.28567779296
2035,yem,0.7392475494688953,62.438104,Corals,Non-use,-0.23057960097629415,11118.16071755204
2040,yem,0.9024271948959636,63.49724,Corals,Non-use,-0.3697296512093411,13284.999416940238
2045,yem,1.081364634186225,64.221574,Corals,Non-use,-0.5137239241369329,15667.42902726121
2050,yem,1.2745559319983288,64.718744,Corals,Non-use,-0.67245139011826,18240.150274412114
2055,yem,1.4813497023245576,64.9957859999999,Corals,Non-use,-0.7993964153630007,21011.43650132678
2060,yem,1.701437281860599,65.020098,Corals,Non-use,-0.9593208045202246,24011.872484961106
2065,yem,1.93465901717319,64.758694,Corals,Non-use,-1.0677431097290038,27285.31134667578
2070,yem,2.186589729596146,64.51135859050774,Corals,Non-use,-1.2322334149528587,30811.224465716485
2075,yem,2.45634062252115,64.27793577310607,Corals,Non-use,-1.3298089014382342,34574.038995457624
2080,yem,2.7425346681783727,64.05827856658496,Corals,Non-use,-1.4782946023722596,38551.04478486436
2085,yem,3.043277434914058,63.85224885250585,Corals,Non-use,-1.5778999266734237,42712.0702873389
2090,yem,3.3561416462378597,63.65971723029451,Corals,Non-use,-1.7121238344202192,47019.378355127024
2095,yem,3.6781679888628136,63.48056288164977,Corals,Non-use,-1.8292632596330298,51427.81600346601
2100,yem,4.005884252448636,63.314673444068724,Corals,Non-use,-1.9484958252852929,55885.24425877946
2030,zaf,2.163837042343466,67.836628,Corals,Non-use,-0.0015317366800008808,26732.78347120928
2035,zaf,2.4565394890028807,67.030147,Corals,Non-use,-0.0037245523267159103,30638.943435828896
2040,zaf,2.7623932536892326,65.99224000000001,Corals,Non-use,-0.005891724285857242,34909.7352485127
2045,zaf,3.080704809865943,64.739926,Corals,Non-use,-0.008094986835242873,39587.939488729295
2050,zaf,3.4120478152854896,63.382743,Corals,Non-use,-0.01050133934998948,44674.27776789279
2055,zaf,3.7547869172505157,61.938108,Corals,Non-use,-0.012392680621421445,50184.15595711906
2060,zaf,4.104418474301271,60.409942,Corals,Non-use,-0.014776425419149114,56105.52313241059
2065,zaf,4.457868708331205,58.8106079999999,Corals,Non-use,-0.016345957152381893,62438.78832930494
2070,zaf,4.822561784998416,57.33146546600568,Corals,Non-use,-0.018753887847209078,69117.0813583421
2075,zaf,5.1963253381018815,55.965416384371856,Corals,Non-use,-0.02012615178944714,76101.33854728621
2080,zaf,5.57668276403087,54.705999776083516,Corals,Non-use,-0.022254908742486285,83342.98128251609
2085,zaf,5.960869676822305,53.54734062099427,Corals,Non-use,-0.023635210123493178,90784.0160277032
2090,zaf,6.345857975801754,52.48410401254732,Corals,Non-use,-0.025524307041202607,98357.41505057435
2095,zaf,6.728387559590059,51.51145404038271,Corals,Non-use,-0.02714932830854397,105987.7939202605
2100,zaf,7.10500549270443,50.625016955348805,Corals,Non-use,-0.0287987400556112,113592.39159167255
2030,ago,0.9918118813052026,86.25498900000001,Fisheries & Mariculture,Market,-2.0525697779557355,8359.24085163586
2035,ago,1.2301910470279522,91.113125,Fisheries & Mariculture,Market,-5.974366197071644,9819.75670195897
2040,ago,1.5103786824880963,95.404473,Fisheries & Mariculture,Market,-11.215557717247366,11518.965817226292
2045,ago,1.8325617456274454,98.970686,Fisheries & Mariculture,Market,-18.095260447505957,13478.315105162814
2050,ago,2.1971842615577977,101.727378,Fisheries & Mariculture,Market,-27.274967467511768,15728.934641126882
2055,ago,2.6052589191306312,103.619312,Fisheries & Mariculture,Market,-37.03049995537234,18317.571491522576
2060,ago,3.0545811726154253,104.908786,Fisheries & Mariculture,Market,-50.292451323300526,21221.909882392356
2065,ago,3.541661140431719,105.655693,Fisheries & Mariculture,Market,-62.74258303654822,24442.50025747273
2070,ago,4.0781728557774954,106.37030643435023,Fisheries & Mariculture,Market,-80.73736535910278,27968.136598935773
2075,ago,4.663443494199101,107.05188761117523,Fisheries & Mariculture,Market,-96.64206539704558,31791.967787007154
2080,ago,5.295526687245922,107.69972785581402,Fisheries & Mariculture,Market,-118.52843387144708,35899.318380602235
2085,ago,5.971061517753782,108.31314973362396,Fisheries & Mariculture,Market,-138.8335176729321,40266.93327109583
2090,ago,6.685165421253841,108.89150822588664,Fisheries & Mariculture,Market,-164.418736619775,44862.43134048047
2095,ago,7.431371523483562,109.43419185597011,Fisheries & Mariculture,Market,-190.686725526067,49644.0252099993
2100,ago,8.201620143068784,109.94062376300569,Fisheries & Mariculture,Market,-219.26902854929523,54560.55886265207
2030,alb,0.07368047084405431,1.943096,Fisheries & Mariculture,Market,-0.8367467099868338,31206.201123751096
2035,alb,0.07719125300594355,1.854005,Fisheries & Mariculture,Market,-2.0571234983318414,34192.17818705247
2040,alb,0.08029573854116083,1.772338999999999,Fisheries & Mariculture,Market,-3.2719037669743676,37127.881312610625
2045,alb,0.08292608977236228,1.695654,Fisheries & Mariculture,Market,-4.493351639114942,39993.67992088366
2050,alb,0.08513847337863904,1.622655999999999,Fisheries & Mariculture,Market,-5.799580991316657,42817.15718692682
2055,alb,0.08709336558596571,1.552862,Fisheries & Mariculture,Market,-6.793080406145905,45671.965916354864
2060,alb,0.08899209111420125,1.489053,Fisheries & Mariculture,Market,-8.040360899817472,48564.15739664225
2065,alb,0.09108776473795105,1.434299,Fisheries & Mariculture,Market,-8.854997236142315,51495.59648455142
2070,alb,0.09312553812249323,1.3841953924899248,Fisheries & Mariculture,Market,-10.116976388198658,54437.01561621622
2075,alb,0.09509924902587379,1.338386941703852,Fisheries & Mariculture,Market,-10.814577791243522,57370.613568392364
2080,alb,0.09700281638256458,1.2965551648529645,Fisheries & Mariculture,Market,-11.914360213520574,60277.69508269647
2085,alb,0.0988302708556729,1.258414638493535,Fisheries & Mariculture,Market,-12.60972934903399,63138.8566231597
2090,alb,0.10057578545085048,1.2237097446200085,Fisheries & Mariculture,Market,-13.573929180111687,65934.19247780374
2095,alb,0.10223370597707734,1.1922118044191916,Fisheries & Mariculture,Market,-14.39522935929621,68643.51835723323
2100,alb,0.10379858113569812,1.1637165545251587,Fisheries & Mariculture,Market,-15.227971517347873,71246.60913243791
2030,are,1.7001883543156429,11.994423,Fisheries & Mariculture,Market,-1.8378833141503441,96429.04637079929
2035,are,1.7068827284331247,11.802186,Fisheries & Mariculture,Market,-4.329873767780529,98574.62569907101
2040,are,1.6914631026569018,11.482985,Fisheries & Mariculture,Market,-6.5606947263324615,100592.07184740566
2045,are,1.664406226207751,11.086581,Fisheries & Mariculture,Market,-8.584555799455842,102718.39925216572
2050,are,1.6323097647488107,10.672363,Fisheries & Mariculture,Market,-10.584067836414551,104847.35372298541
2055,are,1.6023516346692916,10.285696,Fisheries & Mariculture,Market,-11.896488421721024,106995.86295564147
2060,are,1.5798508009582033,9.951524999999991,Fisheries & Mariculture,Market,-13.586871958177412,109243.3638144204
2065,are,1.564732045928833,9.647250000000009,Fisheries & Mariculture,Market,-14.479302423140652,111822.52399218653
2070,are,1.550506677019995,9.367027004623687,Fisheries & Mariculture,Market,-16.033740807391222,114337.15256462716
2075,are,1.5371525314599552,9.109263804747432,Fisheries & Mariculture,Market,-16.63905751722167,116780.48940176117
2080,are,1.5246489091754643,8.87251988282984,Fisheries & Mariculture,Market,-17.825244957329268,119145.87863458648
2085,are,1.5129765191752742,8.655492965862006,Fisheries & Mariculture,Market,-18.37499562610304,121426.7991786327
2090,are,1.5021174298178837,8.457007046202392,Fisheries & Mariculture,Market,-19.297244898522983,123616.89500683415
2095,are,1.4920550227835658,8.276001715533157,Fisheries & Mariculture,Market,-19.998093771465044,125710.00497280284
2100,are,1.4827739505848618,8.11152267595923,Fisheries & Mariculture,Market,-20.706412591386343,127700.19198649486
2030,arg,1.4889686030591325,51.493465,Fisheries & Mariculture,Market,-4.174802141854409,24103.14498500699
2035,arg,1.6530320225681578,51.364513,Fisheries & Mariculture,Market,-10.876327537939972,26763.263070144094
2040,arg,1.823109261490409,51.0831,Fisheries & Mariculture,Market,-18.34127229993495,29609.747714383535
2045,arg,1.9978871978169592,50.65586,Fisheries & Mariculture,Market,-26.727535791537697,32644.97946143025
2050,arg,2.1773518621647354,50.092879,Fisheries & Mariculture,Market,-36.619137650897216,35892.293167351854
2055,arg,2.3614823004591243,49.413354,Fisheries & Mariculture,Market,-45.475251855980346,39369.50594510582
2060,arg,2.549105084521938,48.6379,Fisheries & Mariculture,Market,-56.861800443003474,43072.6016239822
2065,arg,2.7386975515981447,47.798229,Fisheries & Mariculture,Market,-65.73265819125112,46977.1397207814
2070,arg,2.932206484246329,47.01431260135766,Fisheries & Mariculture,Market,-78.6475552923464,51013.18231847628
2075,arg,3.1284839300960874,46.283834941165395,Fisheries & Mariculture,Market,-87.83652514012128,55154.85229202947
2080,arg,3.3262656698914297,45.604658519618596,Fisheries & Mariculture,Market,-100.86768476180998,59372.528414763954
2085,arg,3.524181375551364,44.974813740566425,Fisheries & Mariculture,Market,-111.01528233287682,63633.07042579051
2090,arg,3.7207674967371362,44.392489357291936,Fisheries & Mariculture,Market,-123.98050908299466,67900.14505111171
2095,arg,3.9144827913260802,43.85602375841146,Fisheries & Mariculture,Market,-136.08417015621293,72134.65248483671
2100,arg,4.103726340074535,43.363897034983594,Fisheries & Mariculture,Market,-148.6407086509937,76295.24953885231
2030,aus,2.539893488378035,33.290315,Fisheries & Mariculture,Market,-41.92477731661041,58814.88203595549
2035,aus,2.75220907467629,33.85498,Fisheries & Mariculture,Market,-106.60739612414686,62617.940845988735
2040,aus,2.9613379209999398,34.32925299999999,Fisheries & Mariculture,Market,-175.39193992852302,66391.66263704035
2045,aus,3.1638926693614557,34.697285,Fisheries & Mariculture,Market,-249.18081414404244,70123.87481842496
2050,aus,3.3571881248185558,34.930598,Fisheries & Mariculture,Market,-332.3992815020155,73851.40439979927
2055,aus,3.5403060741582193,35.02683,Fisheries & Mariculture,Market,-401.3618878550081,77602.95117981447
2060,aus,3.7135242961675776,35.013541,Fisheries & Mariculture,Market,-487.66775398454087,81364.9523600343
2065,aus,3.876094331336857,34.921482,Fisheries & Mariculture,Market,-547.6919553498872,85081.94390119465
2070,aus,4.037296979935233,34.83425589293856,Fisheries & Mariculture,Market,-637.5089363508794,88770.40466684739
2075,aus,4.196366670532069,34.751827038144256,Fisheries & Mariculture,Market,-693.61671353089,92411.88968896322
2080,aus,4.352518323081721,34.67416178062263,Fisheries & Mariculture,Market,-777.0350864069538,95987.44660203859
2085,aus,4.50495336869886,34.60122842813795,Fisheries & Mariculture,Market,-835.44856686215,99477.7689354704
2090,aus,4.652866180594523,34.53299722964536,Fisheries & Mariculture,Market,-912.7384524495683,102863.36041729419
2095,aus,4.795450849712881,34.4694403550529,Fisheries & Mariculture,Market,-981.4486176422379,106124.70849261219
2100,aus,4.931908230417701,34.41053187629407,Fisheries & Mariculture,Market,-1051.6694656026216,109242.46502984481
2030,bel,0.6765402278042738,12.600789,Fisheries & Mariculture,Market,-0.042500071310113595,40432.71435898548
2035,bel,0.7081084633198612,12.667786,Fisheries & Mariculture,Market,-0.10438701335801868,42082.0393056761
2040,bel,0.7384202124695889,12.727955,Fisheries & Mariculture,Market,-0.16644318326704585,43661.96826785581
2045,bel,0.766965005293993,12.7667,Fisheries & Mariculture,Market,-0.22988423031828711,45197.65157317116
2050,bel,0.793619698969754,12.771939,Fisheries & Mariculture,Market,-0.29904573362979364,46734.23550421227
2055,bel,0.8184630476280641,12.742309,Fisheries & Mariculture,Market,-0.3531304522207379,48293.758177053634
2060,bel,0.8414592539365636,12.686045,Fisheries & Mariculture,Market,-0.42054418723968395,49854.845837939174
2065,bel,0.8619926037786485,12.607799,Fisheries & Mariculture,Market,-0.4635390614870677,51371.85258186509
2070,bel,0.8819752896083897,12.533923781322603,Fisheries & Mariculture,Market,-0.5300206266223353,52855.56484401377
2075,bel,0.9013451121874294,12.464346820167725,Fisheries & Mariculture,Market,-0.5669933979104022,54300.430647175854
2080,bel,0.9200405977571136,12.399000016723686,Fisheries & Mariculture,Market,-0.6250975351589279,55700.91343297381
2085,bel,0.9380013157591209,12.337819583874296,Fisheries & Mariculture,Market,-0.6620238561392592,57051.52652323698
2090,bel,0.9551681979450791,12.280745943242415,Fisheries & Mariculture,Market,-0.713093393487732,58346.868192055575
2095,bel,0.971483856572969,12.227723628332413,Fisheries & Mariculture,Market,-0.7566838856152766,59581.65704294556
2100,bel,0.9868928993397564,12.178701194550676,Fisheries & Mariculture,Market,-0.800894065407447,60750.76737366617
2030,ben,0.3546032204564866,29.437378,Fisheries & Mariculture,Market,-1.6724249376848388,9952.837501508715
2035,ben,0.43888464192022947,30.944002,Fisheries & Mariculture,Market,-4.85741261558095,11693.138027174873
2040,ben,0.5375190603434936,32.301941,Fisheries & Mariculture,Market,-9.096288622690519,13689.077013005093
2045,ben,0.6511480792573454,33.43675099999999,Fisheries & Mariculture,Market,-14.652823603052253,15985.060330091781
2050,ben,0.7800873326169679,34.368729,Fisheries & Mariculture,Market,-22.0686782642491,18590.279801661047
2055,ben,0.9254355764074088,35.0773519999999,Fisheries & Mariculture,Market,-29.9771410208582,21561.106987471805
2060,ben,1.0868461698113883,35.614166,Fisheries & Mariculture,Market,-40.78068802337619,24885.155260821124
2065,ben,1.2642133714786812,36.006835,Fisheries & Mariculture,Market,-51.040051395006685,28567.468881977966
2070,ben,1.4602102793447116,36.38398350596205,Fisheries & Mariculture,Market,-65.88092386902139,32582.217925014047
2075,ben,1.6746785973628167,36.745024564100895,Fisheries & Mariculture,Market,-79.09085852977393,36918.61865546069
2080,ben,1.9069820318720563,37.08939138832969,Fisheries & Mariculture,Market,-97.27367454330414,41557.0102673233
2085,ben,2.155949052978017,37.41653883245772,Fisheries & Mariculture,Market,-114.23958366788804,46468.111309022184
2090,ben,2.4198281518000164,37.725944818971676,Fisheries & Mariculture,Market,-135.63101422030272,51612.52613143896
2095,ben,2.696259823369962,38.017111719195725,Fisheries & Mariculture,Market,-157.66981691218123,56940.56161005348
2100,ben,2.9822692399089616,38.28956767975598,Fisheries & Mariculture,Market,-181.70204961836413,62392.40719279429
2030,bgd,5.431266203943127,198.396591,Fisheries & Mariculture,Market,-1.4486222382121647,19377.9804637818
2035,bgd,6.08302615019111,196.092233,Fisheries & Mariculture,Market,-3.8073639665856516,21980.76748357563
2040,bgd,6.733893590787288,193.032804,Fisheries & Mariculture,Market,-6.444462658656078,24743.445400347304
2045,bgd,7.356824065678982,189.393574,Fisheries & Mariculture,Market,-9.36228865462503,27579.80600023973
2050,bgd,7.9402226954069155,185.262633,Fisheries & Mariculture,Market,-12.703280262413516,30461.516001319338
2055,bgd,8.492422097392724,180.753927,Fisheries & Mariculture,Market,-15.556994235833123,33426.47900131908
2060,bgd,9.02377072078885,176.005054,Fisheries & Mariculture,Market,-19.14805298856785,36513.15908297484
2065,bgd,9.541193178411053,171.297294,Fisheries & Mariculture,Market,-21.78429510737477,39707.992565998
2070,bgd,10.060930036426056,166.94454841712957,Fisheries & Mariculture,Market,-25.6703924057395,43006.13739144765
2075,bgd,10.58013383446557,162.92567870597568,Fisheries & Mariculture,Market,-28.25765251880239,46387.881163981736
2080,bgd,11.095798423803018,159.22145130232897,Fisheries & Mariculture,Market,-32.00791450031686,49830.79478300435
2085,bgd,11.604784342649396,155.81438377762913,Fisheries & Mariculture,Market,-34.774852065502905,53309.89670475275
2090,bgd,12.103847557507795,152.68860681823722,Fisheries & Mariculture,Market,-38.36613307824655,56797.885163595696
2095,bgd,12.589671269187816,149.82974049872666,Fisheries & Mariculture,Market,-41.63430432995143,60265.4377186935
2100,bgd,13.058900403294526,147.22478349314724,Fisheries & Mariculture,Market,-44.99556255497693,63681.57542492825
2030,bgr,0.2432983417465248,5.042848,Fisheries & Mariculture,Market,-0.36534104820251645,37189.02630374041
2035,bgr,0.25309585502527876,4.881818,Fisheries & Mariculture,Market,-0.8918565532798862,39930.62027286311
2040,bgr,0.26240087605097756,4.729388,Fisheries & Mariculture,Market,-1.4138098596399804,42698.609717768275
2045,bgr,0.27181844625241114,4.592736,Fisheries & Mariculture,Market,-1.947492732022245,45510.47332907144
2050,bgr,0.2818044973223637,4.473836,Fisheries & Mariculture,Market,-2.5382615997034583,48397.396183480014
2055,bgr,0.2928128103324278,4.373131000000001,Fisheries & Mariculture,Market,-3.0198783953713866,51404.562724540345
2060,bgr,0.30489141582256646,4.28454300000001,Fisheries & Mariculture,Market,-3.6423948962861,54587.65507158179
2065,bgr,0.31757793023641806,4.196335,Fisheries & Mariculture,Market,-4.082219940381063,58007.38547062415
2070,bgr,0.33013160981334555,4.114262582522562,Fisheries & Mariculture,Market,-4.742275181935369,61453.600120238174
2075,bgr,0.34249469151428175,4.03803046477015,Fisheries & Mariculture,Market,-5.149962025554086,64906.06704329566
2080,bgr,0.35460819839841257,3.967367478647474,Fisheries & Mariculture,Market,-5.7590766023826205,68343.29503997447
2085,bgr,0.36641237991822134,3.9020249577659567,Fisheries & Mariculture,Market,-6.181638710006397,71742.7321323715
2090,bgr,0.3778471785826207,3.8417752734691732,Fisheries & Mariculture,Market,-6.742889309123825,75080.99208594917
2095,bgr,0.38885271825999174,3.786410507769414,Fisheries & Mariculture,Market,-7.23981259464529,78334.10629260408
2100,bgr,0.3993698088810739,3.7357412523213807,Fisheries & Mariculture,Market,-7.747178632132849,81477.79759172372
2030,bhr,0.1743548659803165,2.302458,Fisheries & Mariculture,Market,-0.15669395110967455,54452.93165277931
2035,bhr,0.18464944107622103,2.306893,Fisheries & Mariculture,Market,-0.38941870675638274,57595.72828508418
2040,bhr,0.19355693952023992,2.290422,Fisheries & Mariculture,Market,-0.6241562297330792,60849.02034895949
2045,bhr,0.2013125238598326,2.257669,Fisheries & Mariculture,Market,-0.8632300520204477,64248.24999214608
2050,bhr,0.20839990242432657,2.215613,Fisheries & Mariculture,Market,-1.1234268744302405,67817.94403719515
2055,bhr,0.2154213207620941,2.170595,Fisheries & Mariculture,Market,-1.3296792887948248,71604.60268651733
2060,bhr,0.22257465955331468,2.124603,Fisheries & Mariculture,Market,-1.591389129600787,75634.30620431488
2065,bhr,0.22945555392979544,2.07402,Fisheries & Mariculture,Market,-1.7652389341524668,79927.49236148191
2070,bhr,0.23619449025868208,2.02711022627898,Fisheries & Mariculture,Market,-2.030618048469245,84234.96735238584
2075,bhr,0.2427662464897577,1.9836745420978494,Fisheries & Mariculture,Market,-2.184727741633787,88533.4045409614
2080,bhr,0.24914559608903228,1.9435309585867202,Fisheries & Mariculture,Market,-2.4216765465288215,92798.3188525213
2085,bhr,0.25530746387575876,1.9065133599188495,Fisheries & Mariculture,Market,-2.577839234674975,97004.28029211539
2090,bhr,0.2612270855073785,1.8724703533131064,Fisheries & Mariculture,Market,-2.7900172567252164,101125.15138422877
2095,bhr,0.266880169246029,1.8412642326792064,Fisheries & Mariculture,Market,-2.9738381416090864,105134.34574175545
2100,bhr,0.27224305857331826,1.8127700459332363,Fisheries & Mariculture,Market,-3.160705210800941,109005.10442740805
2030,bhs,0.020906657093800823,0.445260999999999,Fisheries & Mariculture,Market,-8.35320149828772,39164.98519831732
2035,bhs,0.02234354837628066,0.442368,Fisheries & Mariculture,Market,-20.94937928388859,42031.190573617576
2040,bhs,0.0238225682479904,0.438442999999999,Fisheries & Mariculture,Market,-34.15256646765295,45107.783690214404
2045,bhs,0.025328320624502392,0.433284,Fisheries & Mariculture,Market,-48.285013273137785,48415.024616195544
2050,bhs,0.026849852072616864,0.426799,Fisheries & Mariculture,Market,-64.34864364590695,51979.588241288606
2055,bhs,0.028361962036230825,0.419049,Fisheries & Mariculture,Market,-77.82958122707942,55789.343626982096
2060,bhs,0.029862505787165296,0.4103,Fisheries & Mariculture,Market,-94.92423781426191,59850.461997013634
2065,bhs,0.031356845145867736,0.400918,Fisheries & Mariculture,Market,-107.24757650700718,64162.32448077558
2070,bhs,0.0328475063713577,0.39220890411357545,Fisheries & Mariculture,Market,-125.54837251049588,68540.33955733053
2075,bhs,0.03432684604098251,0.38413741119484723,Fisheries & Mariculture,Market,-137.33876076520644,72956.51795953912
2080,bhs,0.03578692323092229,0.37667121423395145,Fisheries & Mariculture,Market,-154.64557040932638,77380.53328951352
2085,bhs,0.03721956410284305,0.3697807841448597,Fisheries & Mariculture,Market,-167.07589751081755,81780.01575707347
2090,bhs,0.03861643263630678,0.36343917437728646,Fisheries & Mariculture,Market,-183.36271811776774,86120.90314315366
2095,bhs,0.03996910675262763,0.35762184453618145,Fisheries & Mariculture,Market,-198.00477691176573,90367.8448819922
2100,bhs,0.04126915894368975,0.3523065013859621,Fisheries & Mariculture,Market,-213.01147400884176,94484.65351995622
2030,blz,0.017138658141188146,0.591210999999999,Fisheries & Mariculture,Market,-1.2013128326373728,25170.84007601416
2035,blz,0.02025287439479687,0.599851999999999,Fisheries & Mariculture,Market,-3.3313220772742946,29225.16403332586
2040,blz,0.023663988067132453,0.605154,Fisheries & Mariculture,Market,-5.951598719124583,33742.9636927717
2045,blz,0.027305697098040805,0.607607,Fisheries & Mariculture,Market,-9.132089660054282,38657.54421786719
2050,blz,0.03113980471033504,0.607429999999999,Fisheries & Mariculture,Market,-13.092552468926533,43960.40847613287
2055,blz,0.03513754542983736,0.604987000000001,Fisheries & Mariculture,Market,-16.915731419194078,49647.967810435126
2060,blz,0.03928703581475631,0.600637,Fisheries & Mariculture,Market,-21.908420758126727,55736.92403833945
2065,blz,0.043569790511193994,0.594581,Fisheries & Mariculture,Market,-26.142766037027524,62245.167725053914
2070,blz,0.04808193516684422,0.5888858073808309,Fisheries & Mariculture,Market,-32.240484441005144,69135.81124038399
2075,blz,0.05279928826923946,0.5835420420041584,Fisheries & Mariculture,Market,-37.05938680164807,76370.34504907388
2080,blz,0.057691676708504495,0.5785409498046759,Fisheries & Mariculture,Market,-43.73581489938495,83899.63945462562
2085,blz,0.06272294046754655,0.5738743788248434,Fisheries & Mariculture,Market,-49.39464502769285,91663.9072150623
2090,blz,0.06785110098457522,0.5695347570089673,Fisheries & Mariculture,Market,-56.52059491848642,99592.98127734939
2095,blz,0.07302870552412943,0.565515071671713,Fisheries & Mariculture,Market,-63.46813932477888,107606.93336411775
2100,blz,0.07820335452212006,0.5618088505629093,Fisheries & Mariculture,Market,-70.81311524698424,115617.04776277348
2030,bra,8.683643794732223,219.98681,Fisheries & Mariculture,Market,-63.065580114681914,32711.538726502422
2035,bra,9.736283529240387,215.662394,Fisheries & Mariculture,Market,-165.93357141243683,37328.75592121326
2040,bra,10.81008624586627,210.670582,Fisheries & Mariculture,Market,-281.69942298864436,42332.79313392043
2045,bra,11.876980385685131,205.115032,Fisheries & Mariculture,Market,-411.56082801770606,47663.39358409413
2050,bra,12.937228299714956,199.309975,Fisheries & Mariculture,Market,-563.5867510587955,53310.305653847274
2055,bra,13.989430782526474,193.427095,Fisheries & Mariculture,Market,-697.7992514056816,59265.51321241279
2060,bra,15.033500383780359,187.625721,Fisheries & Mariculture,Market,-868.626386459556,65509.63643229593
2065,bra,16.069087302119286,182.011177,Fisheries & Mariculture,Market,-999.0066271257097,72018.90480925808
2070,bra,17.120664736925555,176.83697024148006,Fisheries & Mariculture,Market,-1189.464096863206,78797.89089469322
2075,bra,18.18209037859181,172.074440613558,Fisheries & Mariculture,Market,-1322.2849882774208,85803.67949796314
2080,bra,19.246697043302742,167.6976334998618,Fisheries & Mariculture,Market,-1511.7896456274489,92985.8611103535
2085,bra,20.307348371094957,163.68306348478015,Fisheries & Mariculture,Market,-1656.9819306217653,100286.8579149938
2090,bra,21.35650644052634,160.00950360280336,Fisheries & Mariculture,Market,-1843.2792358615154,107642.46049560749
2095,bra,22.386310723537115,156.65779747463733,Fisheries & Mariculture,Market,-2015.8387342034744,114982.57781246149
2100,bra,23.388667490968032,153.61069199296466,Fisheries & Mariculture,Market,-2194.344913651925,122232.19572083319
2030,brb,0.0107337268311372,0.274003999999999,Fisheries & Mariculture,Market,-0.39346716467117415,34151.93748244334
2035,brb,0.011900591666986203,0.27208,Fisheries & Mariculture,Market,-1.0237105164622224,38011.29378758829
2040,brb,0.013127088318563742,0.270097,Fisheries & Mariculture,Market,-1.7266041017551608,42102.11992443791
2045,brb,0.01440287057178443,0.267976,Fisheries & Mariculture,Market,-2.5190953930876896,46410.75588963448
2050,brb,0.015723329658555676,0.265513,Fisheries & Mariculture,Market,-3.457256609622218,50971.79397255268
2055,brb,0.017085737940618618,0.262778,Fisheries & Mariculture,Market,-4.301617189352746,55784.96189491746
2060,brb,0.018486991553747615,0.25977,Fisheries & Mariculture,Market,-5.391464007514924,60862.0176079344
2065,brb,0.019915615605957063,0.256305,Fisheries & Mariculture,Market,-6.249401925506175,66236.57975565802
2070,brb,0.021377688600212733,0.25305715774050125,Fisheries & Mariculture,Market,-7.496508263478977,71777.92991083991
2075,brb,0.022864496879618525,0.25001924440788487,Fisheries & Mariculture,Market,-8.392869440772053,77449.74231800878
2080,brb,0.024366366698490106,0.24718454763923445,Fisheries & Mariculture,Market,-9.660364084327387,83210.77039519764
2085,brb,0.025872739541435957,0.2445468467266735,Fisheries & Mariculture,Market,-10.655517150392068,89015.18201440925
2090,brb,0.02737227035603542,0.24210038979195841,Fisheries & Mariculture,Market,-11.924475986785557,94813.02805939192
2095,brb,0.028852948192467892,0.23983987281370692,Fisheries & Mariculture,Market,-13.113874312227374,100550.84258939647
2100,brb,0.030302238098253678,0.23776042039986134,Fisheries & Mariculture,Market,-14.349662328494576,106172.36858932246
2030,chl,0.6975092855729619,19.854625,Fisheries & Mariculture,Market,-57.07513320313269,27584.58573435905
2035,chl,0.752019406065366,19.514107,Fisheries & Mariculture,Market,-144.4031415371085,30223.629274789608
2040,chl,0.8044774452241371,19.111552,Fisheries & Mariculture,Market,-236.19854419057853,32974.00093381834
2045,chl,0.8527629190045213,18.652049,Fisheries & Mariculture,Market,-332.9376011470244,35771.929507796405
2050,chl,0.8957608632152443,18.14083,Fisheries & Mariculture,Market,-439.66122152124245,38588.84734138701
2055,chl,0.9330061394206826,17.592384,Fisheries & Mariculture,Market,-524.3502778119087,41397.33108425735
2060,chl,0.9645261087052853,17.030712,Fisheries & Mariculture,Market,-627.9042728459737,44154.88641024762
2065,chl,0.9907311873357786,16.482444,Fisheries & Mariculture,Market,-693.9681502096156,46807.587112948204
2070,chl,1.01630237614023,15.97835721979713,Fisheries & Mariculture,Market,-795.5366667572554,49471.68136605695
2075,chl,1.0411529790372063,15.51540653631629,Fisheries & Mariculture,Market,-853.1047240915907,52131.52814086192
2080,chl,1.0651968811363066,15.090843501357734,Fisheries & Mariculture,Market,-942.695834158552,54770.66794543316
2085,chl,1.08834903245721,14.702189094669281,Fisheries & Mariculture,Market,-1000.551147338363,57371.97995507879
2090,chl,1.1105259375577206,14.347209522592841,Fisheries & Mariculture,Market,-1079.9314073030725,59917.857265656865
2095,chl,1.1316461472405628,14.023894730505873,Fisheries & Mariculture,Market,-1148.1283823424808,62390.397975910135
2100,chl,1.1516307483848403,13.730439338537044,Fisheries & Mariculture,Market,-1217.3605114394215,64771.60935928556
2030,chn,60.882906835826795,1146.749636,Fisheries & Mariculture,Market,-107.11040611263543,30524.87998773806
2035,chn,63.27248731758661,1091.65903,Fisheries & Mariculture,Market,-261.2172465975723,33529.5100896665
2040,chn,65.05110143821298,1038.70914,Fisheries & Mariculture,Market,-410.6363061864684,36451.53219971716
2045,chn,66.35896166699999,986.647114,Fisheries & Mariculture,Market,-557.0234344448882,39385.14530505794
2050,chn,67.32197501184746,935.604942999999,Fisheries & Mariculture,Market,-710.4316038900257,42391.88683171695
2055,chn,68.10119633613381,887.408687000001,Fisheries & Mariculture,Market,-822.8697331870792,45483.869315166194
2060,chn,68.73471037814025,842.783736000001,Fisheries & Mariculture,Market,-962.0439297807906,48627.13275308133
2065,chn,69.093767985319,800.2158090000011,Fisheries & Mariculture,Market,-1040.547542854768,51787.79658211562
2070,chn,69.43665458110044,761.8188272449213,Fisheries & Mariculture,Market,-1168.5986901910103,54991.371472581865
2075,chn,69.76310657335446,727.1881833962738,Fisheries & Mariculture,Market,-1229.0030442413313,58221.477221564135
2080,chn,70.07287187070006,695.9682412494976,Fisheries & Mariculture,Market,-1333.309473755782,61460.57616277974
2085,chn,70.36571020595885,667.8462697188777,Fisheries & Mariculture,Market,-1390.821899728221,64690.11725904805
2090,chn,70.64139344585674,642.5472249797639,Fisheries & Mariculture,Market,-1476.9509380759655,67890.70233593373
2095,chn,70.89970588641593,619.829258864559,Fisheries & Mariculture,Market,-1546.548641094497,71042.27260301814
2100,chn,71.14044453350388,599.4798506048857,Fisheries & Mariculture,Market,-1616.8207676789484,74124.3131120858
2030,civ,0.7645430370957431,52.02046300000001,Fisheries & Mariculture,Market,-9.230950392885472,11859.27740787829
2035,civ,0.9046117034161352,53.6708639999999,Fisheries & Mariculture,Market,-25.63051515636623,13577.095437863558
2040,civ,1.0597839708923273,54.986079,Fisheries & Mariculture,Market,-45.91221336818166,15498.844241687328
2045,civ,1.22800424567407,55.948571,Fisheries & Mariculture,Market,-70.74275131703507,17619.58843727954
2050,civ,1.4084202083600408,56.671344,Fisheries & Mariculture,Market,-102.00133731107405,19916.01752816682
2055,civ,1.600737307392428,57.207693,Fisheries & Mariculture,Market,-132.7408539567206,22384.47792750535
2060,civ,1.804247365621604,57.565195,Fisheries & Mariculture,Market,-173.3097794860259,25030.164518469865
2065,civ,2.019821503612155,57.73067,Fisheries & Mariculture,Market,-208.7585325868353,27891.95493764226
2070,civ,2.249086195051324,57.88832313549858,Fisheries & Mariculture,Market,-259.7711396461745,30919.41962077269
2075,civ,2.4909379191012784,58.03808660357616,Fisheries & Mariculture,Market,-301.1606626808499,34096.3855100493
2080,civ,2.7439157170410007,58.17989580831555,Fisheries & Mariculture,Market,-358.31089065254974,37402.217487224836
2085,civ,3.0061933965613137,58.313689407157774,Fisheries & Mariculture,Market,-407.78904517289556,40811.78493635385
2090,civ,3.275581714279595,58.43940935505315,Fisheries & Mariculture,Market,-470.0060441114789,44295.55506315455
2095,civ,3.5495416504555912,58.55700094636313,Fisheries & Mariculture,Market,-531.3731670484923,47819.82432939281
2100,civ,3.8252095591304545,58.66641285447079,Fisheries & Mariculture,Market,-596.635004727512,51347.09505261272
2030,cmr,0.6410113846746914,55.413945,Fisheries & Mariculture,Market,-0.7529609183550195,8665.721405626438
2035,cmr,0.788362028826672,57.53636400000001,Fisheries & Mariculture,Market,-2.1731166750994277,10262.423419127193
2040,cmr,0.958596084712545,59.190071,Fisheries & Mariculture,Market,-4.040254726163705,12127.241039752646
2045,cmr,1.1522802825389769,60.455876,Fisheries & Mariculture,Market,-6.458065137584081,14269.323636471756
2050,cmr,1.370404226516214,61.305912,Fisheries & Mariculture,Market,-9.655716809748775,16731.645142168967
2055,cmr,1.6124462403033915,61.814446,Fisheries & Mariculture,Market,-13.008643048216706,19520.73176086869
2060,cmr,1.877908360120594,62.043666,Fisheries & Mariculture,Market,-17.549453540501098,22645.727328841873
2065,cmr,2.165557532798504,62.014443,Fisheries & Mariculture,Market,-21.775251653713358,26121.294035644984
2070,cmr,2.4806819571996543,61.98669422602524,Fisheries & Mariculture,Market,-27.875206951710013,29929.459987098046
2075,cmr,2.8226632354329064,61.96041767671833,Fisheries & Mariculture,Market,-33.20141702098444,34062.72902801225
2080,cmr,3.190171175337501,61.93561145567875,Fisheries & Mariculture,Market,-40.52895821854277,38504.96103632742
2085,cmr,3.5810955116998224,61.91227377123478,Fisheries & Mariculture,Market,-47.26033058392309,43230.54228593208
2090,cmr,3.992497040827772,61.89040293622782,Fisheries & Mariculture,Market,-55.734206248210505,48203.792543570984
2095,cmr,4.420583387622436,61.869997367809226,Fisheries & Mariculture,Market,-64.38269372355418,53378.67252671271
2100,cmr,4.860714103148443,61.85105558724936,Fisheries & Mariculture,Market,-73.75913038196325,58698.84894838285
2030,cod,0.9934701182530877,271.615037,Fisheries & Mariculture,Market,-0.015203803306503949,3128.2906287671362
2035,cod,1.3000713711924674,290.858518,Fisheries & Mariculture,Market,-0.04668907630137003,3812.0882239371936
2040,cod,1.6762360470919375,308.709722,Fisheries & Mariculture,Market,-0.09204474803687598,4617.749393829448
2045,cod,2.129170927227142,324.729928,Fisheries & Mariculture,Market,-0.15546962799480038,5560.299083748388
2050,cod,2.667055242103152,338.710743,Fisheries & Mariculture,Market,-0.2448265896570619,6658.461706403044
2055,cod,3.2977218704447,349.973542,Fisheries & Mariculture,Market,-0.3466183246286792,7945.2406953404025
2060,cod,4.026918919683281,358.577956,Fisheries & Mariculture,Market,-0.49028976707890537,9442.1600860378
2065,cod,4.858802611183038,364.55469,Fisheries & Mariculture,Market,-0.6365220518315907,11173.747573948795
2070,cod,5.812350670238228,370.3272258054452,Fisheries & Mariculture,Market,-0.8509216272966166,13120.339637836425
2075,cod,6.89299814426441,375.88253827266607,Fisheries & Mariculture,Market,-1.0563223181252015,15285.438971165488
2080,cod,8.103364413787475,381.2079282543232,Fisheries & Mariculture,Market,-1.3412432983020965,17667.076726723193
2085,cod,9.442563307345427,386.2910703666446,Fisheries & Mariculture,Market,-1.6235344087890535,20256.861596208084
2090,cod,10.90555174428777,391.1200599953811,Fisheries & Mariculture,Market,-1.9834241710190332,23039.150397981888
2095,cod,12.482565231938342,395.68345929274204,Fisheries & Mariculture,Market,-2.3685586412267776,25990.409766931825
2100,cod,14.15869224705,399.97034191933375,Fisheries & Mariculture,Market,-2.799172053156676,29078.83923650835
2030,col,2.1991026775271743,57.018611,Fisheries & Mariculture,Market,-6.026118337042948,30995.67370170845
2035,col,2.4462658401896302,56.394002,Fisheries & Mariculture,Market,-15.730642196054067,34804.084063777766
2040,col,2.690811240437508,55.57219600000001,Fisheries & Mariculture,Market,-26.457072384444672,38785.665115142016
2045,col,2.9246453533371297,54.532819,Fisheries & Mariculture,Market,-38.238685747190466,42888.98325073831
2050,col,3.146550422322223,53.348143,Fisheries & Mariculture,Market,-51.71969823799762,47090.100610378286
2055,col,3.3575702387353052,52.08693,Fisheries & Mariculture,Market,-63.191303768694254,51379.88554954595
2060,col,3.559229069298789,50.81842,Fisheries & Mariculture,Market,-77.5944391534812,55733.06641865997
2065,col,3.753697337280461,49.607447,Fisheries & Mariculture,Market,-88.05178511544574,60113.319582413504
2070,col,3.948536235036359,48.48443658428588,Fisheries & Mariculture,Market,-103.50673189495865,64590.86411087553
2075,col,4.142701457045377,47.444616588673966,Fisheries & Mariculture,Market,-113.67544058922795,69137.20220641028
2080,col,4.3350971605015065,46.48362592364344,Fisheries & Mariculture,Market,-128.4800643873834,73720.88244836856
2085,col,4.524585124309597,45.59748399423072,Fisheries & Mariculture,Market,-139.2980607523309,78307.78610084811
2090,col,4.70999498737163,44.78256311537008,Fisheries & Mariculture,Market,-153.3850804959879,82861.48730144299
2095,col,4.8901354573144324,44.03556365410276,Fisheries & Mariculture,Market,-166.14829979025,87343.68373885988
2100,col,5.063806356304529,43.3534916592201,Fisheries & Mariculture,Market,-179.25788002028494,91714.69222621302
2030,com,0.019111317642575572,1.419503,Fisheries & Mariculture,Market,-0.07279291571566929,11562.26487893679
2035,com,0.02329424111578424,1.452683,Fisheries & Mariculture,Market,-0.20820814004658084,13731.084327682092
2040,com,0.027779174041673647,1.477546,Fisheries & Mariculture,Market,-0.37965071059357264,16052.411684095821
2045,com,0.03250147130401697,1.493277,Fisheries & Mariculture,Market,-0.5906620989266469,18529.16160725333
2050,com,0.037412150700210665,1.502721,Fisheries & Mariculture,Market,-0.8547523389399546,21132.694650847476
2055,com,0.04249989221540884,1.507148999999999,Fisheries & Mariculture,Market,-1.111799242712992,23865.794249741823
2060,com,0.04772297554332414,1.506713,Fisheries & Mariculture,Market,-1.4461339069447277,26727.673976443253
2065,com,0.05309200874818321,1.501228,Fisheries & Mariculture,Market,-1.7310691076602118,29755.197448043666
2070,com,0.05876642692736279,1.4960362190828647,Fisheries & Mariculture,Market,-2.1412535232767085,32951.85405949702
2075,com,0.06471674759619342,1.4911346998184112,Fisheries & Mariculture,Market,-2.46834595222159,36299.5296177001
2080,com,0.07090551534126324,1.4865206540417912,Fisheries & Mariculture,Market,-2.920944222590878,39775.43353478672
2085,com,0.07728724761073218,1.4821914602073083,Fisheries & Mariculture,Market,-3.3073524971341612,43352.10327046731
2090,com,0.08380860017744517,1.4781446609035076,Fisheries & Mariculture,Market,-3.7936529345592525,46997.545126632416
2095,com,0.0904087714043603,1.4743779605262366,Fisheries & Mariculture,Market,-4.269646461551273,50675.52175759012
2100,com,0.0970201571907706,1.4708892231065913,Fisheries & Mariculture,Market,-4.773857777353009,54345.99194756496
2030,cpv,0.012780234407497206,0.695847999999999,Fisheries & Mariculture,Market,-3.5269863913441455,12880.828414022677
2035,cpv,0.014040892278292952,0.690381999999999,Fisheries & Mariculture,Market,-9.093065626226966,14280.931258386094
2040,cpv,0.015299370696113753,0.681987999999999,Fisheries & Mariculture,Market,-15.149731498202515,15771.731926171065
2045,cpv,0.01651099087497314,0.671257,Fisheries & Mariculture,Market,-21.740808979764726,17314.00283282569
2050,cpv,0.017676531190933594,0.6585960000000001,Fisheries & Mariculture,Market,-29.261133575287946,18915.642806768352
2055,cpv,0.01882370183181947,0.645025,Fisheries & Mariculture,Market,-35.67878529827343,20592.11550080774
2060,cpv,0.01999328970330483,0.631761,Fisheries & Mariculture,Market,-43.89668594168467,22357.982345509605
2065,cpv,0.021206155283864197,0.6195200000000001,Fisheries & Mariculture,Market,-50.0972245438437,24212.286816521966
2070,cpv,0.022428275575742295,0.6081163725142895,Fisheries & Mariculture,Market,-59.21083263755938,26119.55608882373
2075,cpv,0.023652798177711067,0.5975117969479715,Fisheries & Mariculture,Market,-65.36395934104236,28068.51309277041
2080,cpv,0.024872433137063603,0.5876710175702099,Fisheries & Mariculture,Market,-74.23829654204775,30046.472085261976
2085,cpv,0.02607951485315446,0.5785616475064334,Fisheries & Mariculture,Market,-80.86091124601943,32039.434365732606
2090,cpv,0.027266073433275816,0.5701539904251247,Fisheries & Mariculture,Market,-89.42482309813698,34032.21811378993
2095,cpv,0.028423914775670342,0.5624208785398457,Fisheries & Mariculture,Market,-97.25943011126166,36008.621795828214
2100,cpv,0.02954470842519177,0.555337525684519,Fisheries & Mariculture,Market,-105.33038963246473,37951.61959261715
2030,cri,0.22935917494147057,5.714681,Fisheries & Mariculture,Market,-10.595105217719434,33287.80558495974
2035,cri,0.2477531813571447,5.659395000000001,Fisheries & Mariculture,Market,-26.857095885092903,36227.00348882983
2040,cri,0.26444808157885424,5.579778,Fisheries & Mariculture,Market,-43.832473699594736,39131.510495726456
2045,cri,0.2789683483411859,5.476208000000009,Fisheries & Mariculture,Market,-61.48677089557297,41965.83053221795
2050,cri,0.29150864192822673,5.351755,Fisheries & Mariculture,Market,-80.77365380811722,44770.45681775918
2055,cri,0.3023171542021886,5.21436,Fisheries & Mariculture,Market,-95.91620953517769,47545.710941876154
2060,cri,0.31167058085259597,5.071476,Fisheries & Mariculture,Market,-114.54271601643767,50283.09562261774
2065,cri,0.3196599950837899,4.92783100000001,Fisheries & Mariculture,Market,-126.40498719423452,52954.36945696334
2070,cri,0.3274445004469059,4.795233434755651,Fisheries & Mariculture,Market,-144.69954886655202,55616.511463766685
2075,cri,0.33499888934744376,4.672994824918617,Fisheries & Mariculture,Market,-154.96134742615087,58254.31043839174
2080,cri,0.34229819284174623,4.560490202914771,Fisheries & Mariculture,Market,-171.01670087227384,60852.018797626675
2085,cri,0.3493178147662043,4.457152773701241,Fisheries & Mariculture,Market,-181.29425812850465,63393.50139880973
2090,cri,0.3560336669157753,4.362469138673943,Fisheries & Mariculture,Market,-195.4567839896393,65862.39647917866
2095,cri,0.3624223042591582,4.275975026191238,Fisheries & Mariculture,Market,-207.58068330198589,68242.28658846051
2100,cri,0.3684610591516766,4.197251478803027,Fisheries & Mariculture,Market,-219.88204645643617,70516.87710486464
2030,cyp,0.07078108555917284,1.466256,Fisheries & Mariculture,Market,-1.1177771299274986,41132.09898200931
2035,cyp,0.07603173141074042,1.465152,Fisheries & Mariculture,Market,-2.817627221788308,44094.79833403974
2040,cyp,0.080991919127572,1.456386,Fisheries & Mariculture,Market,-4.58929625848816,47123.631204966085
2045,cyp,0.08557609024520049,1.439871,Fisheries & Mariculture,Market,-6.448044702312713,50222.40060280828
2050,cyp,0.08987310806148444,1.417,Fisheries & Mariculture,Market,-8.5132796537247,53446.61788119103
2055,cyp,0.09408934106153331,1.390674,Fisheries & Mariculture,Market,-10.205128750201613,56854.35585598352
2060,cyp,0.09841206313752839,1.363848,Fisheries & Mariculture,Market,-12.364280448721752,60466.657381998346
2065,cyp,0.10282805495590391,1.336744,Fisheries & Mariculture,Market,-13.900690881341008,64280.3908532477
2070,cyp,0.10721149579803577,1.3115069105976618,Fisheries & Mariculture,Market,-16.196444080603747,68118.3328518191
2075,cyp,0.111541255441998,1.288049476210285,Fisheries & Mariculture,Market,-17.638611282874713,71956.64086481334
2080,cyp,0.11579561682187904,1.2662914804125693,Fisheries & Mariculture,Market,-19.77765890236541,75770.04169564867
2085,cyp,0.11995244459430013,1.2461592872150271,Fisheries & Mariculture,Market,-21.28243238394849,79532.08012169729
2090,cyp,0.12398936596121359,1.2275854241522026,Fisheries & Mariculture,Market,-23.26981683665567,83215.40133868704
2095,cyp,0.12788396186476234,1.2105082038641977,Fisheries & Mariculture,Market,-25.04015117406501,86792.06353908617
2100,cyp,0.13161396642253256,1.1948713811886518,Fisheries & Mariculture,Market,-26.85029094243429,90233.87607638058
2030,deu,4.653542858006373,79.28470600000001,Fisheries & Mariculture,Market,-0.6590838930346974,42505.674421033495
2035,deu,4.849395404230484,78.73916700000001,Fisheries & Mariculture,Market,-1.6117409130534033,44624.46601416215
2040,deu,5.0385898477660325,78.189718,Fisheries & Mariculture,Market,-2.560544874306869,46715.29926848792
2045,deu,5.207773758520497,77.50963800000001,Fisheries & Mariculture,Market,-3.519222191368553,48732.60008914911
2050,deu,5.348245959857356,76.643921,Fisheries & Mariculture,Market,-4.543572792905806,50638.418497135914
2055,deu,5.460803395515173,75.64690399999999,Fisheries & Mariculture,Market,-5.311945150177519,52412.51957928455
2060,deu,5.550300177356126,74.5844399999999,Fisheries & Mariculture,Market,-6.253972427552749,54058.12242104575
2065,deu,5.619105401766675,73.461989,Fisheries & Mariculture,Market,-6.812569143125196,55593.00683807997
2070,deu,5.685280672654871,72.41170815235564,Fisheries & Mariculture,Market,-7.7028104403459166,57092.83660228088
2075,deu,5.748711352080716,71.43093073008659,Fisheries & Mariculture,Market,-8.15301692219452,58552.49668979711
2080,deu,5.80928648454388,70.51718703656857,Fisheries & Mariculture,Market,-8.898658411116424,59966.90646501299
2085,deu,5.86689911772937,69.66819400685485,Fisheries & Mariculture,Market,-9.3355467772726,61331.04878961354
2090,deu,5.921446614822814,68.88184566766525,Fisheries & Mariculture,Market,-9.966790364693775,62639.99940335627
2095,deu,5.972830957129401,68.15620440004888,Fisheries & Mariculture,Market,-10.48866144731517,63888.95633839505
2100,deu,6.0209590357568095,67.48949295379721,Fisheries & Mariculture,Market,-11.016196414597598,65073.269123216254
2030,dji,0.02531570213182291,1.476122999999999,Fisheries & Mariculture,Market,-0.393247830390463,12780.75763976315
2035,dji,0.028659421400017,1.47797,Fisheries & Mariculture,Market,-1.0447068202182774,14449.322786390547
2040,dji,0.0320790667500653,1.474683999999999,Fisheries & Mariculture,Market,-1.7879875367859244,16207.833628088636
2045,dji,0.035533554891101486,1.465015,Fisheries & Mariculture,Market,-2.6336169847381248,18069.881929464027
2050,dji,0.038998220990272725,1.449606999999999,Fisheries & Mariculture,Market,-3.6337102368107748,20040.555601037388
2055,dji,0.042518234380032424,1.428774,Fisheries & Mariculture,Market,-4.536194216157722,22165.800943154132
2060,dji,0.04610146997689381,1.403997,Fisheries & Mariculture,Market,-5.69735973194142,24455.51660916826
2065,dji,0.04972430303131712,1.376307,Fisheries & Mariculture,Market,-6.61198450157052,26905.31812576714
2070,dji,0.053436455947141526,1.3505203040252223,Fisheries & Mariculture,Market,-7.9406183886735064,29463.05443423887
2075,dji,0.05721577628361261,1.3265485174070084,Fisheries & Mariculture,Market,-8.899856688732521,32113.702840701044
2080,dji,0.06103757903328317,1.3043103579380424,Fisheries & Mariculture,Market,-10.254592792824022,34839.3921740527
2085,dji,0.06487483557186356,1.2837311949846717,Fisheries & Mariculture,Market,-11.322094799027498,37619.486976791944
2090,dji,0.068698423499122,1.2647426304850011,Fisheries & Mariculture,Market,-12.682172447264476,40430.74861719144
2095,dji,0.07247743626584925,1.2472821185275749,Fisheries & Mariculture,Market,-13.959248692690197,43247.57570297637
2100,dji,0.07617954975069037,1.2312926205369676,Fisheries & Mariculture,Market,-15.287053220979946,46042.32363301129
2030,dnk,0.3656839565881107,6.341729000000001,Fisheries & Mariculture,Market,-0.7374082880056789,41266.297259570114
2035,dnk,0.3844175904933063,6.401049,Fisheries & Mariculture,Market,-1.8190976508716805,43011.635162877945
2040,dnk,0.4021834327453727,6.461122,Fisheries & Mariculture,Market,-2.909997981133496,44615.565865033954
2045,dnk,0.41895959360849516,6.516046999999999,Fisheries & Mariculture,Market,-4.030991155229141,46120.51619021477
2050,dnk,0.43405422476587174,6.555937,Fisheries & Mariculture,Market,-5.250192571872015,47528.18629815019
2055,dnk,0.44704810461038985,6.57722500000001,Fisheries & Mariculture,Market,-6.191507821096386,48830.269669037894
2060,dnk,0.45807323488226354,6.586453000000001,Fisheries & Mariculture,Market,-7.348852559857936,50003.011659123455
2065,dnk,0.4674566349680543,6.591498,Fisheries & Mariculture,Market,-8.069194799531001,51027.591141009834
2070,dnk,0.47655346857436703,6.596294421084231,Fisheries & Mariculture,Market,-9.192932309831034,52022.8605221259
2075,dnk,0.4853392311242103,6.600841705460044,Fisheries & Mariculture,Market,-9.80027733008794,52986.25309845299
2080,dnk,0.49378987189678913,6.605139323532083,Fisheries & Mariculture,Market,-10.76933896688705,53915.24363523718
2085,dnk,0.5018819018579106,6.609186774005011,Fisheries & Mariculture,Market,-11.370453878056743,54807.3591895153
2090,dnk,0.5095925008227694,6.612983583980903,Fisheries & Mariculture,Market,-12.212249281163876,55660.18989846371
2095,dnk,0.5168996232788923,6.61652930905126,Fisheries & Mariculture,Market,-12.92382850924253,56471.39966898951
2100,dnk,0.5237821021928448,6.619823533383645,Fisheries & Mariculture,Market,-13.644630504359506,57238.73670332412
2030,dom,0.6809607530963461,13.605327,Fisheries & Mariculture,Market,-1.947244768660113,39168.644074088086
2035,dom,0.7479386301139422,13.592163,Fisheries & Mariculture,Market,-5.0189755685522695,43015.02667173566
2040,dom,0.8153821573044928,13.539076,Fisheries & Mariculture,Market,-8.366158169915616,47025.325781606494
2045,dom,0.882151926967396,13.448394,Fisheries & Mariculture,Market,-12.035924339308837,51162.16210604921
2050,dom,0.9480605627488098,13.33164,Fisheries & Mariculture,Market,-16.261615309432827,55404.39053894581
2055,dom,1.0137698619835827,13.1934,Fisheries & Mariculture,Market,-19.910304422656544,59798.396167443
2060,dom,1.0797662058455184,13.039716,Fisheries & Mariculture,Market,-24.564657013820913,64369.94786806661
2065,dom,1.1465838162796156,12.870055,Fisheries & Mariculture,Market,-28.06667949769131,69176.89907559521
2070,dom,1.2139885848618184,12.710974151821462,Fisheries & Mariculture,Market,-33.20881560748496,74077.28141296539
2075,dom,1.281599734670028,12.562128814467876,Fisheries & Mariculture,Market,-36.69794394139433,79040.82625316267
2080,dom,1.3490110100359611,12.42319880738239,Fisheries & Mariculture,Market,-41.721385215956424,84034.35178225745
2085,dom,1.415794127827137,12.293887259010674,Fisheries & Mariculture,Market,-45.48547441962101,89022.05564155383
2090,dom,1.4815027830729903,12.173919546164148,Fisheries & Mariculture,Market,-50.3467522342685,93965.87790872049
2095,dom,1.5456771688764623,12.063042318862172,Fisheries & Mariculture,Market,-54.80246826268728,98825.93114700189
2100,dom,1.607848956934873,11.961022605790253,Fisheries & Mariculture,Market,-59.39538881305898,103560.9922515327
2030,dza,1.6051499111931335,64.0752,Fisheries & Mariculture,Market,-4.129795765150965,16112.867348105356
2035,dza,1.8634387898127944,64.568813,Fisheries & Mariculture,Market,-11.250679697320765,18623.126013286437
2040,dza,2.152780095724576,64.933188,Fisheries & Mariculture,Market,-19.87371459604496,21463.555398948705
2045,dza,2.4753670423246312,65.246545,Fisheries & Mariculture,Market,-30.38716459038525,24640.795200817167
2050,dza,2.8379855621505783,65.49538700000001,Fisheries & Mariculture,Market,-43.797799939527906,28233.94040655651
2055,dza,3.2478341724383157,65.605348,Fisheries & Mariculture,Market,-57.39140848061579,32360.96947838266
2060,dza,3.7079964009329345,65.532883,Fisheries & Mariculture,Market,-75.89877904397626,37105.42239662223
2065,dza,4.212696061858418,65.2168449999999,Fisheries & Mariculture,Market,-92.78117463405911,42495.572497164896
2070,dza,4.757421229281386,64.91805681457687,Fisheries & Mariculture,Market,-117.0913739050745,48364.980907628444
2075,dza,5.34020550399765,64.63629116181879,Fisheries & Mariculture,Market,-137.58205946959671,54699.539447345014
2080,dza,5.958037797603067,64.37133416979582,Fisheries & Mariculture,Market,-165.79101526617356,61473.18578223063
2085,dza,6.606802107185441,64.12298510560635,Fisheries & Mariculture,Market,-190.97584166880188,68646.92159434503
2090,dza,7.281246690476968,63.89105612157083,Fisheries & Mariculture,Market,-222.63285004314034,76168.14898822021
2095,dza,7.974987901879373,63.67537201812328,Fisheries & Mariculture,Market,-254.4051344572203,83970.39907750727
2100,dza,8.680553014568785,63.47577002298116,Fisheries & Mariculture,Market,-288.51565767247,91973.51779586532
2030,ecu,0.5029045386766711,22.148377,Fisheries & Mariculture,Market,-1.2515498984990703,16734.712432516106
2035,ecu,0.5704417424566508,22.127966,Fisheries & Mariculture,Market,-3.3313830024789755,19002.181120772424
2040,ecu,0.6411964504159533,22.007437,Fisheries & Mariculture,Market,-5.725588442118788,21479.013453889704
2045,ecu,0.7135974906578656,21.799422,Fisheries & Mariculture,Market,-8.473318412758303,24135.70851230113
2050,ecu,0.7870971518596169,21.515577,Fisheries & Mariculture,Market,-11.749519147999651,26976.52972318404
2055,ecu,0.8614339718277071,21.174346,Fisheries & Mariculture,Market,-14.723961381137016,30004.17844557357
2060,ecu,0.9365064040833166,20.79176,Fisheries & Mariculture,Market,-18.54197007935286,33223.7196352561
2065,ecu,1.0123144486264453,20.392899,Fisheries & Mariculture,Market,-21.565762297210394,36620.49573865117
2070,ecu,1.0901617538393031,20.021250063900457,Fisheries & Mariculture,Market,-25.95337703617831,40174.13108647005
2075,ecu,1.1695832371207153,19.675578209302113,Fisheries & Mariculture,Market,-29.1463791414567,43864.11310787882
2080,ecu,1.2500570545847094,19.354746895352772,Fisheries & Mariculture,Market,-33.6462921128202,47665.81610887961
2085,ecu,1.3310084547777865,19.057711773691988,Fisheries & Mariculture,Market,-37.21496261074049,51550.59931831889
2090,ecu,1.411815015032311,18.783515001421392,Fisheries & Mariculture,Market,-41.75523534174436,55486.01641970744
2095,ecu,1.4918132452160024,18.531280072589617,Fisheries & Mariculture,Market,-46.032009762916545,59436.140869654126
2100,ecu,1.5703065036632204,18.300207128996984,Fisheries & Mariculture,Market,-50.48426776028693,63362.00760163932
2030,egy,8.708304773816822,183.488565,Fisheries & Mariculture,Market,-4.599334117192194,41111.48566788448
2035,egy,10.221131794229986,188.169675,Fisheries & Mariculture,Market,-12.668085374488212,46909.155510689074
2040,egy,11.824761942557195,192.031397,Fisheries & Mariculture,Market,-22.40887994301059,53014.423644752234
2045,egy,13.504787342413586,195.18917,Fisheries & Mariculture,Market,-34.03193851828664,59383.722427524895
2050,egy,15.253836522160366,197.617954,Fisheries & Mariculture,Market,-48.32474441143445,66045.83600783128
2055,egy,17.078024452588792,199.49619,Fisheries & Mariculture,Market,-61.9496748906167,73021.2027363778
2060,egy,18.974000464772146,200.615357,Fisheries & Mariculture,Market,-79.72651063074392,80424.74696775684
2065,egy,20.92367094650616,200.998176,Fisheries & Mariculture,Market,-94.59887803653737,88244.07097285887
2070,egy,22.966179088380404,201.36254802911262,Fisheries & Mariculture,Market,-116.03537417655365,96380.76646934982
2075,egy,25.090076648990742,201.7083683560508,Fisheries & Mariculture,Market,-132.69488684409745,104783.93082685566
2080,egy,27.28148455108985,202.03553735979685,Fisheries & Mariculture,Market,-155.83826361618478,113393.67720091663
2085,egy,29.52412832991326,202.34396057737354,Fisheries & Mariculture,Market,-175.19131914475858,122141.46209957924
2090,egy,31.799438758411117,202.6335487492462,Fisheries & Mariculture,Market,-199.5957639607513,130950.66265336706
2095,egy,34.08672124470934,202.90421786232432,Fisheries & Mariculture,Market,-223.2181130350931,139737.4105952317
2100,egy,36.36339549322331,203.1558891905347,Fisheries & Mariculture,Market,-248.10458326308938,148411.68160378007
2030,esp,2.6144706491109093,49.382894,Fisheries & Mariculture,Market,-6.693655802403691,41464.695221020396
2035,esp,2.76399737454111,48.974681,Fisheries & Mariculture,Market,-16.606109050756892,44151.72157749433
2040,esp,2.8960422281721567,48.54545,Fisheries & Mariculture,Market,-26.604242625157696,46617.37620824027
2045,esp,3.015441085522535,48.197021,Fisheries & Mariculture,Market,-36.835625762763826,48835.02344916972
2050,esp,3.1268189343061628,47.939424,Fisheries & Mariculture,Market,-48.01881929671081,50853.32994692529
2055,esp,3.230662998071519,47.666288,Fisheries & Mariculture,Market,-56.8082386567052,52783.473913289235
2060,esp,3.323010040491427,47.255732,Fisheries & Mariculture,Market,-67.68520826273208,54701.90055577333
2065,esp,3.3969443959747876,46.641708,Fisheries & Mariculture,Market,-74.44830393075856,56590.86115135648
2070,esp,3.4687447657887365,46.06596468684294,Fisheries & Mariculture,Market,-84.95565080443048,58442.795097763854
2075,esp,3.538203920267021,45.527256554868885,Fisheries & Mariculture,Market,-90.7096154445498,60249.86997555563
2080,esp,3.605117832576089,45.0244264653462,Fisheries & Mariculture,Market,-99.82603726365426,62004.23866548256
2085,esp,3.6692866578628562,44.556401491174476,Fisheries & Mariculture,Market,-105.54445123812421,63698.09477451033
2090,esp,3.730515710926293,44.122189089133755,Fisheries & Mariculture,Market,-113.5060483932881,65323.72942535332
2095,esp,3.7886164358542773,43.72087358050326,Fisheries & Mariculture,Market,-120.26606695993394,66873.58884509637
2100,esp,3.843407360983753,43.351612922524104,Fisheries & Mariculture,Market,-127.11741168038466,68340.33216172834
2030,fra,3.6385550152081905,69.99743599999991,Fisheries & Mariculture,Market,-2.1447368279617502,40139.04227580565
2035,fra,3.8404532458844267,70.469078,Fisheries & Mariculture,Market,-5.312246257597981,42047.4265421127
2040,fra,4.044468009811731,70.9756440000001,Fisheries & Mariculture,Market,-8.55407141809251,43928.120219539785
2045,fra,4.253221171709417,71.488333,Fisheries & Mariculture,Market,-11.961912706715134,45825.591062121595
2050,fra,4.467357212290615,71.950782,Fisheries & Mariculture,Market,-15.795191001326806,47783.158609502956
2055,fra,4.685821526752023,72.3526550000001,Fisheries & Mariculture,Market,-18.970154470704497,49799.51004897731
2060,fra,4.90428584121343,72.6900599999999,Fisheries & Mariculture,Market,-22.99870317549547,51835.6255895342
2065,fra,5.114035018758679,72.904084,Fisheries & Mariculture,Market,-25.804504564847004,53848.41513719308
2070,fra,5.321818871527341,73.10800545075023,Fisheries & Mariculture,Market,-30.008581905819923,55832.801360078745
2075,fra,5.526664684096112,73.30173456560772,Fisheries & Mariculture,Market,-32.621132905256005,57779.795217030136
2080,fra,5.727576987773153,73.48518579501756,Fisheries & Mariculture,Market,-36.514113436665994,59680.277208823434
2085,fra,5.923545102423709,73.65827788936552,Fisheries & Mariculture,Market,-39.22842949370032,61525.06465837806
2090,fra,6.11355116349143,73.82093395885082,Fisheries & Mariculture,Market,-42.82616043966154,63304.98228191649
2095,fra,6.296578551975396,73.97308153031699,Fisheries & Mariculture,Market,-46.01850999068978,65010.9353409309
2100,fra,6.4716206355735295,74.11465260098254,Fisheries & Mariculture,Market,-49.279595278915046,66633.98460059243
2030,geo,0.12911776806142028,2.542821,Fisheries & Mariculture,Market,-0.1414475589685698,41600.56162268034
2035,geo,0.1318290673622952,2.442838,Fisheries & Mariculture,Market,-0.3388997745832705,44123.4968446713
2040,geo,0.133782870481117,2.356198,Fisheries & Mariculture,Market,-0.5258675358358358,46330.2674583572
2045,geo,0.1353861902918246,2.281049,Fisheries & Mariculture,Market,-0.7076547281441262,48332.218102013256
2050,geo,0.13722057470284138,2.217927,Fisheries & Mariculture,Market,-0.9016911745494437,50279.166541118975
2055,geo,0.1396979829251159,2.167593,Fisheries & Mariculture,Market,-1.0510893676481061,52269.1935351612
2060,geo,0.14292087479670582,2.12927,Fisheries & Mariculture,Market,-1.2456258797601099,54326.76646756931
2065,geo,0.14674792640304896,2.099188,Fisheries & Mariculture,Market,-1.3761576361472125,56465.513424946854
2070,geo,0.15048098005146668,2.0710138441882893,Fisheries & Mariculture,Market,-1.5769988549657337,58569.72124560559
2075,geo,0.15410752256685709,2.0446807748195455,Fisheries & Mariculture,Market,-1.6905349204240698,60629.35644399716
2080,geo,0.1576151335175581,2.0201268788796676,Fisheries & Mariculture,Market,-1.8674635016345107,62634.28988183776
2085,geo,0.16099155421618794,1.9972948447006451,Fisheries & Mariculture,Market,-1.9814663368535659,64574.37716577196
2090,geo,0.1642247574853769,1.97613173826571,Fisheries & Mariculture,Market,-2.1380536621545265,66439.54207030832
2095,geo,0.16730301764842725,1.9565887979784957,Fisheries & Mariculture,Market,-2.2724591493453294,68219.86205693208
2100,geo,0.17021498018837344,1.9386212467785477,Fisheries & Mariculture,Market,-2.408885976160609,69905.65489822016
2030,gha,0.5213913255841751,61.211171,Fisheries & Mariculture,Market,-6.825418137711805,6794.988985084754
2035,gha,0.6244603154705874,63.461477,Fisheries & Mariculture,Market,-19.183195744319033,7837.924502813354
2040,gha,0.7403280716430616,65.404849,Fisheries & Mariculture,Market,-34.774114655076446,9002.652136995177
2045,gha,0.8686234841880695,66.98786099999991,Fisheries & Mariculture,Market,-54.25435763529928,10297.70562829103
2050,gha,1.0094461191799726,68.242553,Fisheries & Mariculture,Market,-79.2643206329711,11729.533306477404
2055,gha,1.162605895931354,69.208485,Fisheries & Mariculture,Market,-104.52930009500534,13300.6508407321
2060,gha,1.3272881829247138,69.897463,Fisheries & Mariculture,Market,-138.23346639114698,15012.374985454368
2065,gha,1.5030856644013006,70.336118,Fisheries & Mariculture,Market,-168.43640274468896,16869.251561437886
2070,gha,1.692213198091762,70.75545547079238,Fisheries & Mariculture,Market,-211.91459025029914,18850.78855805958
2075,gha,1.8939313629603791,71.15509101818823,Fisheries & Mariculture,Market,-248.26789224747984,20947.661055428503
2080,gha,2.107152660930236,71.53465638214135,Fisheries & Mariculture,Market,-298.3363850993321,23147.212371378762
2085,gha,2.3304242220840266,71.89380000021868,Fisheries & Mariculture,Market,-342.7477440163338,25433.354712601576
2090,gha,2.5619203174412126,72.2321875484094,Fisheries & Mariculture,Market,-398.5672441407616,27786.564954122157
2095,gha,2.7994462758131218,72.54950245811268,Fisheries & Mariculture,Market,-454.3813125499824,30183.987671570227
2100,gha,3.040455084033007,72.84544640818847,Fisheries & Mariculture,Market,-514.1775027309923,32599.65436865431
2030,gmb,0.0462987525062249,5.042642,Fisheries & Mariculture,Market,-0.6796787425074554,8237.727463290765
2035,gmb,0.05641330351004007,5.199052,Fisheries & Mariculture,Market,-1.9434196238351098,9699.49845066936
2040,gmb,0.0679366983213903,5.320889,Fisheries & Mariculture,Market,-3.578534745449561,11371.083152715311
2045,gmb,0.0808059881983392,5.407698000000001,Fisheries & Mariculture,Market,-5.659988411018736,13258.561631706449
2050,gmb,0.09500352484292263,5.468826,Fisheries & Mariculture,Market,-8.365718657866703,15356.370056046668
2055,gmb,0.11050948931090275,5.50622200000001,Fisheries & Mariculture,Market,-11.142279041815346,17675.03928490792
2060,gmb,0.12726121598811804,5.521885,Fisheries & Mariculture,Market,-14.863222414868904,20220.351097128678
2065,gmb,0.14533137433677384,5.516582,Fisheries & Mariculture,Market,-18.263354230917997,23026.53318876888
2070,gmb,0.16493556309575566,5.511548988151925,Fisheries & Mariculture,Market,-23.16269163913463,26057.51165956959
2075,gmb,0.186013238233395,5.506785221819277,Fisheries & Mariculture,Market,-27.344444914614193,29301.15917564118
2080,gmb,0.2084638752728595,5.502289997864666,Fisheries & Mariculture,Market,-33.09862605379513,32739.110944559437
2085,gmb,0.23214414711000253,5.498062652476824,Fisheries & Mariculture,Market,-38.28831859598167,36346.42523944357
2090,gmb,0.2568662205167764,5.494102561007232,Fisheries & Mariculture,Market,-44.81381517510483,40091.43175481703
2095,gmb,0.28239740274054653,5.49040913781629,Fisheries & Mariculture,Market,-51.40175646569037,43935.80028937715
2100,gmb,0.30846133537192044,5.486981836128986,Fisheries & Mariculture,Market,-58.498421869327565,47834.85573360666
2030,gnb,0.023411733333641358,3.568298,Fisheries & Mariculture,Market,-5.005400506904462,5287.891352007293
2035,gnb,0.02867706782861486,3.63739400000001,Fisheries & Mariculture,Market,-14.387676408525524,6343.331702872438
2040,gnb,0.03475934925398128,3.680417,Fisheries & Mariculture,Market,-26.665105454964113,7585.938788222896
2045,gnb,0.04165948377954395,3.701766,Fisheries & Mariculture,Market,-42.49685068681066,9024.020846226233
2050,gnb,0.04936164828642922,3.705672,Fisheries & Mariculture,Market,-63.302965574820064,10662.941506805062
2055,gnb,0.05787692592838559,3.693006999999999,Fisheries & Mariculture,Market,-84.98666381982149,12523.842302594847
2060,gnb,0.06722713448606263,3.666020999999999,Fisheries & Mariculture,Market,-114.3490010093137,14629.13213505039
2065,gnb,0.07746775943357237,3.626279,Fisheries & Mariculture,Market,-141.7793640619152,17013.12379771939
2070,gnb,0.08867829759127432,3.588933387136054,Fisheries & Mariculture,Market,-181.36894709950013,19644.018005754864
2075,gnb,0.1008357259005792,3.553917698026689,Fisheries & Mariculture,Market,-215.87907779702203,22518.437146486227
2080,gnb,0.11389187844120296,3.5211699784741475,Fisheries & Mariculture,Market,-263.3557360333714,25626.45126025016
2085,gnb,0.1277710838614552,3.49063260025738,Fisheries & Mariculture,Market,-306.910680373619,28950.85347250986
2090,gnb,0.1423684903882042,3.462252091635207,Fisheries & Mariculture,Market,-361.73428229953805,32466.61856652547
2095,gnb,0.15754925969940692,3.435978980859782,Fisheries & Mariculture,Market,-417.6423156080655,36140.60051380186
2100,gnb,0.17314879223322402,3.411767652057448,Fisheries & Mariculture,Market,-478.22662215736847,39931.51990007666
2030,gnq,0.06447495372236213,3.39421,Fisheries & Mariculture,Market,-0.1755436013096573,15861.325809764117
2035,gnq,0.07623356346841766,3.514952,Fisheries & Mariculture,Market,-0.48706939228163515,18066.769271714285
2040,gnq,0.0890790164688773,3.606967999999999,Fisheries & Mariculture,Market,-0.8702334682211644,20523.473033824914
2045,gnq,0.10296995932642117,3.667773,Fisheries & Mariculture,Market,-1.3376487997290747,23274.877363306416
2050,gnq,0.11778034619535627,3.705597,Fisheries & Mariculture,Market,-1.923516559233311,26287.727184177154
2055,gnq,0.13327362528308045,3.719835,Fisheries & Mariculture,Market,-2.4921732882544614,29560.755004317314
2060,gnq,0.14915453851269636,3.70978,Fisheries & Mariculture,Market,-3.230821375371064,33093.09451941771
2065,gnq,0.16530135667706203,3.674441,Fisheries & Mariculture,Market,-3.8526286229943496,36939.05260594824
2070,gnq,0.1823014186694247,3.641188754051709,Fisheries & Mariculture,Market,-4.748148936735053,41010.633879524474
2075,gnq,0.20006305769792454,3.609971708177967,Fisheries & Mariculture,Market,-5.4544595746247415,45285.50279368678
2080,gnq,0.21847231677463272,3.5807417075671477,Fisheries & Mariculture,Market,-6.433319794629737,49735.14761240785
2085,gnq,0.23739300297343666,3.553453872449439,Fisheries & Mariculture,Market,-7.2616621171503235,54324.851936868676
2090,gnq,0.2566673493530065,3.5280664829549493,Fisheries & Mariculture,Market,-8.304913538357164,59013.84679493544
2095,gnq,0.27611732883094203,3.504540872539021,Fisheries & Mariculture,Market,-9.321171351121269,63755.65829071933
2100,gnq,0.2955466443873349,3.4828413295926666,Fisheries & Mariculture,Market,-10.395108227790436,68498.65939578613
2030,grc,0.43502414244323356,9.38964,Fisheries & Mariculture,Market,-4.995067792297612,40424.98876463742
2035,grc,0.4533387004473524,9.23385200000001,Fisheries & Mariculture,Market,-12.215225144159882,42700.97370833869
2040,grc,0.4689719835944951,9.079751,Fisheries & Mariculture,Market,-19.32152182015161,44779.455368140065
2045,grc,0.48250649350835545,8.935612999999991,Fisheries & Mariculture,Market,-26.434359254255547,46664.66331657431
2050,grc,0.4947581743091004,8.801385000000009,Fisheries & Mariculture,Market,-34.076120375209356,48422.84013624353
2055,grc,0.505935430496737,8.668512000000002,Fisheries & Mariculture,Market,-39.899107572632246,50113.331722331626
2060,grc,0.5155161462037569,8.523276,Fisheries & Mariculture,Market,-47.09261527273496,51764.06017461427
2065,grc,0.5225164754513304,8.354149,Fisheries & Mariculture,Market,-51.3587896317832,53355.06666086992
2070,grc,0.5292570945818038,8.196666530814813,Fisheries & Mariculture,Market,-58.13464646344595,54901.97588597672
2075,grc,0.5357253236593471,8.050285038731088,Fisheries & Mariculture,Market,-61.59721313576732,56398.23016776796
2080,grc,0.5419088653923672,7.914504797180345,Fisheries & Mariculture,Market,-67.2975175925153,57837.35007254228
2085,grc,0.5477958437271659,7.788867053868246,Fisheries & Mariculture,Market,-70.66769380426284,59212.98074562573
2090,grc,0.553374841535646,7.672951437775949,Fisheries & Mariculture,Market,-75.5123459925235,60518.93836731269
2095,grc,0.5586349372312319,7.5663736054410915,Fisheries & Mariculture,Market,-79.53146529924526,61749.2562624161
2100,grc,0.5635657401500135,7.46878310799635,Fisheries & Mariculture,Market,-83.5952554143894,62898.23018464683
2030,gtm,0.5999840871940109,25.76571,Fisheries & Mariculture,Market,-2.6907710608538062,19640.579217614246
2035,gtm,0.6861358167575498,26.011545,Fisheries & Mariculture,Market,-7.221006899636045,22191.403154025087
2040,gtm,0.7753228955767705,26.122207,Fisheries & Mariculture,Market,-12.47630631530035,24905.47549406592
2045,gtm,0.8654807281590275,26.089229,Fisheries & Mariculture,Market,-18.519617652535786,27764.93343410272
2050,gtm,0.9556139431479702,25.938863,Fisheries & Mariculture,Market,-25.706836308035648,30754.417254617645
2055,gtm,1.0461574513588212,25.695909,Fisheries & Mariculture,Market,-32.223605310182535,33898.586378739325
2060,gtm,1.136988164825009,25.380174,Fisheries & Mariculture,Market,-40.56724082788324,37203.13139033595
2065,gtm,1.2284343181240602,25.020612,Fisheries & Mariculture,Market,-47.160208981555286,40666.69102939381
2070,gtm,1.3222952892633362,24.68386733357861,Fisheries & Mariculture,Market,-56.72908607042483,44255.14646007113
2075,gtm,1.4180103893167118,24.369139679009475,Fisheries & Mariculture,Market,-63.6806209302341,47945.569477132165
2080,gtm,1.51495146534093,24.075686840148936,Fisheries & Mariculture,Market,-73.48192028733229,51711.48788129743
2085,gtm,1.612427578620621,23.802821820023617,Fisheries & Mariculture,Market,-81.24401773080662,55523.07288406041
2090,gtm,1.7096913216171363,23.54991013137883,Fisheries & Mariculture,Market,-91.12242070629584,59347.42339998333
2095,gtm,1.805946753000896,23.316367329400357,Fisheries & Mariculture,Market,-100.42106457035813,63148.947647870125
2100,gtm,1.9003588829395306,23.101656753133188,Fisheries & Mariculture,Market,-110.09856517297702,66889.83926974001
2030,guy,0.07691404567044105,0.748008999999999,Fisheries & Mariculture,Market,-6.7578716312023595,92058.38181664833
2035,guy,0.06926464488083894,0.7317449999999991,Fisheries & Mariculture,Market,-14.281260713806157,84436.15711673863
2040,guy,0.06313909400388093,0.7161130000000001,Fisheries & Mariculture,Market,-19.905313949734392,78360.94752840562
2045,guy,0.05819602570639565,0.700866,Fisheries & Mariculture,Market,-24.396931538013046,73526.11773100393
2050,guy,0.05420843937596969,0.686095999999999,Fisheries & Mariculture,Market,-28.56934771045063,69704.33912324978
2055,guy,0.05100305210236376,0.6720889999999999,Fisheries & Mariculture,Market,-30.778008024122723,66701.51747320396
2060,guy,0.048456833019308,0.659242,Fisheries & Mariculture,Market,-33.872076296951,64366.37214304077
2065,guy,0.04647551622363228,0.647983,Fisheries & Mariculture,Market,-34.95547988772763,62572.855530102235
2070,guy,0.044670227281149215,0.63746962468843,Fisheries & Mariculture,Market,-37.54592120655533,60905.207911256235
2075,guy,0.043026387197973026,0.6276711842766688,Fisheries & Mariculture,Market,-37.85559039524176,59355.73876971896
2080,guy,0.04153100329531825,0.6185593446423534,Fisheries & Mariculture,Market,-39.465850502794154,57917.41266018833
2085,guy,0.04017249809812568,0.6101079903156227,Fisheries & Mariculture,Market,-39.655851496672035,56583.795286877576
2090,guy,0.03894055968645184,0.602293099278306,Fisheries & Mariculture,Market,-40.660900873780335,55349.00487991689
2095,guy,0.03782601079638452,0.5950926287328278,Fisheries & Mariculture,Market,-41.20763479733899,54207.66834933097
2100,guy,0.03682069433650822,0.5884864110775708,Fisheries & Mariculture,Market,-41.79316618178521,53154.88175303843
2030,hnd,0.24345384846465332,14.606827,Fisheries & Mariculture,Market,-3.30030775725234,13390.658731043039
2035,hnd,0.29404346778782375,14.714894,Fisheries & Mariculture,Market,-9.354056428837206,16028.224834507546
2040,hnd,0.3504108437769002,14.74258,Fisheries & Mariculture,Market,-17.044400763556286,19033.72338232127
2045,hnd,0.4111048287970214,14.698715,Fisheries & Mariculture,Market,-26.59058991850449,22360.444487579363
2050,hnd,0.4752858050682112,14.59986,Fisheries & Mariculture,Market,-38.647533124893584,25983.623797574586
2055,hnd,0.5426042260798828,14.454841,Fisheries & Mariculture,Market,-50.51973091313225,29912.216064136057
2060,hnd,0.6127790423144325,14.275117,Fisheries & Mariculture,Market,-66.08824356787449,34149.70478355844
2065,hnd,0.6857071552051015,14.071302,Fisheries & Mariculture,Market,-79.57254372800041,38703.4724865052
2070,hnd,0.7632342230435663,13.880442247587917,Fisheries & Mariculture,Market,-98.97737961472157,43599.518033244734
2075,hnd,0.8449849112409343,13.702080269677477,Fisheries & Mariculture,Market,-114.70374841575689,48816.88168169256
2080,hnd,0.9304638165742042,13.53579189063024,Fisheries & Mariculture,Market,-136.42125695819965,54325.364063276254
2085,hnd,1.0190529693618249,13.38118454560105,Fisheries & Mariculture,Market,-155.20607400237287,60085.13792043285
2090,hnd,1.1100126850904715,13.237895730796852,Fisheries & Mariculture,Market,-178.82830619594404,66046.63361657332
2095,hnd,1.2024861337120551,13.105591582056029,Fisheries & Mariculture,Market,-202.11601958308603,72150.73819906366
2100,hnd,1.2955078837958018,12.98396557391943,Fisheries & Mariculture,Market,-226.8751210706076,78329.3381233588
2030,hrv,0.13106961594376393,3.13464,Fisheries & Mariculture,Market,-0.7801867142918486,32324.53854101439
2035,hrv,0.13315357343590692,3.062038,Fisheries & Mariculture,Market,-1.859944576943367,33588.096104799006
2040,hrv,0.13522648062319448,2.991861,Fisheries & Mariculture,Market,-2.8881827697257756,34880.95003601313
2045,hrv,0.13725973671658914,2.924182,Fisheries & Mariculture,Market,-3.8983181819368227,36193.55524534215
2050,hrv,0.1394080459840665,2.85968,Fisheries & Mariculture,Market,-4.97752559401671,37556.66940327247
2055,hrv,0.1418033620659588,2.798442,Fisheries & Mariculture,Market,-5.79726445504629,39004.1436650368
2060,hrv,0.1444931362713511,2.738736,Fisheries & Mariculture,Market,-6.842680329347994,40575.24131890248
2065,hrv,0.14743706748841767,2.678769,Fisheries & Mariculture,Market,-7.512594917135809,42292.0456119305
2070,hrv,0.15029078335960583,2.6230477280001248,Fisheries & Mariculture,Market,-8.557939105117315,43988.21185164325
2075,hrv,0.15304663160380866,2.5713572135458347,Fisheries & Mariculture,Market,-9.122443029883469,45655.601433606986
2080,hrv,0.15569710312696344,2.523500431686978,Fisheries & Mariculture,Market,-10.023555915184932,47285.945695200855
2085,hrv,0.15823486553772054,2.479297047238978,Fisheries & Mariculture,Market,-10.582124446044288,48870.91216260445
2090,hrv,0.1606527964459231,2.4385822778987296,Fisheries & Mariculture,Market,-11.364630981205801,50402.173902044065
2095,hrv,0.16294401633594344,2.401205866144867,Fisheries & Mariculture,Market,-12.025905979321406,51871.48119197433
2100,hrv,0.16510192080571753,2.367031150906224,Fisheries & Mariculture,Market,-12.695729698794672,53270.734671245904
2030,hti,0.17864609318157984,15.393235,Fisheries & Mariculture,Market,-1.4257378731429977,9727.885037965398
2035,hti,0.22543756035703105,15.388419,Fisheries & Mariculture,Market,-4.222047283297058,12249.604463047994
2040,hti,0.2806911188934612,15.332519,Fisheries & Mariculture,Market,-8.03787482906504,15269.939668463036
2045,hti,0.3446462454519842,15.230642,Fisheries & Mariculture,Market,-13.123730798308078,18828.132241822186
2050,hti,0.417609714879502,15.084507,Fisheries & Mariculture,Market,-19.991523631765418,22978.330087587092
2055,hti,0.5000106623607121,14.898046,Fisheries & Mariculture,Market,-27.407251773930327,27787.74995984604
2060,hti,0.5918324818497708,14.677027,Fisheries & Mariculture,Market,-37.57746426950605,33303.19478851148
2065,hti,0.692714210350181,14.434373,Fisheries & Mariculture,Market,-47.32460790105794,39536.70287570067
2070,hti,0.8048880071390647,14.207662888432793,Fisheries & Mariculture,Market,-61.450007447232586,46555.765671919864
2075,hti,0.9283666033798258,13.996258248550562,Fisheries & Mariculture,Market,-74.19190676693997,54372.824957828074
2080,hti,1.062875853763564,13.799569175096707,Fisheries & Mariculture,Market,-91.74311159165985,62979.94823656161
2085,hti,1.2078151825058958,13.61705152169925,Fisheries & Mariculture,Market,-108.29809226572678,72345.3967796112
2090,hti,1.3622251976584132,13.448204382904736,Fisheries & Mariculture,Market,-129.20091751154902,82410.69349717973
2095,hti,1.5247653517269322,13.292567794484576,Fisheries & Mariculture,Market,-150.88012721921098,93088.44734103602
2100,hti,1.693704417800728,13.149720637179364,Fisheries & Mariculture,Market,-174.6195245847393,104261.18723540947
2030,idn,11.325349788983965,308.65983,Fisheries & Mariculture,Market,-131.91017625250035,25447.54225154237
2035,idn,12.270365992471831,305.830237,Fisheries & Mariculture,Market,-335.3782132202408,27867.16800641165
2040,idn,13.191854821599005,302.177569,Fisheries & Mariculture,Market,-551.3139013579754,30366.85687892077
2045,idn,14.069183142501538,297.658723,Fisheries & Mariculture,Market,-781.8674938145651,32926.53194083571
2050,idn,14.898056275732653,292.39994,Fisheries & Mariculture,Market,-1040.8434775055828,35545.663986176005
2055,idn,15.66960477460874,286.517043,Fisheries & Mariculture,Market,-1253.5012739802632,38210.2186787723
2060,idn,16.377479982556277,280.119902,Fisheries & Mariculture,Market,-1517.5963165831731,40908.33075005122
2065,idn,17.018227483498507,273.354291,Fisheries & Mariculture,Market,-1696.7887075171598,43624.73984851992
2070,idn,17.650752597559134,267.0821969944035,Fisheries & Mariculture,Market,-1966.664254143895,46376.45556267505
2075,idn,18.272258962751664,261.2765515786752,Fisheries & Mariculture,Market,-2131.1291943863803,49147.90273474576
2080,idn,18.879905477203767,255.91263000807453,Fisheries & Mariculture,Market,-2378.325287492258,51922.34202518867
2085,idn,19.470826779647304,250.9678751591411,Fisheries & Mariculture,Market,-2547.91671592398,54682.015084796556
2090,idn,20.042154768459962,246.42173883135712,Fisheries & Mariculture,Market,-2774.2245651394455,57408.314855449535
2095,idn,20.591040947319364,242.25553882028615,Fisheries & Mariculture,Market,-2973.6362491700797,60081.979176753215
2100,idn,21.114679365919184,238.4523303646986,Fisheries & Mariculture,Market,-3177.0217286585635,62683.305246304844
2030,ind,46.903417143230975,1612.14253,Fisheries & Mariculture,Market,-4.650927343324697,20338.699540013386
2035,ind,52.4386431461675,1594.675807,Fisheries & Mariculture,Market,-12.20217277299989,23017.83885738315
2040,ind,57.943021336136574,1570.023735,Fisheries & Mariculture,Market,-20.615914835496895,25866.821603251035
2045,ind,63.251393068489655,1539.493031,Fisheries & Mariculture,Market,-29.925592928141963,28833.83655426519
2050,ind,68.32080799596818,1504.980714,Fisheries & Mariculture,Market,-40.636584913518206,31900.193216974287
2055,ind,73.14362241270418,1468.261304,Fisheries & Mariculture,Market,-49.81402062140309,35051.35661063287
2060,ind,77.7274800245657,1430.166586,Fisheries & Mariculture,Market,-61.31859124688818,38289.47604100333
2065,ind,82.11360224534106,1391.607973,Fisheries & Mariculture,Market,-69.70066788056387,41624.4666324301
2070,ind,86.5155496718658,1355.9648877023194,Fisheries & Mariculture,Market,-82.06718979121389,45066.57119048091
2075,ind,90.9093753467055,1323.0626277331075,Fisheries & Mariculture,Market,-90.26816309698468,48595.34254178832
2080,ind,95.26984974372859,1292.7422851335948,Fisheries & Mariculture,Market,-102.17280406613065,52187.53379060519
2085,ind,99.57067313127523,1264.859463666976,Fisheries & Mariculture,Market,-110.92786961566681,55817.26801435375
2090,ind,103.78471501666077,1239.2831285202449,Fisheries & Mariculture,Market,-122.30353024853002,59456.27750035854
2095,ind,107.88427814667966,1215.8945755275595,Fisheries & Mariculture,Market,-132.64048292407733,63074.21184905147
2100,ind,111.84138391128495,1194.5865085166383,Fisheries & Mariculture,Market,-143.26714977432485,66639.01216883698
2030,irn,3.2762433094383496,103.294673,Fisheries & Mariculture,Market,-6.778826885782815,19346.385362943787
2035,irn,3.4950536384144386,102.219966,Fisheries & Mariculture,Market,-16.970041131284646,20951.311373483364
2040,irn,3.6996004530926463,100.633024,Fisheries & Mariculture,Market,-27.466266143064033,22630.273062361535
2045,irn,3.8937904670276526,98.684343,Fisheries & Mariculture,Market,-38.4404596484124,24399.06616386523
2050,irn,4.086147418884218,96.60197900000001,Fisheries & Mariculture,Market,-50.71326422608666,26274.9168321933
2055,irn,4.286615670437891,94.618495,Fisheries & Mariculture,Market,-60.91622809244513,28268.806257857366
2060,irn,4.499732050332817,92.80778900000011,Fisheries & Mariculture,Market,-74.0708894241528,30389.113667571866
2065,irn,4.720936816648872,91.05531500000001,Fisheries & Mariculture,Market,-83.616762519353,32642.00703763372
2070,irn,4.941411953380693,89.42190179052947,Fisheries & Mariculture,Market,-97.80696389100626,34945.45309711926
2075,irn,5.160037746599709,87.90221681962021,Fisheries & Mariculture,Market,-106.91093687537703,37287.011912804905
2080,irn,5.3756530746855375,86.49135035569721,Fisheries & Mariculture,Market,-120.29688752717675,39652.96261931026
2085,irn,5.587064788784208,85.18478896160336,Fisheries & Mariculture,Market,-129.8782003879598,42028.40510015285
2090,irn,5.793057948016478,83.97839134029994,Fisheries & Mariculture,Market,-142.44814369703164,44397.38917998802
2095,irn,5.992406800507839,82.86836637062852,Fisheries & Mariculture,Market,-153.73138791099694,46743.07049710534
2100,irn,6.183886383124621,81.85125316942344,Fisheries & Mariculture,Market,-165.29088910314454,49047.8915213389
2030,isr,1.026437382258557,14.90709,Fisheries & Mariculture,Market,-0.165797110937893,51890.90917437356
2035,isr,1.1321275496545367,15.537051,Fisheries & Mariculture,Market,-0.4291316144422078,54894.971671501226
2040,isr,1.2402761830039453,16.158644,Fisheries & Mariculture,Market,-0.7188351511325833,57806.05671297518
2045,isr,1.3503183920715294,16.773649,Fisheries & Mariculture,Market,-1.0406825670008457,60606.95882765163
2050,isr,1.4628588480950262,17.377295,Fisheries & Mariculture,Market,-1.417346577338758,63356.046180277226
2055,isr,1.578685214923592,17.96332,Fisheries & Mariculture,Market,-1.751378848867156,66119.66753591802
2060,isr,1.698075959574605,18.528908,Fisheries & Mariculture,Market,-2.1821475950819136,68925.96797024169
2065,isr,1.8206571406247296,19.074909,Fisheries & Mariculture,Market,-2.5174417547396746,71762.09178180055
2070,isr,1.945515740889572,19.608894781540045,Fisheries & Mariculture,Market,-3.006211745463949,74570.1109091116
2075,isr,2.071914830596157,20.12893776214387,Fisheries & Mariculture,Market,-3.351253324335607,77337.1048124337
2080,isr,2.199047601487257,20.633115187225158,Fisheries & Mariculture,Market,-3.8417039139646505,80049.81964314486
2085,isr,2.3260439708337883,21.119520604116,Fisheries & Mariculture,Market,-4.2212062937608,82694.76310877818
2090,isr,2.451978804098294,21.586275554112294,Fisheries & Mariculture,Market,-4.706864920996539,85258.30644357555
2095,isr,2.5758816950231953,22.031541385599752,Fisheries & Mariculture,Market,-5.1588544464959565,87726.79256120007
2100,isr,2.6967481981478754,22.45353108721904,Fisheries & Mariculture,Market,-5.62722024303397,90086.64932787056
2030,ita,2.4957387518789735,53.187158,Fisheries & Mariculture,Market,-7.379138325291334,37355.120964548296
2035,ita,2.57798039464168,52.19509,Fisheries & Mariculture,Market,-17.886970584456776,39262.35443639473
2040,ita,2.6526793058274416,51.358998,Fisheries & Mariculture,Market,-28.142176481281233,40997.95910540123
2045,ita,2.7223610751610283,50.687047,Fisheries & Mariculture,Market,-38.40518432728104,42570.573004478225
2050,ita,2.7872571583045507,50.08742100000001,Fisheries & Mariculture,Market,-49.4325149943335,44042.80116072666
2055,ita,2.8451414963900823,49.440929,Fisheries & Mariculture,Market,-57.77639757537512,45478.767603954824
2060,ita,2.8931345086802143,48.679481,Fisheries & Mariculture,Market,-68.05462804544601,46900.56481505935
2065,ita,2.927478444425421,47.78132,Fisheries & Mariculture,Market,-74.09467530858117,48278.52163621917
2070,ita,2.96049249016879,46.94380999768724,Fisheries & Mariculture,Market,-83.73573040631229,49621.0680072467
2075,ita,2.9921216685551824,46.16428670329962,Fisheries & Mariculture,Market,-88.58835530712234,50923.088666375676
2080,ita,3.02231281553284,45.440295467171524,Fisheries & Mariculture,Market,-96.64751751497869,52179.520269437155
2085,ita,3.051014728099201,44.769578353863096,Fisheries & Mariculture,Market,-101.35028906772179,53385.38390836294
2090,ita,3.0781783079807634,44.15006236214755,Fisheries & Mariculture,Market,-108.16103329045018,54535.81777913352
2095,ita,3.103756700687041,43.57984870451069,Fisheries & Mariculture,Market,-113.78291686047693,55626.10970138561
2100,ita,3.127705429391245,43.05720306825196,Fisheries & Mariculture,Market,-119.46519350945731,56651.72918674031
2030,jam,0.05788581854636032,2.605489999999999,Fisheries & Mariculture,Market,-2.7908543776141768,18025.021098564277
2035,jam,0.06594778277333256,2.536261,Fisheries & Mariculture,Market,-7.461323148902983,21057.453921354332
2040,jam,0.07458609660279987,2.461506,Fisheries & Mariculture,Market,-12.902957908030801,24494.113323678128
2045,jam,0.08358059265886192,2.383114999999999,Fisheries & Mariculture,Market,-19.226845747114247,28298.855340882994
2050,jam,0.09289905689793318,2.304611,Fisheries & Mariculture,Market,-26.866150342896262,32465.66594570674
2055,jam,0.10255717748308373,2.229835,Fisheries & Mariculture,Market,-33.96026871731902,36974.705439083395
2060,jam,0.11262044868732435,2.161781,Fisheries & Mariculture,Market,-43.19811147167618,41803.84462207316
2065,jam,0.1231505569770954,2.101298,Fisheries & Mariculture,Market,-50.82625862751371,46941.52532065195
2070,jam,0.1340895052784741,2.045446752076505,Fisheries & Mariculture,Market,-61.84436091499838,52409.66541041441
2075,jam,0.14537324037991994,1.9939414051818571,Fisheries & Mariculture,Market,-70.18435756658023,58179.72695796663
2080,jam,0.15692688436070973,1.9465223445516766,Fisheries & Mariculture,Market,-81.82897500660006,64214.17177578418
2085,jam,0.1686651227012973,1.9029540049407654,Fisheries & Mariculture,Market,-91.36175690642564,70466.34532021912
2090,jam,0.18049287264005295,1.8630229132572764,Fisheries & Mariculture,Market,-103.41786780614918,76880.62981086985
2095,jam,0.19230623923208173,1.826535937747834,Fisheries & Mariculture,Market,-114.95853903572277,83392.89138070917
2100,jam,0.20399375784779505,1.7933187235481434,Fisheries & Mariculture,Market,-127.05474637714751,89931.23611494058
2030,jpn,6.058731276223251,96.43999099999999,Fisheries & Mariculture,Market,-102.12390427471615,45736.56607963174
2035,jpn,6.171230301258511,92.954799,Fisheries & Mariculture,Market,-244.10019521015354,48351.83160182412
2040,jpn,6.2610099285952066,89.435694,Fisheries & Mariculture,Market,-378.66617743958994,51005.898338531086
2045,jpn,6.341642675743228,86.1483079999999,Fisheries & Mariculture,Market,-510.0175085249852,53655.68373520269
2050,jpn,6.42040888501341,83.172694,Fisheries & Mariculture,Market,-649.1387645067585,56288.07475793442
2055,jpn,6.492418396083278,80.41215700000001,Fisheries & Mariculture,Market,-751.6095326338205,58896.97001182733
2060,jpn,6.547215218487841,77.734792,Fisheries & Mariculture,Market,-877.9804520933739,61464.30297437435
2065,jpn,6.573245398304557,75.0409,Fisheries & Mariculture,Market,-948.4453892015496,63949.499031994426
2070,jpn,6.59807238447929,72.57039134830566,Fisheries & Mariculture,Market,-1063.9056495754985,66402.80511396335
2075,jpn,6.621681522775838,70.30696319092327,Fisheries & Mariculture,Market,-1117.6475459591559,68813.26689814594
2080,jpn,6.644058826977501,68.23595410104657,Fisheries & Mariculture,Market,-1211.2225559322544,71169.80402201499
2085,jpn,6.665190992664151,66.34418557747297,Fisheries & Mariculture,Market,-1262.2124994362807,73461.29398156884
2090,jpn,6.685065410366416,64.61982188353973,Fisheries & Mariculture,Market,-1339.1274282186619,75676.65906397827
2095,jpn,6.703670178078783,63.052246133810506,Fisheries & Mariculture,Market,-1401.009956589761,77804.95537033888
2100,jpn,6.7209941131143225,61.63195080533986,Fisheries & Mariculture,Market,-1463.4849213681166,79835.46293002149
2030,khm,0.51955948374494,20.742696,Fisheries & Mariculture,Market,-2.9170686288093406,21103.618036550208
2035,khm,0.6186592208512953,20.651101,Fisheries & Mariculture,Market,-8.151049188258959,25176.07880523237
2040,khm,0.7226008614181171,20.447703,Fisheries & Mariculture,Market,-14.55714637380301,29622.649044990805
2045,khm,0.829876897738261,20.158903,Fisheries & Mariculture,Market,-22.231186563067205,34419.45741508497
2050,khm,0.9402540927702446,19.817535,Fisheries & Mariculture,Market,-31.665455592355883,39567.37819436727
2055,khm,1.053126192740736,19.436076,Fisheries & Mariculture,Market,-40.60989300516644,45070.77891235153
2060,khm,1.1672010481864696,19.002906,Fisheries & Mariculture,Market,-52.13622103338606,50959.781966107505
2065,khm,1.2811540027394421,18.518886,Fisheries & Mariculture,Market,-61.57429842438974,57248.506832849285
2070,khm,1.3999781932013518,18.07077897670398,Fisheries & Mariculture,Market,-75.19222934019692,63943.28373164268
2075,khm,1.5229891230712385,17.656528830106726,Fisheries & Mariculture,Market,-85.62469398855325,71008.76073850815
2080,khm,1.6493741567432951,17.274261185268823,Fisheries & Mariculture,Market,-100.15561848911167,78398.3885714844
2085,khm,1.7781958767828674,16.92226921524513,Fisheries & Mariculture,Market,-112.16700597778011,86054.27312362813
2090,khm,1.9083988145596262,16.599000892012242,Fisheries & Mariculture,Market,-127.33595019817653,93907.366488018
2095,khm,2.0388196864442465,16.303047531603774,Fisheries & Mariculture,Market,-141.92962399055693,101878.02810672396
2100,khm,2.1682011608961798,16.033133514607613,Fisheries & Mariculture,Market,-157.26061170680507,109876.97505607666
2030,kor,2.7555371778643627,40.27092700000001,Fisheries & Mariculture,Market,-33.55755311200722,44877.34408215509
2035,kor,2.729849668779848,38.152461,Fisheries & Mariculture,Market,-78.014152722194,47058.34537937743
2040,kor,2.6902323362136933,36.148126,Fisheries & Mariculture,Market,-117.55475580163588,49082.775062434644
2045,kor,2.6375821763749436,34.250874,Fisheries & Mariculture,Market,-153.25957222082047,50928.48374318728
2050,kor,2.575671849789875,32.468225,Fisheries & Mariculture,Market,-188.14976534833852,52608.55500927953
2055,kor,2.506312937037541,30.747903,Fisheries & Mariculture,Market,-209.63286407152893,54204.9402720691
2060,kor,2.4311323430068965,29.069959,Fisheries & Mariculture,Market,-235.54566862523876,55766.664468903466
2065,kor,2.353287142590559,27.507702,Fisheries & Mariculture,Market,-245.3271974300152,57203.058440285335
2070,kor,2.281702185773976,26.103317666219436,Fisheries & Mariculture,Market,-265.8173290592133,58606.636527496514
2075,kor,2.2159478026332957,24.840774376339066,Fisheries & Mariculture,Market,-270.23052071896296,59973.53238731141
2080,kor,2.1556360857048946,23.70604547608063,Fisheries & Mariculture,Market,-283.9253814796668,61299.93921884824
2085,kor,2.100417068575176,22.686850767554887,Fisheries & Mariculture,Market,-287.3847434038436,62582.127932912474
2090,kor,2.049975330551907,21.772435354561836,Fisheries & Mariculture,Market,-296.69017944054025,63816.465086992954
2095,kor,2.004026981158229,20.95338027169095,Fisheries & Mariculture,Market,-302.60105603600454,64999.430462173994
2100,kor,1.9623169839283818,20.22144022141354,Fisheries & Mariculture,Market,-308.71817049883003,66127.634160346
2030,lbn,0.14526077860826922,7.389493000000001,Fisheries & Mariculture,Market,-0.16926622726870952,18604.925178752972
2035,lbn,0.16514190471783022,7.436367000000001,Fisheries & Mariculture,Market,-0.451574999000263,20921.235825749416
2040,lbn,0.1859317307569935,7.457186,Fisheries & Mariculture,Market,-0.7773952139137126,23380.660255165414
2045,lbn,0.207426462271501,7.45097300000001,Fisheries & Mariculture,Market,-1.153250643129692,25984.083871972765
2050,lbn,0.229626797187566,7.411209,Fisheries & Mariculture,Market,-1.6049948875375373,28784.473625389302
2055,lbn,0.2522263458975884,7.33727,Fisheries & Mariculture,Market,-2.0186101636954303,31786.28189804127
2060,lbn,0.2747044554465118,7.232638,Fisheries & Mariculture,Market,-2.5466552695219016,34954.42153623476
2065,lbn,0.296895717321805,7.102316,Fisheries & Mariculture,Market,-2.961506185274802,38289.23765970132
2070,lbn,0.31968044453684225,6.9807409088003025,Fisheries & Mariculture,Market,-3.5635129170247675,41746.218377009645
2075,lbn,0.34292251829438875,6.867536058088156,Fisheries & Mariculture,Market,-4.001370921009924,45302.01732132588
2080,lbn,0.3664692819787675,6.762354189586257,Fisheries & Mariculture,Market,-4.6185354937071565,48929.641586678445
2085,lbn,0.390152671583564,6.664875673703642,Fisheries & Mariculture,Market,-5.107762442971008,52598.66015043557
2090,lbn,0.41379074861907245,6.574806884741537,Fisheries & Mariculture,Market,-5.730245761051352,56275.51732705914
2095,lbn,0.43718963086318374,6.4918787210503215,Fisheries & Mariculture,Market,-6.31647328049937,59923.95122725106
2100,lbn,0.460145804696334,6.415845259656973,Fisheries & Mariculture,Market,-6.926700844587123,63505.5135160122
2030,lka,0.5473987799616254,22.64833,Fisheries & Mariculture,Market,-1.2287813725297563,17367.83386097464
2035,lka,0.6070326264670685,22.400952,Fisheries & Mariculture,Market,-3.1976688145147345,19485.92346087848
2040,lka,0.6693851461547466,22.112799,Fisheries & Mariculture,Market,-5.391545428090761,21782.3635224627
2045,lka,0.7341987429567363,21.787123,Fisheries & Mariculture,Market,-7.863611134759653,24265.174123302106
2050,lka,0.8013735181209346,21.436009,Fisheries & Mariculture,Market,-10.79033477495722,26937.514770700163
2055,lka,0.8699326045642763,21.058246,Fisheries & Mariculture,Market,-13.412090121217185,29786.981051526003
2060,lka,0.9391410328962885,20.657308,Fisheries & Mariculture,Market,-16.771971676128562,32803.227096113435
2065,lka,1.008620614984009,20.234737,Fisheries & Mariculture,Market,-19.381411330128845,35990.34064013994
2070,lka,1.0795094480148972,19.84150655601448,Fisheries & Mariculture,Market,-23.181287960716098,39310.039782271844
2075,lka,1.1513873411241569,19.476212068456206,Fisheries & Mariculture,Market,-25.881122293749137,42742.944233477065
2080,lka,1.223792040959637,19.137563390299174,Fisheries & Mariculture,Market,-29.711404358733777,46266.22412741239
2085,lka,1.2962229595030874,18.82437720749541,Fisheries & Mariculture,Market,-32.69073328054697,49853.71926590852
2090,lka,1.368145886702613,18.535570121610288,Fisheries & Mariculture,Market,-36.49839174660862,53476.149173504666
2095,lka,1.4389986561796129,18.27015237786065,Fisheries & Mariculture,Market,-40.05106289121472,57101.41612192868
2100,lka,1.5081977052469053,18.027222187523062,Fisheries & Mariculture,Market,-43.735901981364464,60695.00036181656
2030,ltu,0.09519949102233868,1.872388999999999,Fisheries & Mariculture,Market,-0.025319127123404814,40173.53007222917
2035,ltu,0.09508438926594057,1.80547,Fisheries & Mariculture,Market,-0.05934361216381145,41557.92453165045
2040,ltu,0.09488451196441096,1.748405,Fisheries & Mariculture,Market,-0.0905473688140106,42768.19377532852
2045,ltu,0.09459848065360135,1.699925,Fisheries & Mariculture,Market,-0.12004272969421276,43797.97129916621
2050,ltu,0.09427247388248576,1.657608,Fisheries & Mariculture,Market,-0.1503931809027806,44702.71429621539
2055,ltu,0.09401401185464568,1.620329,Fisheries & Mariculture,Market,-0.17173022907848473,45546.04684791342
2060,ltu,0.09391820859632632,1.588215999999999,Fisheries & Mariculture,Market,-0.19872221223717407,46358.703000945854
2065,ltu,0.09396300868115194,1.56093,Fisheries & Mariculture,Market,-0.21392314830880502,47129.57426374261
2070,ltu,0.09400558906339289,1.535453642136209,Fisheries & Mariculture,Market,-0.23917076803726794,47870.19873490867
2075,ltu,0.09404594665309098,1.5117120671417534,Fisheries & Mariculture,Market,-0.2504638463761265,48578.796064064205
2080,ltu,0.09408407851785877,1.4896361724621732,Fisheries & Mariculture,Market,-0.270629415805637,49253.64726895913
2085,ltu,0.09411998188323459,1.4691622759131893,Fisheries & Mariculture,Market,-0.2812354715652836,49893.10170638608
2090,ltu,0.09415365413301856,1.4502318083977983,Fisheries & Mariculture,Market,-0.2975923807543645,50495.58382205724
2095,ltu,0.09418509280959031,1.432791033599686,Fisheries & Mariculture,Market,-0.31058404123919064,51059.59964067744
2100,ltu,0.0942142956142078,1.416790792767948,Fisheries & Mariculture,Market,-0.3236979330344118,51583.74295866653
2030,lva,0.058246065689111795,1.30938,Fisheries & Mariculture,Market,-0.0435614468853373,34088.761065214654
2035,lva,0.06005232440278368,1.270929,Fisheries & Mariculture,Market,-0.10539407004913169,36184.464294669284
2040,lva,0.06181579968462377,1.23679,Fisheries & Mariculture,Market,-0.16588289128878203,38249.01265702961
2045,lva,0.06353188302991698,1.206142,Fisheries & Mariculture,Market,-0.22670705046086742,40282.171428551635
2050,lva,0.0652493420482595,1.178172,Fisheries & Mariculture,Market,-0.2927123023349416,42324.2924530978
2055,lva,0.06703902390168784,1.152433,Fisheries & Mariculture,Market,-0.3443526612205372,44425.95175232078
2060,lva,0.06890471169108757,1.128148,Fisheries & Mariculture,Market,-0.4099842099684112,46613.30100619742
2065,lva,0.07072403929872736,1.103442,Fisheries & Mariculture,Market,-0.4527823839276094,48881.7372863171
2070,lva,0.07249803536313275,1.0804852991509981,Fisheries & Mariculture,Market,-0.5186832919352571,51137.36263053466
2075,lva,0.07422081899575869,1.0591893142086484,Fisheries & Mariculture,Market,-0.5558432083382846,53368.471143470626
2080,lva,0.07588655686018943,1.0394728572213443,Fisheries & Mariculture,Market,-0.6138260431821752,55563.009329388304
2085,lva,0.07748949523181699,1.0212616179793226,Fisheries & Mariculture,Market,-0.6511074898203763,57708.679301154276
2090,lva,0.07902399237849994,1.0044876954528918,Fisheries & Mariculture,Market,-0.7023687697194483,59793.04940931165
2095,lva,0.08048455101418904,0.989089174068551,Fisheries & Mariculture,Market,-0.7463303279483913,61803.67097265494
2100,lva,0.08186585057028173,0.9750097411063426,Fisheries & Mariculture,Market,-0.790947207303765,63728.199633653756
2030,mar,1.1583200174359036,44.4217449999999,Fisheries & Mariculture,Market,-4.703552561524322,18870.00183902578
2035,mar,1.3433273633857348,44.24773,Fisheries & Mariculture,Market,-12.800589037700284,21981.652247437076
2040,mar,1.5444908744524608,43.945127,Fisheries & Mariculture,Market,-22.503454432930592,25460.940322624727
2045,mar,1.7634701794023464,43.52469000000001,Fisheries & Mariculture,Market,-34.166709752534274,29367.195664247927
2050,mar,1.9991924795301284,43.034147,Fisheries & Mariculture,Market,-48.69464315659278,33690.04249665521
2055,mar,2.2519145129874922,42.469269,Fisheries & Mariculture,Market,-62.80430303980435,38473.99159031454
2060,mar,2.521828833388204,41.84187,Fisheries & Mariculture,Market,-81.46959474982266,43754.680134849696
2065,mar,2.807761780610264,41.137272,Fisheries & Mariculture,Market,-97.59879648252823,49576.344722343194
2070,mar,3.110197065225228,40.47917575339766,Fisheries & Mariculture,Market,-120.81633782991861,55838.73848618654
2075,mar,3.4275766674307353,39.86568998782975,Fisheries & Mariculture,Market,-139.37198268230827,62516.80018783535
2080,mar,3.757911749085182,39.29506796211871,Fisheries & Mariculture,Market,-165.03983407868608,69573.96546510213
2085,mar,4.098778906313351,38.76569914956855,Fisheries & Mariculture,Market,-186.99331939910877,76961.64661459503
2090,mar,4.447328315330689,38.27610163475765,Fisheries & Mariculture,Market,-214.6185007255714,84619.04230580022
2095,mar,4.800304842897264,37.824915173403205,Fisheries & Mariculture,Market,-241.68467979029046,92473.32673965617
2100,mar,5.154082799802608,37.41089486962909,Fisheries & Mariculture,Market,-270.3695940622435,100440.25652339603
2030,mdg,0.3628145794989585,57.503786,Fisheries & Mariculture,Market,-0.8096431505175347,5265.737985662547
2035,mdg,0.46273530906752663,59.75377,Fisheries & Mariculture,Market,-2.423216450902814,6447.760537945868
2040,mdg,0.5839023827599406,61.632299,Fisheries & Mariculture,Market,-4.6753654896511545,7869.400026031185
2045,mdg,0.7267274260249619,63.165612,Fisheries & Mariculture,Market,-7.737810048712685,9533.805755581054
2050,mdg,0.8922826422695174,64.395723,Fisheries & Mariculture,Market,-11.943744336062224,11454.710654503984
2055,mdg,1.0822244194893877,65.329568,Fisheries & Mariculture,Market,-16.586941212573024,13661.771253655501
2060,mdg,1.2986243661112,65.986185,Fisheries & Mariculture,Market,-23.055522714745404,16191.544027489168
2065,mdg,1.5434156837512978,66.36189999999999,Fisheries & Mariculture,Market,-29.483469543142004,19088.754923740602
2070,mdg,1.819803552571361,66.72086154923298,Fisheries & Mariculture,Market,-38.8484543358864,22332.102763410785
2075,mdg,2.1285340130452073,67.06276986909224,Fisheries & Mariculture,Market,-47.564219048251815,25924.869745015843
2080,mdg,2.469579245522319,67.38733803884111,Fisheries & Mariculture,Market,-59.60416986260972,29861.41071392606
2085,mdg,2.8419927460256873,67.69429239556001,Fisheries & Mariculture,Market,-71.2534733047183,34125.7490967181
2090,mdg,3.2437804957272376,67.98337291749878,Fisheries & Mariculture,Market,-86.02623157970974,38690.38858618282
2095,mdg,3.671798424301536,68.25433359008484,Fisheries & Mariculture,Market,-101.59459662803295,43515.444399875254
2100,mdg,4.121686674208144,68.50694275386843,Fisheries & Mariculture,Market,-118.82091914595615,48548.19641747699
2030,mdv,0.03127337286579405,0.7377210000000001,Fisheries & Mariculture,Market,-11.3231349475915,37724.48105974443
2035,mdv,0.03347891616053842,0.7411810000000001,Fisheries & Mariculture,Market,-28.445528273317095,40054.05352534449
2040,mdv,0.035276141074113164,0.738576999999999,Fisheries & Mariculture,Market,-45.828900167478736,42202.46590553615
2045,mdv,0.03658151182099937,0.729634,Fisheries & Mariculture,Market,-63.1962354501339,44142.48395931055
2050,mdv,0.03748118797624411,0.714658,Fisheries & Mariculture,Market,-81.40188204910984,46010.54164606351
2055,mdv,0.03809600568460479,0.695496,Fisheries & Mariculture,Market,-94.73521910446895,47881.035281229226
2060,mdv,0.038598142269714586,0.675045,Fisheries & Mariculture,Market,-111.18363613855726,49801.59154852145
2065,mdv,0.039067162376184905,0.6557969999999991,Fisheries & Mariculture,Market,-121.08506861285444,51698.40143961365
2070,mdv,0.03951814575001349,0.6380327892833794,Fisheries & Mariculture,Market,-136.87648347953177,53555.937920036566
2075,mdv,0.039950325213934254,0.6216594073380063,Fisheries & Mariculture,Market,-144.84487720381176,55365.02507112148
2080,mdv,0.04036295854240548,0.606592492937372,Fisheries & Mariculture,Market,-158.05917606229795,57116.48326299435
2085,mdv,0.040755330568618145,0.5927555578541595,Fisheries & Mariculture,Market,-165.78702525214842,58801.205875140855
2090,mdv,0.04112675523490688,0.5800793374048812,Fisheries & Mariculture,Market,-176.964817256227,60410.23760434133
2095,mdv,0.041476577578401695,0.5685012100793565,Fisheries & Mariculture,Market,-186.1991686441367,61934.85342594252
2100,mdv,0.04180417564393402,0.5579646794191114,Fisheries & Mariculture,Market,-195.53326043600444,63366.63723905065
2030,mex,4.915473631804545,152.576934,Fisheries & Mariculture,Market,-45.8464862388244,25277.886570666735
2035,mex,5.359999015634803,152.594193,Fisheries & Mariculture,Market,-117.31567637343512,27528.679612086496
2040,mex,5.7959714555643735,152.1555,Fisheries & Mariculture,Market,-193.96944678543,29818.862746355837
2045,mex,6.212247931502995,151.339146,Fisheries & Mariculture,Market,-276.4566645006652,32095.431545728312
2050,mex,6.604879288820989,150.231439,Fisheries & Mariculture,Market,-369.51724259779616,34335.423508571126
2055,mex,6.969788292197979,148.889292,Fisheries & Mariculture,Market,-446.4782761060858,36516.278606006446
2060,mex,7.303659074863805,147.409673,Fisheries & Mariculture,Market,-541.9555751315812,38604.35888920514
2065,mex,7.603367891084358,145.736824,Fisheries & Mariculture,Market,-607.0625671347516,40602.183188926036
2070,mex,7.899775013629342,144.16565224062032,Fisheries & Mariculture,Market,-704.8484162608294,42594.72854402923
2075,mex,8.191528636591123,142.69322084552076,Fisheries & Mariculture,Market,-765.061768062409,44571.186755079405
2080,mex,8.477250125876546,141.3167943471832,Fisheries & Mariculture,Market,-855.1463460199063,46520.33742689874
2085,mex,8.755544232870237,140.03383019268355,Fisheries & Mariculture,Market,-917.4829248298639,48430.646215608554
2090,mex,9.025009897666058,138.84197089317206,Fisheries & Mariculture,Market,-1000.3659417613356,50290.37200933429
2095,mex,9.284251533065238,137.73903678302943,Fisheries & Mariculture,Market,-1073.6690820238923,52087.68177543555
2100,mex,9.531890669170243,136.72301935747527,Fisheries & Mariculture,Market,-1148.4940659438944,53810.77160533445
2030,mlt,0.042496057191747205,0.506869,Fisheries & Mariculture,Market,-2.9763981702853015,63156.53438644633
2035,mlt,0.043641207751895894,0.499123999999999,Fisheries & Mariculture,Market,-7.172817904174212,65843.31678122428
2040,mlt,0.044453753778886634,0.488247,Fisheries & Mariculture,Market,-11.171647774086388,68540.96427046438
2045,mlt,0.044926924696980876,0.474790999999999,Fisheries & Mariculture,Market,-15.01366361027044,71210.40943533323
2050,mlt,0.045105575570446685,0.459435,Fisheries & Mariculture,Market,-18.949674668573667,73858.97736510269
2055,mlt,0.04513288868848302,0.443198999999999,Fisheries & Mariculture,Market,-21.7107878091757,76585.9880565426
2060,mlt,0.045185052897014376,0.427247,Fisheries & Mariculture,Market,-25.177911128152395,79511.23687674312
2065,mlt,0.04537701410687539,0.412367,Fisheries & Mariculture,Market,-27.20602359761548,82703.23113557909
2070,mlt,0.045560151995865,0.39872332336330035,Fisheries & Mariculture,Market,-30.525857708295966,85850.27128662363
2075,mlt,0.04573435127646914,0.386225394187715,Fisheries & Mariculture,Market,-32.07567281125742,88938.02521274298
2080,mlt,0.045899501867523236,0.37479177666509644,Fisheries & Mariculture,Market,-34.76923416238736,91952.02379354365
2085,mlt,0.04605549900986302,0.3643492895103094,Fisheries & Mariculture,Market,-36.240822188924355,94877.77274857282
2090,mlt,0.04620224337681389,0.3548322231039097,Fisheries & Mariculture,Market,-38.45705113378458,97700.86818280541
2095,mlt,0.046339641179356766,0.34618164759173453,Fisheries & Mariculture,Market,-40.24184846409815,100407.114553417
2100,mlt,0.04646760426581443,0.3383448017028055,Fisheries & Mariculture,Market,-42.043773816678424,102982.64370814989
2030,mmr,0.7679641359304782,54.863617,Fisheries & Mariculture,Market,-8.545511381470137,10027.112849011077
2035,mmr,0.8793190817198404,53.775706,Fisheries & Mariculture,Market,-22.961183495359375,11722.144158667583
2040,mmr,0.998014755136077,52.609245,Fisheries & Mariculture,Market,-39.847445383013735,13609.70177835945
2045,mmr,1.122182281755759,51.400842,Fisheries & Mariculture,Market,-59.579674156661376,15674.49937091012
2050,mmr,1.2515615459253977,50.160199,Fisheries & Mariculture,Market,-83.53692164115894,17927.511427190482
2055,mmr,1.3861808210855897,48.914367,Fisheries & Mariculture,Market,-105.93929159031762,20376.838036457382
2060,mmr,1.5260872296373302,47.642896,Fisheries & Mariculture,Market,-135.1011315185502,23049.4519695203
2065,mmr,1.670639906927097,46.3556119999999,Fisheries & Mariculture,Market,-159.13537563502433,25952.890746088557
2070,mmr,1.820972530981154,45.16573479866601,Fisheries & Mariculture,Market,-193.83885367785356,29055.28131742724
2075,mmr,1.9762086174650852,44.067417538961365,Fisheries & Mariculture,Market,-220.20175064980694,32342.328096565183
2080,mmr,2.1353189912637958,43.05534242725228,Fisheries & Mariculture,Market,-256.9831464511704,35794.547927894055
2085,mmr,2.2971268203631676,42.124677701562604,Fisheries & Mariculture,Market,-287.1813608559462,39387.13408997069
2090,mmr,2.4603166231029516,41.27103904559621,Fisheries & Mariculture,Market,-325.3558681813908,43089.96970942739
2095,mmr,2.623447369209907,40.49045501563416,Fisheries & Mariculture,Market,-361.95313093661287,46867.80751651733
2100,mmr,2.784969670706942,39.77933609705861,Fisheries & Mariculture,Market,-400.3378070326526,50680.62760268941
2030,mne,0.016265758275886836,0.598596999999999,Fisheries & Mariculture,Market,-0.31023523027516803,23738.918957076385
2035,mne,0.016961736996805334,0.591421999999999,Fisheries & Mariculture,Market,-0.7591677997486228,24974.494001146726
2040,mne,0.017634104161763753,0.583664,Fisheries & Mariculture,Market,-1.2068036257114103,26224.820350871047
2045,mne,0.018294103368838327,0.575500999999999,Fisheries & Mariculture,Market,-1.6648132654997376,27503.040755107886
2050,mne,0.018955286112552493,0.5672050000000001,Fisheries & Mariculture,Market,-2.168584169086927,28820.069909574606
2055,mne,0.019642151601346056,0.55883,Fisheries & Mariculture,Market,-2.573036340725239,30213.32719808771
2060,mne,0.020357599499986022,0.550218,Fisheries & Mariculture,Market,-3.089056679435029,31700.113894511076
2065,mne,0.021096599777754094,0.5411910000000001,Fisheries & Mariculture,Market,-3.444419418378987,33289.41260442725
2070,mne,0.021824135135788136,0.5327560440386359,Fisheries & Mariculture,Market,-3.981934968509933,34867.706685331475
2075,mne,0.02253714836382937,0.5248895803304637,Fisheries & Mariculture,Market,-4.304340555248699,36426.00240634809
2080,mne,0.02323255034704621,0.5175698425076434,Fisheries & Mariculture,Market,-4.792459475450196,37955.03918899615
2085,mne,0.023907241335430752,0.510776748907192,Fisheries & Mariculture,Market,-5.12295363008219,39445.37627708156
2090,mne,0.02455813308181139,0.504491810420467,Fisheries & Mariculture,Market,-5.566505908409939,40887.4857857093
2095,mne,0.025182171638923955,0.49869804631084885,Fisheries & Mariculture,Market,-5.955151906069394,42271.850924665116
2100,mne,0.025776360590002753,0.49337990746109983,Fisheries & Mariculture,Market,-6.3510775705014035,43589.06804161505
2030,moz,0.6518252226377326,68.95959299999991,Fisheries & Mariculture,Market,-0.2923144430832786,8059.907530111899
2035,moz,0.8264475420217703,71.901769,Fisheries & Mariculture,Market,-0.8697312169605735,9773.836454274313
2040,moz,1.031933266071312,74.257716,Fisheries & Mariculture,Market,-1.6604933060342737,11783.974435297825
2045,moz,1.2681108701008978,76.06049400000009,Fisheries & Mariculture,Market,-2.713400721226022,14098.369786199231
2050,moz,1.5357573099877362,77.281198,Fisheries & Mariculture,Market,-4.1311488358654405,16757.345399590224
2055,moz,1.8342272453310857,78.06427000000001,Fisheries & Mariculture,Market,-5.649529923321797,19757.844829499372
2060,moz,2.163512184809884,78.492873,Fisheries & Mariculture,Market,-7.718998705644975,23112.48733035843
2065,moz,2.5220582166697114,78.606618,Fisheries & Mariculture,Market,-9.681908721448304,26828.040382476214
2070,moz,2.919125667203423,78.71483233783152,Fisheries & Mariculture,Market,-12.523110832704106,30921.538862751295
2075,moz,3.354518099306196,78.81749231746866,Fisheries & Mariculture,Market,-15.063993252912061,35386.76425733228
2080,moz,3.827053815762912,78.9145754158807,Fisheries & Mariculture,Market,-18.56215706995446,40207.3650874928
2085,moz,4.334441745071525,79.00606029125969,Fisheries & Mariculture,Market,-21.83868285569869,45355.760400226936
2090,moz,4.873182721064531,79.09192679083185,Fisheries & Mariculture,Market,-25.97181694957542,50792.32639146407
2095,moz,5.438505272794635,79.17215595824908,Fisheries & Mariculture,Market,-30.239982122017967,56464.95178168642
2100,moz,6.024344550255139,79.2467300405566,Fisheries & Mariculture,Market,-34.90100499121643,62309.04023174673
2030,mrt,0.1410547348511709,9.510854,Fisheries & Mariculture,Market,-4.426083316957027,10723.384927683299
2035,mrt,0.16885398996780132,9.909952000000011,Fisheries & Mariculture,Market,-12.433514260853386,12326.567891669973
2040,mrt,0.20014514492127,10.24213,Fisheries & Mariculture,Market,-22.5342640692497,14144.763618032444
2045,mrt,0.234722273344788,10.500674,Fisheries & Mariculture,Market,-35.14178497588649,16188.866336717265
2050,mrt,0.27240036326819345,10.705829,Fisheries & Mariculture,Market,-51.27063975733101,18437.62388877945
2055,mrt,0.3129911851218435,10.863391,Fisheries & Mariculture,Market,-67.4534369574467,20889.22834157114
2060,mrt,0.35630168293687325,10.976731,Fisheries & Mariculture,Market,-88.94720378471413,23547.16104704614
2065,mrt,0.4023849471047209,11.04715,Fisheries & Mariculture,Market,-108.08375042615157,26437.662012963832
2070,mrt,0.4518263392380936,11.114477220923744,Fisheries & Mariculture,Market,-135.6262583574371,29522.41053386424
2075,mrt,0.5044207281832354,11.178649635668918,Fisheries & Mariculture,Market,-158.49504929739803,32787.66583445486
2080,mrt,0.559875281345747,11.239606848648815,Fisheries & Mariculture,Market,-190.0062869505954,36214.6733944466
2085,mrt,0.6178056964448534,11.29729119016543,Fisheries & Mariculture,Market,-217.80005391182047,39779.501316846974
2090,mrt,0.6777349035124356,11.351647807016128,Fisheries & Mariculture,Market,-252.7331984628033,43453.0147576752
2095,mrt,0.7390946069969334,11.40262474913538,Fisheries & Mariculture,Market,-287.5509541281221,47201.00660064288
2100,mrt,0.8012299571026151,11.450173052080594,Fisheries & Mariculture,Market,-324.78660724309157,50984.49813968723
2030,mys,2.3607441835185834,42.68212,Fisheries & Mariculture,Market,-17.756522288476667,39653.91985182847
2035,mys,2.5000779594660663,42.816839,Fisheries & Mariculture,Market,-44.12789259318028,41892.994481967326
2040,mys,2.629746754801508,42.725021,Fisheries & Mariculture,Market,-70.97237100998171,44192.96495548652
2045,mys,2.749605231470589,42.421119,Fisheries & Mariculture,Market,-98.6772246626727,46572.39042867392
2050,mys,2.8609160138201863,41.931209,Fisheries & Mariculture,Market,-129.0753256520367,49059.893644203294
2055,mys,2.966794786389707,41.311859,Fisheries & Mariculture,Market,-153.26272758938788,51676.13062654269
2060,mys,3.0698576341568464,40.612901,Fisheries & Mariculture,Market,-183.7002418351104,54431.40549169099
2065,mys,3.1704679022573963,39.857,Fisheries & Mariculture,Market,-204.13576823041208,57323.40163348678
2070,mys,3.2691801490391645,39.15225967994382,Fisheries & Mariculture,Market,-235.22753406458014,60216.13300614067
2075,mys,3.3656086540107797,38.49641613358163,Fisheries & Mariculture,Market,-253.49153356387114,63094.509244677814
2080,mys,3.4593662821981117,37.88738410373422,Fisheries & Mariculture,Market,-281.4169761162856,65942.79582452249
2085,mys,3.550066975347498,37.32324589491438,Fisheries & Mariculture,Market,-299.9989174722983,68744.7466623145
2090,mys,3.637328315952643,36.80224127198905,Fisheries & Mariculture,Market,-325.1337186273588,71483.74977185059
2095,mys,3.7207741412821798,36.32275827012675,Fisheries & Mariculture,Market,-346.9965480559465,74142.98431439676
2100,mys,3.8000371832633517,35.88332484860275,Fisheries & Mariculture,Market,-369.2375380607198,76705.58709834082
2030,nam,0.08599873354497803,3.965938,Fisheries & Mariculture,Market,-4.239449015500799,17746.702268126235
2035,nam,0.09940690351655897,4.023963,Fisheries & Mariculture,Market,-11.499648357701453,20177.500523698425
2040,nam,0.11353157979384208,4.064339,Fisheries & Mariculture,Market,-20.08169866309573,22770.003393438525
2045,nam,0.12828544619620416,4.090893,Fisheries & Mariculture,Market,-30.173962651881233,25510.87801336167
2050,nam,0.14359060299387352,4.104625,Fisheries & Mariculture,Market,-42.45926955820296,28401.856062835086
2055,nam,0.15952666199859486,4.104406,Fisheries & Mariculture,Market,-54.012054806865656,31492.232583046978
2060,nam,0.17614241754659876,4.087512,Fisheries & Mariculture,Market,-69.08182845316443,34845.75944631236
2065,nam,0.1934036279984253,4.057537,Fisheries & Mariculture,Market,-81.61476640154785,38465.37029848919
2070,nam,0.21140872712758405,4.029269575220268,Fisheries & Mariculture,Market,-99.69665623079378,42255.706647610255
2075,nam,0.23005417053080598,4.002676474095304,Fisheries & Mariculture,Market,-113.56338584939438,46194.217366325014
2080,nam,0.2492168542383336,3.977726530654316,Fisheries & Mariculture,Market,-132.87385414768698,50253.68332959773
2085,nam,0.2687546106927639,3.9543906035169543,Fisheries & Mariculture,Market,-148.84952163427155,54402.31632827806
2090,nam,0.2885072203694161,3.932641519048134,Fisheries & Mariculture,Market,-169.02252013219976,58603.98890423172
2095,nam,0.308297959828555,3.91245401851641,Fisheries & Mariculture,Market,-188.4390367132446,62818.60109296935
2100,nam,0.3279356906283496,3.893804709111748,Fisheries & Mariculture,Market,-208.84066347615396,67002.58559854506
2030,nga,6.536748406812837,510.225273,Fisheries & Mariculture,Market,-1.434089661447822,10490.225091649245
2035,nga,8.052130378359957,544.6212219999991,Fisheries & Mariculture,Market,-4.145491099252981,12081.76517364796
2040,nga,9.830786710553612,577.4223020000001,Fisheries & Mariculture,Market,-7.7387214134077436,13884.692653057404
2045,nga,11.89345845649909,608.080367,Fisheries & Mariculture,Market,-12.449740337182568,15918.948248335117
2050,nga,14.26275761623324,635.681993,Fisheries & Mariculture,Market,-18.769261074980264,18224.459751328126
2055,nga,16.959189012188165,660.151932,Fisheries & Mariculture,Market,-25.554046244523516,20824.489276585082
2060,nga,19.998343868793782,680.539640000001,Fisheries & Mariculture,Market,-34.90527606081252,23772.459193923245
2065,nga,23.384379845898103,696.729725,Fisheries & Mariculture,Market,-43.91644290693792,27096.523018454955
2070,nga,27.145758007058625,712.4762108274637,Fisheries & Mariculture,Market,-56.97139170504012,30697.315993299544
2075,nga,31.282343639181317,727.7310832290133,Fisheries & Mariculture,Market,-68.72340644977132,34563.05381658274
2080,nga,35.784449936060255,742.4469400164684,Fisheries & Mariculture,Market,-84.90898366719954,38674.59884291617
2085,nga,40.63154870381221,756.5772311681854,Fisheries & Mariculture,Market,-100.15025742305144,43004.938491693174
2090,nga,45.791221672954634,770.0764995741488,Fisheries & Mariculture,Market,-119.38981814839443,47518.86823557766
2095,nga,51.21844642347466,782.9006207219265,Fisheries & Mariculture,Market,-139.32331523048163,52172.92299612298
2100,nga,56.85530701665276,795.00703958891,Fisheries & Mariculture,Market,-161.1367359505101,56915.59487266578
2030,nic,0.17606847401625522,8.820995000000002,Fisheries & Mariculture,Market,-6.467985410607312,15492.092597486724
2035,nic,0.2117798239633347,8.810926,Fisheries & Mariculture,Market,-18.256716341875293,18637.987218220667
2040,nic,0.2515781020007057,8.764918,Fisheries & Mariculture,Market,-33.160927684795254,22235.683935003217
2045,nic,0.2944417724039744,8.68591900000001,Fisheries & Mariculture,Market,-51.608882236793484,26236.04131977767
2050,nic,0.34001435767977073,8.586637000000001,Fisheries & Mariculture,Market,-74.9227700735991,30618.052704884074
2055,nic,0.3882251904835938,8.471738,Fisheries & Mariculture,Market,-97.95152543712454,35399.97659597149
2060,nic,0.4391064637168273,8.351045000000001,Fisheries & Mariculture,Market,-128.33342104266546,40579.693339839396
2065,nic,0.49271706683322186,8.230559,Fisheries & Mariculture,Market,-154.94294323173673,46156.79148201137
2070,nic,0.5498652034156958,8.117748713971087,Fisheries & Mariculture,Market,-193.2341980334564,52176.52659216584
2075,nic,0.6102850488547287,8.012340640562744,Fisheries & Mariculture,Market,-224.4972484489677,58615.794442183644
2080,nic,0.6736184074104605,7.914081243893701,Fisheries & Mariculture,Market,-267.6369914053371,65439.6815957856
2085,nic,0.7394121810404817,7.822735933911367,Fisheries & Mariculture,Market,-305.17446426111115,72600.84535180301
2090,nic,0.8071184258569193,7.738088129798236,Fisheries & Mariculture,Market,-352.36699159215135,80039.23958076199
2095,nic,0.876097310069186,7.659938401173277,Fisheries & Mariculture,Market,-399.0457060982072,87682.24360588551
2100,nic,0.9456232016024908,7.588103682304866,Fisheries & Mariculture,Market,-448.7604436656067,95445.23937622283
2030,nld,1.1991592309379855,17.801108,Fisheries & Mariculture,Market,-0.3029728443490188,48414.739304668554
2035,nld,1.2409396888659072,17.813034,Fisheries & Mariculture,Market,-0.7357464537874089,50102.15929683247
2040,nld,1.2803774595479158,17.8437,Fisheries & Mariculture,Market,-1.1607301703789625,51640.74020736871
2045,nld,1.3152971905413782,17.860625,Fisheries & Mariculture,Market,-1.5855806605004772,53034.93941562802
2050,nld,1.3437441070988927,17.834112,Fisheries & Mariculture,Market,-2.0364444136260276,54299.421647701325
2055,nld,1.3651705680460902,17.760733,Fisheries & Mariculture,Market,-2.3689387206290045,55430.81136299945
2060,nld,1.3798427878427335,17.652288,Fisheries & Mariculture,Market,-2.7735689536789936,56409.03770832081
2065,nld,1.388232346388974,17.521714,Fisheries & Mariculture,Market,-3.00244992474927,57213.740624782025
2070,nld,1.3962508857588263,17.398586263264445,Fisheries & Mariculture,Market,-3.3746647181506595,57990.75389508051
2075,nld,1.4038912747865244,17.282758632168377,Fisheries & Mariculture,Market,-3.5518219325805993,58738.64822634122
2080,nld,1.4111466838260376,17.174094130048807,Fisheries & Mariculture,Market,-3.856059888036117,59456.034853794605
2085,nld,1.4180105948892983,17.072464690649817,Fisheries & Mariculture,Market,-4.025135303173988,60141.56982690742
2090,nld,1.424476811372343,16.977750906046502,Fisheries & Mariculture,Market,-4.277133031108136,60793.95819657708
2095,nld,1.430539467349128,16.889841792351763,Fisheries & Mariculture,Market,-4.481357148182042,61411.95808516853
2100,nld,1.4361930364135562,16.80863457256097,Fisheries & Mariculture,Market,-4.687579904337913,61994.38462151614
2030,nzl,0.315333396025641,5.992965000000011,Fisheries & Mariculture,Market,-4.938403791191253,41548.89472136819
2035,nzl,0.3364057931621327,6.045119,Fisheries & Mariculture,Market,-12.363195844535136,43886.275091371135
2040,nzl,0.3562787746537374,6.085608000000001,Fisheries & Mariculture,Market,-20.02041073490363,46109.90424005634
2045,nzl,0.37466522435584076,6.11068,Fisheries & Mariculture,Market,-27.996104914112983,48228.026933720896
2050,nzl,0.39132002632723756,6.116635,Fisheries & Mariculture,Market,-36.76019797643299,50257.61066002802
2055,nzl,0.4060070154897436,6.102266,Fisheries & Mariculture,Market,-43.67070750669875,52198.81908336785
2060,nzl,0.4184810759021541,6.070444,Fisheries & Mariculture,Market,-52.14047257620955,54014.31259071766
2065,nzl,0.4285501082734678,6.025995,Fisheries & Mariculture,Market,-57.45198028475563,55649.440962427514
2070,nzl,0.4383458455321993,5.984077641209233,Fisheries & Mariculture,Market,-65.67103248171627,57245.50333198607
2075,nzl,0.4478381425233631,5.944642693721587,Fisheries & Mariculture,Market,-70.2309543114445,58796.30402008791
2080,nzl,0.45699722392934367,5.907644014608618,Fisheries & Mariculture,Market,-77.406058312288,60295.6812689259
2085,nzl,0.46579383645271794,5.873038457742551,Fisheries & Mariculture,Market,-81.95671175407773,61737.54712479586
2090,nzl,0.4741994015206662,5.840785789765356,Fisheries & Mariculture,Market,-88.25679577497914,63115.92787011767
2095,nzl,0.4821861674212584,5.810848611974325,Fisheries & Mariculture,Market,-93.62983122474692,64425.004637587255
2100,nzl,0.4897273597604663,5.783192287911394,Fisheries & Mariculture,Market,-99.07863502062528,65659.15382701915
2030,omn,0.5704091060313208,6.896304000000001,Fisheries & Mariculture,Market,-7.069012060426464,65997.85619002204
2035,omn,0.6236997122312621,6.880418,Fisheries & Mariculture,Market,-18.138378899942794,72221.94791095649
2040,omn,0.6746586462249382,6.810482,Fisheries & Mariculture,Market,-30.000104461818704,78806.57287362621
2045,omn,0.7226292329828286,6.713394,Fisheries & Mariculture,Market,-42.72926253091858,85502.01158847322
2050,omn,0.7689771662257455,6.610222,Fisheries & Mariculture,Market,-57.16297919229203,92266.93599472621
2055,omn,0.8172249364652989,6.52291,Fisheries & Mariculture,Market,-69.55909826676226,99218.73693618787
2060,omn,0.8694567731430077,6.452412000000001,Fisheries & Mariculture,Market,-85.72406912194047,106552.38026945398
2065,omn,0.9247447658910721,6.382848,Fisheries & Mariculture,Market,-98.10269061981006,114389.83092883043
2070,omn,0.9806082881675118,6.3174746766042835,Fisheries & Mariculture,Market,-116.25406628189457,122369.6956594571
2075,omn,1.036728706156805,6.256176370240249,Fisheries & Mariculture,Market,-128.6554704313481,130442.39461006847
2080,omn,1.0927646740329648,6.198845258236476,Fisheries & Mariculture,Market,-146.4683135930138,138553.74361671778
2085,omn,1.1483550308990103,6.145381037843362,Fisheries & Mariculture,Market,-159.8904808397983,146645.43871551545
2090,omn,1.203122196946009,6.095690632939366,Fisheries & Mariculture,Market,-177.1954382517432,154655.65204862252
2095,omn,1.2566760357890028,6.049687923218899,Fisheries & Mariculture,Market,-193.09830858748057,162519.73357904938
2100,omn,1.308618137460642,6.00729349475571,Fisheries & Mariculture,Market,-209.50491974546145,170171.00987011025
2030,pak,8.563741933303522,429.949597,Fisheries & Mariculture,Market,-1.7988393098874842,16784.63561692494
2035,pak,10.527645289175775,445.348908,Fisheries & Mariculture,Market,-5.1893229042285975,19869.558900665907
2040,pak,12.776454125430703,458.123757,Fisheries & Mariculture,Market,-9.629540008921504,23381.563330367717
2045,pak,15.287709759509431,468.261235,Fisheries & Mariculture,Market,-15.321766004178158,27301.470268904468
2050,pak,18.043309243522856,476.335285,Fisheries & Mariculture,Market,-22.733909612493466,31594.98693070545
2055,pak,21.040128210830215,482.800274,Fisheries & Mariculture,Market,-30.354091628870517,36255.64721466621
2060,pak,24.265209729186015,487.768657,Fisheries & Mariculture,Market,-40.55042008667812,41280.229139520554
2065,pak,27.726089035782653,491.451556,Fisheries & Mariculture,Market,-49.85447830085531,46693.24751515743
2070,pak,31.48285917807042,494.9767274050454,Fisheries & Mariculture,Market,-63.262053500127905,52505.752040367144
2075,pak,35.524140475538175,498.3403186104249,Fisheries & Mariculture,Market,-74.72109669421982,58692.610198386545
2080,pak,39.830843340433006,501.53863092410336,Fisheries & Mariculture,Market,-90.48843174774586,65217.83844266892
2085,pak,44.37561317410619,504.5681263142374,Fisheries & Mariculture,Market,-104.72426569397977,72034.12574001159
2090,pak,49.12249079434404,507.4254339043722,Fisheries & Mariculture,Market,-122.62519281183832,79082.67335581267
2095,pak,54.026833663958826,510.10735619970063,Fisheries & Mariculture,Market,-140.70877351664913,86293.39959358092
2100,pak,59.035536628613734,512.6108750283538,Fisheries & Mariculture,Market,-160.19587589276563,93585.54759124832
2030,pan,0.2844376120043239,5.794318000000001,Fisheries & Mariculture,Market,-9.20949773488388,33239.71216150677
2035,pan,0.3058606021688609,5.831255000000001,Fisheries & Mariculture,Market,-23.23930384831506,35588.90257837893
2040,pan,0.32732492327634927,5.843638,Fisheries & Mariculture,Market,-38.02720449001132,38082.68959604479
2045,pan,0.34879182756777205,5.835653000000001,Fisheries & Mariculture,Market,-53.88313062930442,40717.92714968404
2050,pan,0.3703149161097695,5.807453000000001,Fisheries & Mariculture,Market,-71.91993154822639,43528.082158480334
2055,pan,0.391797965300783,5.76393,Fisheries & Mariculture,Market,-87.12667862485785,46494.433368130325
2060,pan,0.4132073937496638,5.705196,Fisheries & Mariculture,Market,-106.43868874787883,49639.41936065305
2065,pan,0.43443922830305,5.632357,Fisheries & Mariculture,Market,-120.41059970243955,52970.97760600538
2070,pan,0.4556458786690364,5.56404339798758,Fisheries & Mariculture,Market,-141.129137737405,56351.34395070599
2075,pan,0.4767170846819297,5.5001102007127765,Fisheries & Mariculture,Market,-154.5612063130479,59761.72784363137
2080,pan,0.4975379646087315,5.440422654855761,Fisheries & Mariculture,Market,-174.22878507683774,63181.823931891035
2085,pan,0.5179899582727189,5.38485577220955,Fisheries & Mariculture,Market,-188.42755843128936,66589.97853859128
2090,pan,0.5379518658899108,5.333293892092902,Fisheries & Mariculture,Market,-206.9964345407526,69963.38862971934
2095,pan,0.5573009715228696,5.285630278842049,Fisheries & Mariculture,Market,-223.72864139484116,73278.33144119487
2100,pan,0.5759142379644168,5.241766752414145,Fisheries & Mariculture,Market,-240.88832670950785,76510.42212718344
2030,per,1.239227477050633,39.75769200000001,Fisheries & Mariculture,Market,-190.37917095905703,24724.502677424385
2035,per,1.3823295616537863,39.5500139999999,Fisheries & Mariculture,Market,-498.3456206342291,27686.12954041364
2040,per,1.5312345078837573,39.211423,Fisheries & Mariculture,Market,-844.0661978964661,30890.516002530363
2045,per,1.6838585608836443,38.760054,Fisheries & Mariculture,Market,-1234.2740677822765,34317.46715879445
2050,per,1.8398060709970698,38.22769400000001,Fisheries & Mariculture,Market,-1695.3898656237066,37965.14249271412
2055,per,1.9985143364905296,37.644158,Fisheries & Mariculture,Market,-2108.7045041227157,41821.2516610642
2060,per,2.1594734089180254,37.015646,Fisheries & Mariculture,Market,-2639.36083348298,45892.87778884898
2065,per,2.3226569116358022,36.351131,Fisheries & Mariculture,Market,-3054.500668113255,50193.1526811264
2070,per,2.4893958603270816,35.73117482726046,Fisheries & Mariculture,Market,-3658.496804947278,54653.469462075496
2075,per,2.6586989418170064,35.15386458725268,Fisheries & Mariculture,Market,-4090.0481447761476,59246.13710774466
2080,per,2.829470868702115,34.61743656497074,Fisheries & Mariculture,Market,-4701.304547218941,63939.06874503655
2085,per,3.000521075770536,34.120267214281114,Fisheries & Mariculture,Market,-5178.920413849569,68695.99574413625
2090,per,3.170574873527672,33.660864938121364,Fisheries & Mariculture,Market,-5788.645256286077,73476.79983839423
2095,per,3.338286991652485,33.23786260108127,Fisheries & Mariculture,Market,-6358.796561643312,78237.96419652451
2100,per,3.5022573769239527,32.85001072155086,Fisheries & Mariculture,Market,-6950.6508543340915,82933.1405155104
2030,phl,4.694194348237184,164.256327,Fisheries & Mariculture,Market,-38.54554636453623,21531.284541971403
2035,phl,5.234438336221783,166.081756,Fisheries & Mariculture,Market,-100.86346446864644,23737.54357317542
2040,phl,5.7771553512009,167.214079,Fisheries & Mariculture,Market,-170.21333842762854,26012.698443785772
2045,phl,6.321385581998345,167.689425,Fisheries & Mariculture,Market,-247.66407798119423,28373.13642992274
2050,phl,6.867604610728442,167.365827,Fisheries & Mariculture,Market,-338.25759874118836,30874.201029243955
2055,phl,7.415414677804664,166.372414,Fisheries & Mariculture,Market,-418.2044432391378,33524.923862871045
2060,phl,7.966847815897338,164.906753,Fisheries & Mariculture,Market,-520.4537848791861,36326.04808477604
2065,phl,8.519111060953202,163.138451,Fisheries & Mariculture,Market,-598.8170867105985,39252.232952677616
2070,phl,9.080129976692868,161.47657759739172,Fisheries & Mariculture,Market,-713.2561501842009,42253.749434360674
2075,phl,9.646622515034817,159.9182095200895,Fisheries & Mariculture,Market,-793.193752102221,45312.32465670122
2080,phl,10.215022200899122,158.4606213261653,Fisheries & Mariculture,Market,-907.1878313100425,48407.55466410494
2085,phl,10.78150786141135,157.1012774375021,Fisheries & Mariculture,Market,-994.6420190668896,51517.067115225946
2090,phl,11.342039829863515,155.83782476785024,Fisheries & Mariculture,Market,-1106.8144819669799,54616.736308301406
2095,phl,11.89240232036396,154.66808591519788,Fisheries & Mariculture,Market,-1210.7809976603385,57680.94936594962
2100,phl,12.428251498316325,153.59005289080736,Fisheries & Mariculture,Market,-1318.3544537622731,60682.92087795053
2030,pol,1.7578118287368891,32.834282,Fisheries & Mariculture,Market,-0.8099394349226132,42845.752266405165
2035,pol,1.7848606195523409,31.978964,Fisheries & Mariculture,Market,-1.9299014089328101,44599.06540194869
2040,pol,1.7999260475350114,31.091824,Fisheries & Mariculture,Market,-2.9757827902582874,46186.61896017627
2045,pol,1.805811324321228,30.228751,Fisheries & Mariculture,Market,-3.9699965799662076,47586.16303537917
2050,pol,1.8086438889589818,29.440769,Fisheries & Mariculture,Market,-4.998760917778292,48859.855719829044
2055,pol,1.8139861352187898,28.760532,Fisheries & Mariculture,Market,-5.740559016505984,50084.57476247045
2060,pol,1.8237239934423664,28.185583,Fisheries & Mariculture,Market,-6.685313597198127,51299.914316834016
2065,pol,1.8353037525055198,27.682684,Fisheries & Mariculture,Market,-7.23893836590688,52480.847679168175
2070,pol,1.8463743731538347,27.21345423825016,Fisheries & Mariculture,Market,-8.13842275855646,53623.18838088644
2075,pol,1.8569255933014797,26.776455754640097,Fisheries & Mariculture,Market,-8.56772512329122,54723.30599195424
2080,pol,1.866947580394406,26.37036250834571,Fisheries & Mariculture,Market,-9.303728915070906,55777.65241404018
2085,pol,1.8764309466240503,25.993953648962965,Fisheries & Mariculture,Market,-9.713749677261054,56782.78091685187
2090,pol,1.8853667635316587,25.646107376913797,Fisheries & Mariculture,Market,-10.32396525009352,57735.36490246766
2095,pol,1.8937465759715424,25.32579534974658,Fisheries & Mariculture,Market,-10.818944337593198,58632.21625476843
2100,pol,1.9015624154027986,25.03207759513654,Fisheries & Mariculture,Market,-11.318783809895503,59470.303132265144
2030,prt,0.48703598135313864,9.292971,Fisheries & Mariculture,Market,-0.9179260972735255,43184.03824668178
2035,prt,0.5074938647952311,9.16552,Fisheries & Mariculture,Market,-2.2445439821130537,45526.78972880539
2040,prt,0.5253776937007146,9.04786500000001,Fisheries & Mariculture,Market,-3.552914067478453,47642.37957903771
2045,prt,0.5411203772416554,8.948879999999999,Fisheries & Mariculture,Market,-4.8660678145016325,49506.90104067306
2050,prt,0.5553749355036194,8.866949,Fisheries & Mariculture,Market,-6.278589423040252,51170.92041522212
2055,prt,0.5679717148921483,8.78692199999999,Fisheries & Mariculture,Market,-7.3521344251819825,52695.039359176095
2060,prt,0.5782079692681281,8.693437,Fisheries & Mariculture,Market,-8.66988333140263,54105.197814089246
2065,prt,0.5854562728382601,8.580326,Fisheries & Mariculture,Market,-9.44556406243933,55386.21955926352
2070,prt,0.5924284813985191,8.474268661403459,Fisheries & Mariculture,Market,-10.681270646063354,56624.88732765788
2075,prt,0.5991123936489567,8.375035216414554,Fisheries & Mariculture,Market,-11.306959442642198,57817.04428625736
2080,prt,0.6054961974405213,8.282412204697867,Fisheries & Mariculture,Market,-12.342491921523896,58958.624218860445
2085,prt,0.6115685042683427,8.196201705730832,Fisheries & Mariculture,Market,-12.949885836734484,60045.6744809404
2090,prt,0.6173183828697385,8.116220631691567,Fisheries & Mariculture,Market,-13.82695040235983,61074.37868701619
2095,prt,0.6227353917893642,8.04230007733431,Fisheries & Mariculture,Market,-14.552348352900747,62041.078949321265
2100,prt,0.6278096107767367,7.974284723610485,Fisheries & Mariculture,Market,-15.285640725511415,62942.29748716888
2030,qat,0.6735088435586036,4.949395000000001,Fisheries & Mariculture,Market,-1.7321576429604282,73106.28472951903
2035,qat,0.7043950932121685,4.985601,Fisheries & Mariculture,Market,-4.251195597912125,76518.29944823541
2040,qat,0.7256120920213442,4.955018,Fisheries & Mariculture,Market,-6.69599355661011,79946.73514255972
2045,qat,0.7392424671269439,4.866921,Fisheries & Mariculture,Market,-9.071280951555574,83583.67001189294
2050,qat,0.7469142493666446,4.734286,Fisheries & Mariculture,Market,-11.522427784096914,87503.4745601913
2055,qat,0.751521576637271,4.583462000000001,Fisheries & Mariculture,Market,-13.274727857773827,91653.77467400114
2060,qat,0.7554038040194249,4.434908,Fisheries & Mariculture,Market,-15.456308927721135,95954.26249998869
2065,qat,0.7585120905879745,4.289886000000011,Fisheries & Mariculture,Market,-16.69911224402602,100375.50714181756
2070,qat,0.761477113115233,4.156620224223522,Fisheries & Mariculture,Market,-18.734464622729483,104795.65368769995
2075,qat,0.7642970620793823,4.034290462176243,Fisheries & Mariculture,Market,-19.68326604444673,109197.43377100934
2080,qat,0.7669702100537936,3.9221569656764674,Fisheries & Mariculture,Market,-21.333758235694123,113562.99252208989
2085,qat,0.769494913466409,3.81955297975815,Fisheries & Mariculture,Market,-22.234328805009966,117874.00462480675
2090,qat,0.7718696142801014,3.725878114535955,Fisheries & Mariculture,Market,-23.591664402461877,122111.79913747674
2095,qat,0.7740928415916144,3.640592465510466,Fisheries & Mariculture,Market,-24.68425514771096,126257.4919342469
2100,qat,0.7761632131467919,3.563211401383185,Fisheries & Mariculture,Market,-25.78731853513603,130292.12448306664
2030,rou,0.534356224883935,14.169633,Fisheries & Mariculture,Market,-0.32688659887590577,28818.697249337307
2035,rou,0.5440685030110011,13.600067,Fisheries & Mariculture,Market,-0.7810349741122836,30552.22429628151
2040,rou,0.5531097447668519,13.086751,Fisheries & Mariculture,Market,-1.2140706418967324,32258.028475889238
2045,rou,0.5616013321572023,12.632409000000001,Fisheries & Mariculture,Market,-1.63920009724532,33910.03077197595
2050,rou,0.5701209748224585,12.233466,Fisheries & Mariculture,Market,-2.092003471219366,35524.7839138255
2055,rou,0.5791181297177432,11.881702,Fisheries & Mariculture,Market,-2.433175670480692,37130.43111612319
2060,rou,0.5886397464867762,11.563014,Fisheries & Mariculture,Market,-2.8648265780152387,38756.75333022111
2065,rou,0.5976689645533815,11.254585,Fisheries & Mariculture,Market,-3.1297792893965606,40404.27097271745
2070,rou,0.6063782969974834,10.969393061538561,Fisheries & Mariculture,Market,-3.548544147372284,42032.39472725057
2075,rou,0.6147494777008125,10.706057650951013,Fisheries & Mariculture,Market,-3.7657828435090877,43633.34724311158
2080,rou,0.6227647384015689,10.463322507938871,Fisheries & Mariculture,Market,-4.120358643114674,45199.22895121886
2085,rou,0.6304068708410189,10.240045628896706,Fisheries & Mariculture,Market,-4.332727144591922,46722.08138463673
2090,rou,0.6376592877158768,10.035190279335056,Fisheries & Mariculture,Market,-4.635808189778061,48193.953372825345
2095,rou,0.6445060821376642,9.847816936029796,Fisheries & Mariculture,Market,-4.888505715525413,49606.96935720689
2100,rou,0.6509320853036831,9.677076070858675,Fisheries & Mariculture,Market,-5.144118215412033,50953.39901936078
2030,sau,4.68547702875605,51.3083549999999,Fisheries & Mariculture,Market,-12.000309103236079,62149.40311203626
2035,sau,4.8326136328524925,51.20038,Fisheries & Mariculture,Market,-29.044997800526698,64359.05392893888
2040,sau,4.9503740052282925,50.895884,Fisheries & Mariculture,Market,-45.492838478011194,66448.32686702984
2045,sau,5.050998242433715,50.489567,Fisheries & Mariculture,Market,-61.7239108658832,68474.77848246181
2050,sau,5.138637333733636,50.021689,Fisheries & Mariculture,Market,-78.94338160045088,70448.1310009809
2055,sau,5.214536575907517,49.475763,Fisheries & Mariculture,Market,-91.72641043755883,72414.62875536879
2060,sau,5.276375672391914,48.798165,Fisheries & Mariculture,Market,-107.51197480343285,74431.53627517135
2065,sau,5.321589524692382,47.984712,Fisheries & Mariculture,Market,-116.67203061912673,76486.249730763
2070,sau,5.36491075479935,47.22481370189783,Fisheries & Mariculture,Market,-131.44420429412324,78497.47948384876
2075,sau,5.406286022176106,46.51631063129621,Fisheries & Mariculture,Market,-138.65275354974077,80458.9306742017
2080,sau,5.445664030480708,45.85720782349256,Fisheries & Mariculture,Market,-150.84614827196674,82364.34299680027
2085,sau,5.482995632995737,45.245665430033405,Fisheries & Mariculture,Market,-157.77227150263394,84207.52366893634
2090,sau,5.518233934356393,44.67999012829219,Fisheries & Mariculture,Market,-167.96130969313595,85982.38073050349
2095,sau,5.551334388283704,44.158627277724335,Fisheries & Mariculture,Market,-176.2864253738939,87682.95642896122
2100,sau,5.582254891039069,43.680153771748955,Fisheries & Mariculture,Market,-184.69591943147302,89303.46043436903
2030,sdn,0.6259430268390698,91.147048,Fisheries & Mariculture,Market,-1.0388068168670033,6301.213345197022
2035,sdn,0.7448019909545898,94.400626,Fisheries & Mariculture,Market,-2.9006242112755496,7209.806048180328
2040,sdn,0.8841364148310111,96.937165,Fisheries & Mariculture,Market,-5.2648459384197395,8300.513363828877
2045,sdn,1.0445844921013292,98.89410400000001,Fisheries & Mariculture,Market,-8.271440644464152,9573.26732137075
2050,sdn,1.2270265232395865,100.201284,Fisheries & Mariculture,Market,-12.214707567536296,11052.774235212246
2055,sdn,1.431248485798298,101.033792,Fisheries & Mariculture,Market,-16.313798212985766,12733.13033051935
2060,sdn,1.6577442777331957,101.428301,Fisheries & Mariculture,Market,-21.88769523201153,14629.646170677705
2065,sdn,1.9050128366298,101.401662,Fisheries & Mariculture,Market,-27.063543292958343,16745.931908525094
2070,sdn,2.174956335071695,101.37636159661143,Fisheries & Mariculture,Market,-34.529544375755144,19043.366752527367
2075,sdn,2.466930491323613,101.3523987737804,Fisheries & Mariculture,Market,-40.996592274541484,21513.86589352944
2080,sdn,2.779702010024627,101.32977256841494,Fisheries & Mariculture,Market,-49.89338711347129,24144.302053213298
2085,sdn,3.111397516702239,101.30848207032052,Fisheries & Mariculture,Market,-58.013577077316924,26916.16825914931
2090,sdn,3.4594687438706933,101.28852642213901,Fisheries & Mariculture,Market,-68.23071487477999,29805.39254907279
2095,sdn,3.820677950642992,101.26990481929118,Fisheries & Mariculture,Market,-78.61823344425251,32782.33485531502
2100,sdn,4.191107095420968,101.25261650992265,Fisheries & Mariculture,Market,-89.8540716760609,35811.99117785999
2030,sen,0.4597382639996,36.054076,Fisheries & Mariculture,Market,-7.122210234346886,10101.537710462362
2035,sen,0.5585347160149609,37.7355520000001,Fisheries & Mariculture,Market,-20.305092072941093,11709.586600440047
2040,sen,0.6720242966658415,39.231061,Fisheries & Mariculture,Market,-37.35558279511354,13533.405957403429
2045,sen,0.8001906150736564,40.491427,Fisheries & Mariculture,Market,-59.14733608502134,15591.641731525704
2050,sen,0.9430966467192875,41.5104169999999,Fisheries & Mariculture,Market,-87.63739836304286,17900.66081285512
2055,sen,1.1015446819756234,42.347248,Fisheries & Mariculture,Market,-117.20504780890533,20467.017515959036
2060,sen,1.2754001431026953,43.024147,Fisheries & Mariculture,Market,-157.1929661970399,23292.638981062188
2065,sen,1.4644042267544108,43.54135100000001,Fisheries & Mariculture,Market,-194.2011849582455,26390.622390394616
2070,sen,1.6705665527089049,44.03860136634602,Fisheries & Mariculture,Market,-247.57582765737482,29725.287670478356
2075,sen,1.8933746745076458,44.51506047436674,Fisheries & Mariculture,Market,-293.71867599145133,33283.56407477189
2080,sen,2.1318701891937284,44.969918120631,Fisheries & Mariculture,Market,-357.1985240970321,37046.100324892985
2085,sen,2.3846110556595246,45.40239380051678,Fisheries & Mariculture,Market,-415.04563351776585,40986.9337484199
2090,sen,2.649646246700185,45.811738923905345,Fisheries & Mariculture,Market,-487.82332047613176,45073.337085802
2095,sen,2.9245056894381625,46.197238960265864,Fisheries & Mariculture,Market,-561.7453314676137,49265.873513107166
2100,sen,3.2062080936767106,46.55821550458838,Fisheries & Mariculture,Market,-641.6598442181631,53518.68479960372
2030,sgp,0.76200529653751,6.600567,Fisheries & Mariculture,Market,-0.14680651305425907,67234.68238775276
2035,sgp,0.7511576826102762,6.530277,Fisheries & Mariculture,Market,-0.3396011094239801,67380.884594885
2040,sgp,0.7348919475101299,6.43407500000001,Fisheries & Mariculture,Market,-0.5080158072848947,67294.66105275706
2045,sgp,0.7135291197276198,6.310282,Fisheries & Mariculture,Market,-0.655898493626226,67003.55390189553
2050,sgp,0.6877969804729273,6.157328000000001,Fisheries & Mariculture,Market,-0.794834549432068,66570.27191386979
2055,sgp,0.6586586152176989,5.97513299999999,Fisheries & Mariculture,Market,-0.8715408963489637,66067.60337603427
2060,sgp,0.6270228757376293,5.766198999999999,Fisheries & Mariculture,Market,-0.9610660348974579,65541.89828146446
2065,sgp,0.5936682779907253,5.535255,Fisheries & Mariculture,Market,-0.9790794634128843,65008.06402130714
2070,sgp,0.5636669989225985,5.324645335958922,Fisheries & Mariculture,Market,-1.0388438244968408,64523.08530807267
2075,sgp,0.5366810657680299,5.132712070523421,Fisheries & Mariculture,Market,-1.0353673547552142,64085.727693777786
2080,sgp,0.5124145445679671,4.957975871173951,Fisheries & Mariculture,Market,-1.0677105730069634,63694.86898507346
2085,sgp,0.4906081554551343,4.799117007011629,Fisheries & Mariculture,Market,-1.0619308931482567,63349.494485264426
2090,sgp,0.47103466183581555,4.654958704713969,Fisheries & Mariculture,Market,-1.0784765964710017,63048.692676466235
2095,sgp,0.4534949187182618,4.524452569186731,Fisheries & Mariculture,Market,-1.0832847324405952,62791.651316162075
2100,sgp,0.4378144838145005,4.40666581517601,Fisheries & Mariculture,Market,-1.0896486273896164,62577.65392488497
2030,slb,0.014680818926380151,1.372868,Fisheries & Mariculture,Market,-2.937336449919098,9128.44787889764
2035,slb,0.020416223998431526,1.418502999999999,Fisheries & Mariculture,Market,-9.58582481789991,12252.012449705946
2040,slb,0.027866366252358367,1.455528999999999,Fisheries & Mariculture,Market,-20.005534403862868,16251.938548284674
2045,slb,0.03725793480393565,1.482684,Fisheries & Mariculture,Market,-35.568028161972585,21271.390512122056
2050,slb,0.048756583962256385,1.502371,Fisheries & Mariculture,Market,-58.51481289752589,27394.18311452638
2055,slb,0.062494285264109016,1.515212,Fisheries & Mariculture,Market,-85.87836720141098,34717.00864293015
2060,slb,0.0784846741450289,1.521234,Fisheries & Mariculture,Market,-124.9311627773372,43304.583942676756
2065,slb,0.09673286389334174,1.519423999999999,Fisheries & Mariculture,Market,-165.6777631795986,53285.15626134523
2070,slb,0.1180993241702041,1.517706545901549,Fisheries & Mariculture,Market,-226.04304289724277,64943.159776065746
2075,slb,0.14281228896331472,1.5160813232446304,Fisheries & Mariculture,Market,-286.1276665021876,78392.76577070972
2080,slb,0.1710363455630928,1.5145480344042461,Fisheries & Mariculture,Market,-370.1149114629304,93711.69657551359
2085,slb,0.20284998277767508,1.5131063984995672,Fisheries & Mariculture,Market,-455.98708917107,110929.20832552662
2090,slb,0.2382229235762399,1.5117561513081657,Fisheries & Mariculture,Market,-566.4446611150269,130014.13703487009
2095,slb,0.27699477313057325,1.510497045185302,Fisheries & Mariculture,Market,-687.1599670233013,150863.8595462815
2100,slb,0.31885676214162806,1.5093288489882266,Fisheries & Mariculture,Market,-824.1534140895866,173295.14196667713
2030,sle,0.08670910981236112,14.863246,Fisheries & Mariculture,Market,-4.065087522529073,5521.349821177582
2035,sle,0.1067561217266464,15.16746,Fisheries & Mariculture,Market,-11.744880831983924,6630.874227320964
2040,sle,0.12952948639517314,15.34769,Fisheries & Mariculture,Market,-21.78914656598295,7914.1423899277725
2045,sle,0.1548015212538828,15.434238,Fisheries & Mariculture,Market,-34.62724944361177,9361.517855980768
2050,sle,0.18239343710984454,15.44472,Fisheries & Mariculture,Market,-51.29127780077318,10971.19546489381
2055,sle,0.21225780009554615,15.38374,Fisheries & Mariculture,Market,-68.34533748313483,12758.085569609024
2060,sle,0.2445639126304159,15.262545,Fisheries & Mariculture,Market,-91.21789728548684,14746.82617746754
2065,sle,0.27946356309049303,15.084406,Fisheries & Mariculture,Market,-112.15460988429479,16969.52776430357
2070,sle,0.31734945367476186,14.917149166332202,Fisheries & Mariculture,Market,-142.3256736432161,19393.424867326787
2075,sle,0.3581070879432095,14.760452269988432,Fisheries & Mariculture,Market,-168.11596215062383,22010.79546002261
2080,sle,0.40154416029277396,14.614015330678184,Fisheries & Mariculture,Market,-203.6025667547782,24808.24983495711
2085,sle,0.44738494093053077,14.477559656896823,Fisheries & Mariculture,Market,-235.6463368843027,27766.30866951451
2090,sle,0.4952668357642127,14.350826959316572,Fisheries & Mariculture,Market,-275.9401815135878,30859.15575355166
2095,sle,0.5447395788468438,14.233578533540008,Fisheries & Mariculture,Market,-316.6481589410962,34054.60252083234
2100,sle,0.5952674488333908,14.125594508585383,Fisheries & Mariculture,Market,-360.5174788731033,37314.29542890342
2030,slv,0.14750694242235196,6.027293,Fisheries & Mariculture,Market,-3.5073096783463824,20843.722767990315
2035,slv,0.169305155092796,5.894678,Fisheries & Mariculture,Market,-9.446751434411068,24394.978077895215
2040,slv,0.19293148230221613,5.757728,Fisheries & Mariculture,Market,-16.46005028396044,28382.078868416127
2045,slv,0.2173266214080192,5.616192,Fisheries & Mariculture,Market,-24.65540719917066,32686.003512214025
2050,slv,0.24229893977134426,5.473626,Fisheries & Mariculture,Market,-34.55749905543065,37287.433984845025
2055,slv,0.2680339864552155,5.333979999999999,Fisheries & Mariculture,Market,-43.77151506481109,42210.11129050586
2060,slv,0.29471883141661626,5.20390600000001,Fisheries & Mariculture,Market,-55.75092140618619,47440.03480550478
2065,slv,0.32281202418424976,5.092686000000009,Fisheries & Mariculture,Market,-65.70495468349975,52948.60363076784
2070,slv,0.35204456205958995,4.989285187211692,Fisheries & Mariculture,Market,-80.07549153136978,58775.01705301264
2075,slv,0.38224639927331344,4.893315454347663,Fisheries & Mariculture,Market,-91.01142543925408,64886.142942948965
2080,slv,0.4132174216159208,4.804420811917983,Fisheries & Mariculture,Market,-106.26372550112207,71240.05154023864
2085,slv,0.4447283953113631,4.722275180125015,Fisheries & Mariculture,Market,-118.80389268529633,77786.03145276605
2090,slv,0.47652270027315163,4.646580387761332,Fisheries & Mariculture,Market,-134.65291886670175,84464.86755544349
2095,slv,0.5083188729466314,4.577064360856009,Fisheries & Mariculture,Market,-149.85828253063633,91209.39942453564
2100,slv,0.5398139593335748,4.5134794856028115,Fisheries & Mariculture,Market,-165.81155098773465,97945.36934007455
2030,sur,0.016133557061813592,0.769513999999999,Fisheries & Mariculture,Market,-0.35816408022444324,12722.193463489664
2035,sur,0.01798210469245057,0.773467,Fisheries & Mariculture,Market,-0.9367917875206828,14174.14225285015
2040,sur,0.019882673943485214,0.775578,Fisheries & Mariculture,Market,-1.5837735796830898,15703.172395589176
2045,sur,0.021806836248101633,0.775697,Fisheries & Mariculture,Market,-2.309841395313209,17300.91756933749
2050,sur,0.023748905892936652,0.7742150000000001,Fisheries & Mariculture,Market,-3.162457110466553,18965.821525053365
2055,sur,0.025715312516466384,0.770702,Fisheries & Mariculture,Market,-3.92088195049958,20725.577509083098
2060,sur,0.027709244369174848,0.7657209999999991,Fisheries & Mariculture,Market,-4.893945091159942,22581.763557065286
2065,sur,0.029741700915231945,0.7593240000000011,Fisheries & Mariculture,Market,-5.6520300963006385,24554.756207185117
2070,sur,0.031814160135524405,0.7532976198346425,Fisheries & Mariculture,Market,-6.756358448633736,26597.13963107971
2075,sur,0.033914354837586314,0.7476337286958692,Fisheries & Mariculture,Market,-7.539218320832254,28697.947088679146
2080,sur,0.0360288128805451,0.7423247179490096,Fisheries & Mariculture,Market,-8.650607625142179,30844.54275859746
2085,sur,0.03814296642757409,0.7373634840575861,Fisheries & Mariculture,Market,-9.5135044074032,33022.68889405627
2090,sur,0.040241289304108405,0.7327434127057019,Fisheries & Mariculture,Market,-10.61681650693843,35216.65188537874
2095,sur,0.04230746150082224,0.7284583640682035,Fisheries & Mariculture,Market,-11.645328154374477,37409.34787492402
2100,sur,0.044324559093008496,0.7245026591825953,Fisheries & Mariculture,Market,-12.711749957047907,39582.52747778641
2030,svn,0.10364893336924344,1.975661,Fisheries & Mariculture,Market,-0.00136043009645444,39721.75104626465
2035,svn,0.10654186084545908,1.949930999999999,Fisheries & Mariculture,Market,-0.0032815749308456304,41351.26559511773
2040,svn,0.10895595366260835,1.924056,Fisheries & Mariculture,Market,-0.005131316042419312,42838.35108351286
2045,svn,0.11090500225887225,1.898384,Fisheries & Mariculture,Market,-0.006945445811599815,44175.166148986
2050,svn,0.11250545922333591,1.872974999999999,Fisheries & Mariculture,Market,-0.008857560530678254,45400.88198829543
2055,svn,0.11385692216508489,1.847823,Fisheries & Mariculture,Market,-0.010263864127106071,46551.45022312773
2060,svn,0.11494866518775636,1.82244,Fisheries & Mariculture,Market,-0.012003221948737507,47631.715806026645
2065,svn,0.11563205801317591,1.795359,Fisheries & Mariculture,Market,-0.012992012013144367,48616.51135000257
2070,svn,0.11628514095911831,1.7700143460058766,Fisheries & Mariculture,Market,-0.014600775984146218,49569.60988507241
2075,svn,0.1169073455563975,1.7463425748343886,Fisheries & Mariculture,Market,-0.015365406500361204,50488.394880368745
2080,svn,0.11749812749285891,1.7242848951419287,Fisheries & Mariculture,Market,-0.01667965644041475,51370.310196335864
2085,svn,0.11805696740420676,1.7037869432772468,Fisheries & Mariculture,Market,-0.017409134299935364,52212.871912608825
2090,svn,0.11858337163245321,1.684798559210738,Fisheries & Mariculture,Market,-0.018497188118538215,53013.67997519927
2095,svn,0.11907687295044347,1.6672735812430735,Fisheries & Mariculture,Market,-0.01937856789248972,53770.42958661835
2100,svn,0.11953703125097379,1.6511696583128983,Fisheries & Mariculture,Market,-0.02026855919178084,54480.92226328853
2030,tgo,0.10899777051800028,16.678927,Fisheries & Mariculture,Market,-0.9601216707399777,5460.9211491365895
2035,tgo,0.13468483322419977,17.249138,Fisheries & Mariculture,Market,-2.7840562377299496,6509.205461628859
2040,tgo,0.164657555285584,17.718718,Fisheries & Mariculture,Market,-5.2042329041998245,7728.297662913427
2045,tgo,0.19899597665724023,18.074122,Fisheries & Mariculture,Market,-8.36354795804334,9134.333074275843
2050,tgo,0.2376680813571335,18.341722,Fisheries & Mariculture,Market,-12.557658136389888,10724.406684655922
2055,tgo,0.28075326902071024,18.528816,Fisheries & Mariculture,Market,-16.985312434504753,12510.362871002158
2060,tgo,0.3282918797853343,18.63982,Fisheries & Mariculture,Market,-23.006539952068458,14506.373964901131
2065,tgo,0.38048753529674767,18.677037,Fisheries & Mariculture,Market,-28.690350610808686,16738.557567420237
2070,tgo,0.43795714592231555,18.712463743483976,Fisheries & Mariculture,Market,-36.90460781388224,19183.541457840776
2075,tgo,0.5006255076833296,18.74608958251177,Fisheries & Mariculture,Market,-44.15831486135503,21835.865434404164
2080,tgo,0.5682814761248853,18.77790438724666,Fisheries & Mariculture,Market,-54.13983387019735,24684.361039650103
2085,tgo,0.6405630669597908,18.807898551034942,Fisheries & Mariculture,Market,-63.393497182620344,27711.620209089077
2090,tgo,0.7169461834068759,18.83606299523453,Fisheries & Mariculture,Market,-75.05259963379588,30893.625983648097
2095,tgo,0.7967380845152983,18.862389173789126,Fisheries & Mariculture,Market,-87.01759944382387,34199.5876702119
2100,tgo,0.8790766221075005,18.88686907754477,Fisheries & Mariculture,Market,-100.03325623556745,37592.01818868153
2030,tha,2.3565626576249143,61.42874,Fisheries & Mariculture,Market,-12.800116492107506,27414.20850412838
2035,tha,2.4564636298146,59.127137,Fisheries & Mariculture,Market,-31.31092677388286,29712.7098605839
2040,tha,2.5454617674924704,56.820715,Fisheries & Mariculture,Market,-49.60984987274272,32064.821205865836
2045,tha,2.6228235466240895,54.53480200000001,Fisheries & Mariculture,Market,-67.9738083774222,34451.97743166406
2050,tha,2.6915580828507184,52.2776789999999,Fisheries & Mariculture,Market,-87.69358504074468,36911.00581824122
2055,tha,2.753540863760397,50.0666129999999,Fisheries & Mariculture,Market,-102.72272158699694,39460.3610225932
2060,tha,2.8108891064525148,47.938537,Fisheries & Mariculture,Market,-121.46779649816953,42104.22867809399
2065,tha,2.8656116665213736,45.90488300000001,Fisheries & Mariculture,Market,-133.2413522018565,44861.520536316515
2070,tha,2.918610173607799,44.0548700034445,Fisheries & Mariculture,Market,-151.6531176074451,47648.1654494045
2075,tha,2.9697478859275726,42.372859425153685,Fisheries & Mariculture,Market,-161.52709146064737,50448.00829814829
2080,tha,3.018890833508959,40.844945154382536,Fisheries & Mariculture,Market,-177.34832900587887,53243.82249197332
2085,tha,3.065908393781627,39.458762074277445,Fisheries & Mariculture,Market,-187.0976202553153,56017.47065224456
2090,tha,3.1106738620793273,38.20331904739593,Fisheries & Mariculture,Market,-200.79825565638623,58750.08850453093
2095,tha,3.153065013625312,37.068853203855305,Fisheries & Mariculture,Market,-212.34924436662627,61422.28965488415
2100,tha,3.1929646535607628,36.04670281917145,Fisheries & Mariculture,Market,-224.0464460979185,64014.38834534224
2030,tls,0.016476362635580576,1.938647,Fisheries & Mariculture,Market,-0.26593755796030283,8043.717448268009
2035,tls,0.020796753810713556,1.947521,Fisheries & Mariculture,Market,-0.78770669859912,10060.145497788246
2040,tls,0.025897647600952693,1.944815,Fisheries & Mariculture,Market,-1.4998404261234544,12487.06166144538
2045,tls,0.031770749870053724,1.932078,Fisheries & Mariculture,Market,-2.4467150771386756,15348.256506960839
2050,tls,0.03836001421207177,1.910232,Fisheries & Mariculture,Market,-3.713866018775969,18655.952520503215
2055,tls,0.04569148177536205,1.881365999999999,Fisheries & Mariculture,Market,-5.065165470572348,22456.689513679183
2060,tls,0.05377149513469962,1.848106,Fisheries & Mariculture,Market,-6.904829466513389,26776.781836051094
2065,tls,0.06257864810021872,1.813183,Fisheries & Mariculture,Market,-8.646319417725916,31612.38890071853
2070,tls,0.07231582833991115,1.7806330811027342,Fisheries & Mariculture,Market,-11.165855925260127,37022.13986281241
2075,tls,0.08297587981105085,1.7503498916199796,Fisheries & Mariculture,Market,-13.41099686653704,43008.02305167979
2080,tls,0.09452780103802706,1.722235514590043,Fisheries & Mariculture,Market,-16.50147064552442,49556.35846137449
2085,tls,0.10691385504155529,1.6961999383293618,Fisheries & Mariculture,Market,-19.387708547641804,56635.546451879694
2090,tls,0.1200473006495705,1.6721605743347059,Fisheries & Mariculture,Market,-23.02720666469478,64194.25161720467
2095,tls,0.13381095844054205,1.6500418189082078,Fisheries & Mariculture,Market,-26.778909005860324,72160.1981448909
2100,tls,0.14805681165185156,1.6297746552351688,Fisheries & Mariculture,Market,-30.871358784386352,80439.74390583497
2030,tto,0.065937849367949955,1.391386,Fisheries & Mariculture,Market,-0.7295904889678785,34381.6931366034
2035,tto,0.07131325462593116,1.358448,Fisheries & Mariculture,Market,-1.851677275254831,38104.28800992665
2040,tto,0.07681010265796846,1.324978,Fisheries & Mariculture,Market,-3.0495034929437033,42098.11924822198
2045,tto,0.08251272071097167,1.291488,Fisheries & Mariculture,Market,-4.356150658909005,46418.36649423356
2050,tto,0.08856322471530888,1.26038,Fisheries & Mariculture,Market,-5.877964319376316,51076.06683845816
2055,tto,0.09505757657795393,1.232589999999999,Fisheries & Mariculture,Market,-7.223891003269263,56084.09751667015
2060,tto,0.10194269917200349,1.20704,Fisheries & Mariculture,Market,-8.973937165158608,61448.61734881187
2065,tto,0.10912638060488439,1.182883,Fisheries & Mariculture,Market,-10.33619993178743,67153.94400042186
2070,tto,0.11643178552871139,1.1603931410065533,Fisheries & Mariculture,Market,-12.324129793708874,73072.80593679598
2075,tto,0.1238160119267165,1.1394920479221768,Fisheries & Mariculture,Market,-13.718671529017673,79169.99385935733
2080,tto,0.13123230141302875,1.120107683699444,Fisheries & Mariculture,Market,-15.704708957701746,85404.68373433311
2085,tto,0.13863042647514337,1.1021739341533627,Fisheries & Mariculture,Market,-17.233643455414107,91730.69154222247
2090,tto,0.14595716611999196,1.0856302307172654,Fisheries & Mariculture,Market,-19.192888200389746,98096.87340916759
2095,tto,0.15315686609789914,1.070421208117844,Fisheries & Mariculture,Market,-21.011822368030977,104447.67263061726
2100,tto,0.16017207752311433,1.0564963942500958,Fisheries & Mariculture,Market,-22.894977039255636,110723.81051106176
2030,tun,0.37389132089881566,13.932889,Fisheries & Mariculture,Market,-4.196187630093971,23209.94953839355
2035,tun,0.42391247196519793,13.81366,Fisheries & Mariculture,Market,-11.16442505822773,26461.798220176723
2040,tun,0.4763759960426549,13.669999,Fisheries & Mariculture,Market,-19.183409111488782,29957.890464508913
2045,tun,0.5304726401439721,13.516625,Fisheries & Mariculture,Market,-28.406001325024764,33635.54343116176
2050,tun,0.5864170481201598,13.36171,Fisheries & Mariculture,Market,-39.47709991958614,37498.86226915901
2055,tun,0.6444028561261725,13.202828,Fisheries & Mariculture,Market,-49.6714722401487,41574.76193203191
2060,tun,0.7042519554345757,13.033673,Fisheries & Mariculture,Market,-62.88109369924884,45884.09214369965
2065,tun,0.7650655820053928,12.845346,Fisheries & Mariculture,Market,-73.50128710362652,50420.97574492149
2070,tun,0.8278273416779991,12.669020477460426,Fisheries & Mariculture,Market,-88.87704395764062,55145.29172245657
2075,tun,0.892163498915599,12.504268242421784,Fisheries & Mariculture,Market,-100.2639538337069,60027.05174362163
2080,tun,0.9576476524600985,12.350692375780278,Fisheries & Mariculture,Market,-116.24118403935606,65030.96615527833
2085,tun,1.0238035516648836,12.207925630409049,Fisheries & Mariculture,Market,-129.09229018650075,70116.65619660835
2090,tun,1.090109232173507,12.075628962566567,Fisheries & Mariculture,Market,-145.395196260667,75239.01591133128
2095,tun,1.1560024777352103,11.953490185343654,Fisheries & Mariculture,Market,-160.86114059083363,80348.72678970777
2100,tun,1.2208875754544717,11.841222736636915,Fisheries & Mariculture,Market,-177.00853477289053,85392.92301723082
2030,tur,4.888078908982365,95.4216500000001,Fisheries & Mariculture,Market,-2.3971335844248665,38345.00946107721
2035,tur,5.103253691403807,94.296102,Fisheries & Mariculture,Market,-5.872889644705355,40502.95906047125
2040,tur,5.276731248512659,92.93032600000011,Fisheries & Mariculture,Market,-9.285074819785876,42487.0526895423
2045,tur,5.413970365326191,91.365809,Fisheries & Mariculture,Market,-12.66798384675712,44329.9253355097
2050,tur,5.526105647909728,89.6415469999999,Fisheries & Mariculture,Market,-16.255575520802264,46109.49790605201
2055,tur,5.622384146545529,87.80754300000001,Fisheries & Mariculture,Market,-18.937149349393682,47883.396567805794
2060,tur,5.70730442623577,85.9070630000001,Fisheries & Mariculture,Market,-22.267300850079486,49672.28238643955
2065,tur,5.7813794812350885,83.95749800000002,Fisheries & Mariculture,Market,-24.2701393211471,51475.3859783814
2070,tur,5.852664132010329,82.14744229353316,Fisheries & Mariculture,Market,-27.456675462241694,53247.943084746476
2075,tur,5.9210296416422405,80.46962215316242,Fisheries & Mariculture,Market,-29.076499716783978,54982.46346161156
2080,tur,5.986351285462376,78.91737906139149,Fisheries & Mariculture,Market,-31.751261733546865,56671.41943713179
2085,tur,6.04850872688813,77.48462552763534,Fisheries & Mariculture,Market,-33.32548652896219,58307.29942932555
2090,tur,6.107386383897518,76.16580514758007,Fisheries & Mariculture,Market,-35.59425849074099,59882.66294048033
2095,tur,6.162873784595254,74.95585653673321,Fisheries & Mariculture,Market,-37.47314689454087,61390.19647318067
2100,tur,6.214865910351148,73.85018080909394,Fisheries & Mariculture,Market,-39.37266476957484,62822.76978577194
2030,ury,0.1282324653296995,3.087175,Fisheries & Mariculture,Market,-1.3975245366814624,34170.71991367143
2035,ury,0.13332082240975965,3.010482,Fisheries & Mariculture,Market,-3.4096522475709903,36355.433146955715
2040,ury,0.13758622613221583,2.928801,Fisheries & Mariculture,Market,-5.380254409430864,38484.03016137762
2045,ury,0.14099220650241506,2.841726,Fisheries & Mariculture,Market,-7.331522223269181,40559.679763806795
2050,ury,0.14373142023124147,2.749622999999999,Fisheries & Mariculture,Market,-9.395984787303936,42642.671820050695
2055,ury,0.14592754817012685,2.653563,Fisheries & Mariculture,Market,-10.922921087915654,44766.79703160772
2060,ury,0.14765432313434798,2.555241,Fisheries & Mariculture,Market,-12.802362703769155,46939.968453928326
2065,ury,0.1490235335857758,2.457471,Fisheries & Mariculture,Market,-13.90282547604723,49155.63957431861
2070,ury,0.15033634547366925,2.368143381710179,Fisheries & Mariculture,Market,-15.67349171627535,51349.86818182846
2075,ury,0.1515910184285427,2.2865933280804724,Fisheries & Mariculture,Market,-16.54343848933342,53510.91174225861
2080,ury,0.15278587681137643,2.2122260980487596,Fisheries & Mariculture,Market,-18.008992705957443,55626.79123069753
2085,ury,0.1539193134215343,2.144509793995646,Fisheries & Mariculture,Market,-18.846413947012707,57685.399585154075
2090,ury,0.15498979308040758,2.082969007072136,Fisheries & Mariculture,Market,-20.074053321351776,59674.61573176824
2095,ury,0.1559958560796607,2.0271792338667867,Fisheries & Mariculture,Market,-21.079357781937258,61582.422702470314
2100,ury,0.15693612148329594,1.976761972284865,Fisheries & Mariculture,Market,-22.0949683058262,63397.02824744677
2030,usa,30.497112514304206,392.274604,Fisheries & Mariculture,Market,-48.73129639053338,61710.44323700841
2035,usa,32.03182948179051,397.0025,Fisheries & Mariculture,Market,-120.11068405667784,63954.691973892455
2040,usa,33.53813929191153,401.171601,Fisheries & Mariculture,Market,-192.2890752820021,66173.73032647757
2045,usa,35.00865608375228,404.260551,Fisheries & Mariculture,Market,-266.90842383046,68451.50265458516
2050,usa,36.446788716196615,406.044541,Fisheries & Mariculture,Market,-349.33142092224455,70850.95804770051
2055,usa,37.8585432739446,406.64523,Fisheries & Mariculture,Market,-415.4829464258438,73383.55041980675
2060,usa,39.245948839665196,406.411009,Fisheries & Mariculture,Market,-498.9150289727301,76009.76410618977
2065,usa,40.591879955632464,405.502667,Fisheries & Mariculture,Market,-555.2328753139549,78681.7695010012
2070,usa,41.914365004612684,404.64167076559255,Fisheries & Mariculture,Market,-640.6966514442157,81303.40690531494
2075,usa,43.2080644757752,403.82772204193503,Fisheries & Mariculture,Market,-691.3610616723341,83863.32329930857
2080,usa,44.467603820200644,403.0605390137047,Fisheries & Mariculture,Market,-768.4891357794746,86350.10929547789
2085,usa,45.687609113050115,402.33985614238264,Fisheries & Mariculture,Market,-820.2039058179804,88752.38067197207
2090,usa,46.86274393340998,401.66542401299597,Fisheries & Mariculture,Market,-889.9128588907961,91058.86249458377
2095,usa,47.98774712413636,401.0370091901948,Fisheries & Mariculture,Market,-950.7415370995728,93258.47499344779
2100,usa,49.057471071879796,400.4543940835474,Fisheries & Mariculture,Market,-1012.6594440700986,95340.42030940068
2030,vnm,3.946396500115882,105.995262,Fisheries & Mariculture,Market,-16.531488671978515,25643.680167546314
2035,vnm,4.244315603336698,104.556598,Fisheries & Mariculture,Market,-41.7224276500476,28004.788901794192
2040,vnm,4.508951862653056,102.768093,Fisheries & Mariculture,Market,-67.77245988716477,30318.115954031866
2045,vnm,4.741239004907522,100.772993,Fisheries & Mariculture,Market,-94.76341290856053,32564.18968717245
2050,vnm,4.951124232995528,98.686986,Fisheries & Mariculture,Market,-124.40682556974619,34781.07878387077
2055,vnm,5.1498348591934375,96.590101,Fisheries & Mariculture,Market,-148.16465356776752,37022.45123268048
2060,vnm,5.3465500207681185,94.53687999999991,Fisheries & Mariculture,Market,-178.18346128807295,39335.17530785058
2065,vnm,5.545433838235214,92.5310300000001,Fisheries & Mariculture,Market,-198.85363718645982,41750.33323018977
2070,vnm,5.741401741766758,90.66590394338381,Fisheries & Mariculture,Market,-230.0750385264851,44186.30769879641
2075,vnm,5.933616291788995,88.93455864108128,Fisheries & Mariculture,Market,-248.89809093785274,46629.79437674667
2080,vnm,6.121229840091208,87.33062399903824,Fisheries & Mariculture,Market,-277.32862267911315,49066.65078475042
2085,vnm,6.303390456333371,85.84826382680954,Fisheries & Mariculture,Market,-296.66042528053805,51482.01709086726
2090,vnm,6.479248114833471,84.48214030974677,Fisheries & Mariculture,Market,-322.556934299882,53860.45428935315
2095,vnm,6.6479610822745965,83.22738184090156,Fisheries & Mariculture,Market,-345.2888692334851,56186.09825403844
2100,vnm,6.808702442148115,82.0795539401647,Fisheries & Mariculture,Market,-368.45513989589995,58442.827741061024
2030,yem,0.5937670836535153,60.928096,Fisheries & Mariculture,Market,-1.3126099224265846,9193.28567779296
2035,yem,0.7392475494688953,62.438104,Fisheries & Mariculture,Market,-3.834953583335344,11118.16071755204
2040,yem,0.9024271948959636,63.49724,Fisheries & Mariculture,Market,-7.158106291051284,13284.999416940238
2045,yem,1.081364634186225,64.221574,Fisheries & Mariculture,Market,-11.405893838451721,15667.42902726121
2050,yem,1.2745559319983288,64.718744,Fisheries & Mariculture,Market,-16.900813197173324,18240.150274412114
2055,yem,1.4813497023245576,64.9957859999999,Fisheries & Mariculture,Market,-22.491437836572697,21011.43650132678
2060,yem,1.701437281860599,65.020098,Fisheries & Mariculture,Market,-29.923887940194025,24011.872484961106
2065,yem,1.93465901717319,64.758694,Fisheries & Mariculture,Market,-36.61092998261927,27285.31134667578
2070,yem,2.186589729596146,64.51135859050774,Fisheries & Mariculture,Market,-46.24099694160249,30811.224465716485
2075,yem,2.45634062252115,64.27793577310607,Fisheries & Mariculture,Market,-54.374968186120284,34574.038995457624
2080,yem,2.7425346681783727,64.05827856658496,Fisheries & Mariculture,Market,-65.57170138353311,38551.04478486436
2085,yem,3.043277434914058,63.85224885250585,Fisheries & Mariculture,Market,-75.5849393882006,42712.0702873389
2090,yem,3.3561416462378597,63.65971723029451,Fisheries & Mariculture,Market,-88.17193500950287,47019.378355127024
2095,yem,3.6781679888628136,63.48056288164977,Fisheries & Mariculture,Market,-100.81705078220283,51427.81600346601
2100,yem,4.005884252448636,63.314673444068724,Fisheries & Mariculture,Market,-114.40025146288403,55885.24425877946
2030,zaf,2.163837042343466,67.836628,Fisheries & Mariculture,Market,-1.7110101249124248,26732.78347120928
2035,zaf,2.4565394890028807,67.030147,Fisheries & Mariculture,Market,-4.558295038219236,30638.943435828896
2040,zaf,2.7623932536892326,65.99224000000001,Fisheries & Mariculture,Market,-7.8375430057497955,34909.7352485127
2045,zaf,3.080704809865943,64.739926,Fisheries & Mariculture,Market,-11.622932438104218,39587.939488729295
2050,zaf,3.4120478152854896,63.382743,Fisheries & Mariculture,Market,-16.183493406229374,44674.27776789279
2055,zaf,3.7547869172505157,61.938108,Fisheries & Mariculture,Market,-20.391697737989883,50184.15595711906
2060,zaf,4.104418474301271,60.409942,Fisheries & Mariculture,Market,-25.820352814649056,56105.52313241059
2065,zaf,4.457868708331205,58.8106079999999,Fisheries & Mariculture,Market,-30.174637834431845,62438.78832930494
2070,zaf,4.822561784998416,57.33146546600568,Fisheries & Mariculture,Market,-36.479270837774344,69117.0813583421
2075,zaf,5.1963253381018815,55.965416384371856,Fisheries & Mariculture,Market,-41.144825335622485,76101.33854728621
2080,zaf,5.57668276403087,54.705999776083516,Fisheries & Mariculture,Market,-47.69235080041385,83342.98128251609
2085,zaf,5.960869676822305,53.54734062099427,Fisheries & Mariculture,Market,-52.95559034084579,90784.0160277032
2090,zaf,6.345857975801754,52.48410401254732,Fisheries & Mariculture,Market,-59.63330803659942,98357.41505057435
2095,zaf,6.728387559590059,51.51145404038271,Fisheries & Mariculture,Market,-65.96626440834294,105987.7939202605
2100,zaf,7.10500549270443,50.625016955348805,Fisheries & Mariculture,Market,-72.57740972581641,113592.39159167255
2030,arg,1.4889686030591325,51.493465,Fisheries & Mariculture,Non-market Use,-2.5305796230040634,24103.14498500699
2035,arg,1.6530320225681578,51.364513,Fisheries & Mariculture,Non-market Use,-6.429249976908819,26763.263070144094
2040,arg,1.823109261490409,51.0831,Fisheries & Mariculture,Non-market Use,-10.584985889285006,29609.747714383535
2045,arg,1.9978871978169592,50.65586,Fisheries & Mariculture,Non-market Use,-15.081568001039766,32644.97946143025
2050,arg,2.1773518621647354,50.092879,Fisheries & Mariculture,Non-market Use,-20.23417040636694,35892.293167351854
2055,arg,2.3614823004591243,49.413354,Fisheries & Mariculture,Non-market Use,-24.648205302089092,39369.50594510582
2060,arg,2.549105084521938,48.6379,Fisheries & Mariculture,Non-market Use,-30.296364892550397,43072.6016239822
2065,arg,2.7386975515981447,47.798229,Fisheries & Mariculture,Non-market Use,-34.51471975930425,46977.1397207814
2070,arg,2.932206484246329,47.01431260135766,Fisheries & Mariculture,Non-market Use,-40.811616347036875,51013.18231847628
2075,arg,3.1284839300960874,46.283834941165395,Fisheries & Mariculture,Non-market Use,-45.16251136933408,55154.85229202947
2080,arg,3.3262656698914297,45.604658519618596,Fisheries & Mariculture,Non-market Use,-51.5097013972205,59372.528414763954
2085,arg,3.524181375551364,44.974813740566425,Fisheries & Mariculture,Non-market Use,-56.42603719868046,63633.07042579051
2090,arg,3.7207674967371362,44.392489357291936,Fisheries & Mariculture,Non-market Use,-62.83892123158692,67900.14505111171
2095,arg,3.9144827913260802,43.85602375841146,Fisheries & Mariculture,Non-market Use,-68.89242728137103,72134.65248483671
2100,arg,4.103726340074535,43.363897034983594,Fisheries & Mariculture,Non-market Use,-75.26471632400401,76295.24953885231
2030,aus,2.539893488378035,33.290315,Fisheries & Mariculture,Non-market Use,-3.7591653368489686,58814.88203595549
2035,aus,2.75220907467629,33.85498,Fisheries & Mariculture,Non-market Use,-9.737003620059083,62617.940845988735
2040,aus,2.9613379209999398,34.32925299999999,Fisheries & Mariculture,Non-market Use,-16.34492848543511,66391.66263704035
2045,aus,3.1638926693614557,34.697285,Fisheries & Mariculture,Non-market Use,-23.736568219219713,70123.87481842496
2050,aus,3.3571881248185558,34.930598,Fisheries & Mariculture,Non-market Use,-32.420601187103465,73851.40439979927
2055,aus,3.5403060741582193,35.02683,Fisheries & Mariculture,Non-market Use,-40.146476666034985,77602.95117981447
2060,aus,3.7135242961675776,35.013541,Fisheries & Mariculture,Non-market Use,-50.11380448313934,81364.9523600343
2065,aus,3.876094331336857,34.921482,Fisheries & Mariculture,Non-market Use,-57.94164816571198,85081.94390119465
2070,aus,4.037296979935233,34.83425589293856,Fisheries & Mariculture,Non-market Use,-69.48097039333625,88770.40466684739
2075,aus,4.196366670532069,34.751827038144256,Fisheries & Mariculture,Non-market Use,-77.91696408608823,92411.88968896322
2080,aus,4.352518323081721,34.67416178062263,Fisheries & Mariculture,Non-market Use,-89.98941488429794,95987.44660203859
2085,aus,4.50495336869886,34.60122842813795,Fisheries & Mariculture,Non-market Use,-99.74871915045698,99477.7689354704
2090,aus,4.652866180594523,34.53299722964536,Fisheries & Mariculture,Non-market Use,-112.32052586911361,102863.36041729419
2095,aus,4.795450849712881,34.4694403550529,Fisheries & Mariculture,Non-market Use,-124.41767976235909,106124.70849261219
2100,aus,4.931908230417701,34.41053187629407,Fisheries & Mariculture,Non-market Use,-137.23350096017836,109242.46502984481
2030,bel,0.6765402278042738,12.600789,Fisheries & Mariculture,Non-market Use,-1.5762839348286246,40432.71435898548
2035,bel,0.7081084633198612,12.667786,Fisheries & Mariculture,Non-market Use,-4.036144210885733,42082.0393056761
2040,bel,0.7384202124695889,12.727955,Fisheries & Mariculture,Non-market Use,-6.713368549736231,43661.96826785581
2045,bel,0.766965005293993,12.7667,Fisheries & Mariculture,Non-market Use,-9.675296363365092,45197.65157317116
2050,bel,0.793619698969754,12.771939,Fisheries & Mariculture,Non-market Use,-13.132126752916006,46734.23550421227
2055,bel,0.8184630476280641,12.742309,Fisheries & Mariculture,Non-market Use,-16.179232716009317,48293.758177053634
2060,bel,0.8414592539365636,12.686045,Fisheries & Mariculture,Non-market Use,-20.11457101564013,49854.845837939174
2065,bel,0.8619926037786485,12.607799,Fisheries & Mariculture,Non-market Use,-23.173980766899223,51371.85258186509
2070,bel,0.8819752896083897,12.533923781322603,Fisheries & Mariculture,Non-market Use,-27.69552320792037,52855.56484401377
2075,bel,0.9013451121874294,12.464346820167725,Fisheries & Mariculture,Non-market Use,-30.95901198829211,54300.430647175854
2080,bel,0.9200405977571136,12.399000016723686,Fisheries & Mariculture,Non-market Use,-35.64801111381142,55700.91343297381
2085,bel,0.9380013157591209,12.337819583874296,Fisheries & Mariculture,Non-market Use,-39.40192250490529,57051.52652323698
2090,bel,0.9551681979450791,12.280745943242415,Fisheries & Mariculture,Non-market Use,-44.24995042132881,58346.868192055575
2095,bel,0.971483856572969,12.227723628332413,Fisheries & Mariculture,Non-market Use,-48.8941237157836,59581.65704294556
2100,bel,0.9868928993397564,12.178701194550676,Fisheries & Mariculture,Non-market Use,-53.806274082789194,60750.76737366617
2030,ben,0.3546032204564866,29.437378,Fisheries & Mariculture,Non-market Use,-29.604505202414558,9952.837501508715
2035,ben,0.43888464192022947,30.944002,Fisheries & Mariculture,Non-market Use,-79.26188742829689,11693.138027174873
2040,ben,0.5375190603434936,32.301941,Fisheries & Mariculture,Non-market Use,-136.97220601117263,13689.077013005093
2045,ben,0.6511480792573454,33.43675099999999,Fisheries & Mariculture,Non-market Use,-203.71906156758206,15985.060330091781
2050,ben,0.7800873326169679,34.368729,Fisheries & Mariculture,Non-market Use,-284.09505491773785,18590.279801661047
2055,ben,0.9254355764074088,35.0773519999999,Fisheries & Mariculture,Non-market Use,-358.06227155666386,21561.106987471805
2060,ben,1.0868461698113883,35.614166,Fisheries & Mariculture,Non-market Use,-453.9722203437142,24885.155260821124
2065,ben,1.2642133714786812,36.006835,Fisheries & Mariculture,Non-market Use,-532.0694046648214,28567.468881977966
2070,ben,1.4602102793447116,36.38398350596205,Fisheries & Mariculture,Non-market Use,-646.3306376129028,32582.217925014047
2075,ben,1.6746785973628167,36.745024564100895,Fisheries & Mariculture,Non-market Use,-733.7330504370553,36918.61865546069
2080,ben,1.9069820318720563,37.08939138832969,Fisheries & Mariculture,Non-market Use,-857.2753242062529,41557.0102673233
2085,ben,2.155949052978017,37.41653883245772,Fisheries & Mariculture,Non-market Use,-960.6486587630059,46468.111309022184
2090,ben,2.4198281518000164,37.725944818971676,Fisheries & Mariculture,Non-market Use,-1092.823785380277,51612.52613143896
2095,ben,2.696259823369962,38.017111719195725,Fisheries & Mariculture,Non-market Use,-1222.1151959587155,56940.56161005348
2100,ben,2.9822692399089616,38.28956767975598,Fisheries & Mariculture,Non-market Use,-1359.9858179647374,62392.40719279429
2030,bgd,5.431266203943127,198.396591,Fisheries & Mariculture,Non-market Use,-75.253872506589,19377.9804637818
2035,bgd,6.08302615019111,196.092233,Fisheries & Mariculture,Non-market Use,-189.44549703824225,21980.76748357563
2040,bgd,6.733893590787288,193.032804,Fisheries & Mariculture,Non-market Use,-308.7243718339873,24743.445400347304
2045,bgd,7.356824065678982,189.393574,Fisheries & Mariculture,Non-market Use,-435.2199562767596,27579.80600023973
2050,bgd,7.9402226954069155,185.262633,Fisheries & Mariculture,Non-market Use,-577.5957648973196,30461.516001319338
2055,bgd,8.492422097392724,180.753927,Fisheries & Mariculture,Non-market Use,-695.9138318595742,33426.47900131908
2060,bgd,9.02377072078885,176.005054,Fisheries & Mariculture,Non-market Use,-846.1894449868508,36513.15908297484
2065,bgd,9.541193178411053,171.297294,Fisheries & Mariculture,Non-market Use,-954.7063386001804,39707.992565998
2070,bgd,10.060930036426056,166.94454841712957,Fisheries & Mariculture,Non-market Use,-1118.5430510947474,43006.13739144765
2075,bgd,10.58013383446557,162.92567870597568,Fisheries & Mariculture,Non-market Use,-1227.0578673449922,46387.881163981736
2080,bgd,11.095798423803018,159.22145130232897,Fisheries & Mariculture,Non-market Use,-1388.0597466868849,49830.79478300435
2085,bgd,11.604784342649396,155.81438377762913,Fisheries & Mariculture,Non-market Use,-1508.8444909755774,53309.89670475275
2090,bgd,12.103847557507795,152.68860681823722,Fisheries & Mariculture,Non-market Use,-1668.2172655845698,56797.885163595696
2095,bgd,12.589671269187816,149.82974049872666,Fisheries & Mariculture,Non-market Use,-1816.6322426074612,60265.4377186935
2100,bgd,13.058900403294526,147.22478349314724,Fisheries & Mariculture,Non-market Use,-1972.2901535257622,63681.57542492825
2030,bgr,0.2432983417465248,5.042848,Fisheries & Mariculture,Non-market Use,-1.6284551665229823,37189.02630374041
2035,bgr,0.25309585502527876,4.881818,Fisheries & Mariculture,Non-market Use,-4.015233071910606,39930.62027286311
2040,bgr,0.26240087605097756,4.729388,Fisheries & Mariculture,Non-market Use,-6.439468484088838,42698.609717768275
2045,bgr,0.27181844625241114,4.592736,Fisheries & Mariculture,Non-market Use,-8.9850463953656,45510.47332907144
2050,bgr,0.2818044973223637,4.473836,Fisheries & Mariculture,Non-market Use,-11.874668886773062,48397.396183480014
2055,bgr,0.2928128103324278,4.373131000000001,Fisheries & Mariculture,Non-market Use,-14.333937115648641,51404.562724540345
2060,bgr,0.30489141582256646,4.28454300000001,Fisheries & Mariculture,Non-market Use,-17.536876817724345,54587.65507158179
2065,bgr,0.31757793023641806,4.196335,Fisheries & Mariculture,Non-market Use,-19.911076248710994,58007.38547062415
2070,bgr,0.33013160981334555,4.114262582522562,Fisheries & Mariculture,Non-market Use,-23.46809021290714,61453.600120238174
2075,bgr,0.34249469151428175,4.03803046477015,Fisheries & Mariculture,Non-market Use,-25.891092553253188,64906.06704329566
2080,bgr,0.35460819839841257,3.967367478647474,Fisheries & Mariculture,Non-market Use,-29.44518527947153,68343.29503997447
2085,bgr,0.36641237991822134,3.9020249577659567,Fisheries & Mariculture,Non-market Use,-32.16860726098492,71742.7321323715
2090,bgr,0.3778471785826207,3.8417752734691732,Fisheries & Mariculture,Non-market Use,-35.73413031356181,75080.99208594917
2095,bgr,0.38885271825999174,3.786410507769414,Fisheries & Mariculture,Non-market Use,-39.08426668621256,78334.10629260408
2100,bgr,0.3993698088810739,3.7357412523213807,Fisheries & Mariculture,Non-market Use,-42.60611654429062,81477.79759172372
2030,bhs,0.020906657093800823,0.445260999999999,Fisheries & Mariculture,Non-market Use,-0.15248609529234694,39164.98519831732
2035,bhs,0.02234354837628066,0.442368,Fisheries & Mariculture,Non-market Use,-0.38585891320434607,42031.190573617576
2040,bhs,0.0238225682479904,0.438442999999999,Fisheries & Mariculture,Non-market Use,-0.633102277000934,45107.783690214404
2045,bhs,0.025328320624502392,0.433284,Fisheries & Mariculture,Non-market Use,-0.8989533431548031,48415.024616195544
2050,bhs,0.026849852072616864,0.426799,Fisheries & Mariculture,Non-market Use,-1.201380282266542,51979.588241288606
2055,bhs,0.028361962036230825,0.419049,Fisheries & Mariculture,Non-market Use,-1.4566441673816513,55789.343626982096
2060,bhs,0.029862505787165296,0.4103,Fisheries & Mariculture,Non-market Use,-1.7810041049530634,59850.461997013634
2065,bhs,0.031356845145867736,0.400918,Fisheries & Mariculture,Non-market Use,-2.0174175624209743,64162.32448077558
2070,bhs,0.0328475063713577,0.39220890411357545,Fisheries & Mariculture,Non-market Use,-2.372568990475055,68540.33955733053
2075,bhs,0.03432684604098251,0.38413741119484723,Fisheries & Mariculture,Non-market Use,-2.612059401648939,72956.51795953912
2080,bhs,0.03578692323092229,0.37667121423395145,Fisheries & Mariculture,Non-market Use,-2.9647627969784356,77380.53328951352
2085,bhs,0.03721956410284305,0.3697807841448597,Fisheries & Mariculture,Non-market Use,-3.2329740047059357,81780.01575707347
2090,bhs,0.03861643263630678,0.36343917437728646,Fisheries & Mariculture,Non-market Use,-3.5850783791926517,86120.90314315366
2095,bhs,0.03996910675262763,0.35762184453618145,Fisheries & Mariculture,Non-market Use,-3.9148395574800317,90367.8448819922
2100,bhs,0.04126915894368975,0.3523065013859621,Fisheries & Mariculture,Non-market Use,-4.261195682466373,94484.65351995622
2030,blz,0.017138658141188146,0.591210999999999,Fisheries & Mariculture,Non-market Use,-0.26722539710050475,25170.84007601416
2035,blz,0.02025287439479687,0.599851999999999,Fisheries & Mariculture,Non-market Use,-0.6905713926374983,29225.16403332586
2040,blz,0.023663988067132453,0.605154,Fisheries & Mariculture,Non-market Use,-1.153310595791517,33742.9636927717
2045,blz,0.027305697098040805,0.607607,Fisheries & Mariculture,Non-market Use,-1.6638221719671564,38657.54421786719
2050,blz,0.03113980471033504,0.607429999999999,Fisheries & Mariculture,Non-market Use,-2.2566956033512238,43960.40847613287
2055,blz,0.03513754542983736,0.604987000000001,Fisheries & Mariculture,Non-market Use,-2.775583820086097,49647.967810435126
2060,blz,0.03928703581475631,0.600637,Fisheries & Mariculture,Non-market Use,-3.441082811100909,55736.92403833945
2065,blz,0.043569790511193994,0.594581,Fisheries & Mariculture,Non-market Use,-3.9488524643463863,62245.167725053914
2070,blz,0.04808193516684422,0.5888858073808309,Fisheries & Mariculture,Non-market Use,-4.701669824136542,69135.81124038399
2075,blz,0.05279928826923946,0.5835420420041584,Fisheries & Mariculture,Non-market Use,-5.237068249556784,76370.34504907388
2080,blz,0.057691676708504495,0.5785409498046759,Fisheries & Mariculture,Non-market Use,-6.010093984716875,83899.63945462562
2085,blz,0.06272294046754655,0.5738743788248434,Fisheries & Mariculture,Non-market Use,-6.622078858199849,91663.9072150623
2090,blz,0.06785110098457522,0.5695347570089673,Fisheries & Mariculture,Non-market Use,-7.4149254605130075,99592.98127734939
2095,blz,0.07302870552412943,0.565515071671713,Fisheries & Mariculture,Non-market Use,-8.170596280910534,107606.93336411775
2100,blz,0.07820335452212006,0.5618088505629093,Fisheries & Mariculture,Non-market Use,-8.968483971623908,115617.04776277348
2030,bra,8.683643794732223,219.98681,Fisheries & Mariculture,Non-market Use,-7.021865807575358,32711.538726502422
2035,bra,9.736283529240387,215.662394,Fisheries & Mariculture,Non-market Use,-17.533134014727192,37328.75592121326
2040,bra,10.81008624586627,210.670582,Fisheries & Mariculture,Non-market Use,-28.353385782366512,42332.79313392043
2045,bra,11.876980385685131,205.115032,Fisheries & Mariculture,Non-market Use,-39.66452759129478,47663.39358409413
2050,bra,12.937228299714956,199.309975,Fisheries & Mariculture,Non-market Use,-52.29093873914392,53310.305653847274
2055,bra,13.989430782526474,193.427095,Fisheries & Mariculture,Non-market Use,-62.66806311731646,59265.51321241279
2060,bra,15.033500383780359,187.625721,Fisheries & Mariculture,Non-market Use,-75.90949021002628,65509.63643229593
2065,bra,16.069087302119286,182.011177,Fisheries & Mariculture,Non-market Use,-85.36475482089827,72018.90480925808
2070,bra,17.120664736925555,176.83697024148006,Fisheries & Mariculture,Non-market Use,-99.70450083347278,78797.89089469322
2075,bra,18.18209037859181,172.074440613558,Fisheries & Mariculture,Non-market Use,-109.05688971421834,85803.67949796314
2080,bra,19.246697043302742,167.6976334998618,Fisheries & Mariculture,Non-market Use,-123.02539028550534,92985.8611103535
2085,bra,20.307348371094957,163.68306348478015,Fisheries & Mariculture,Non-market Use,-133.3834404901696,100286.8579149938
2090,bra,21.35650644052634,160.00950360280336,Fisheries & Mariculture,Non-market Use,-147.11365745458613,107642.46049560749
2095,bra,22.386310723537115,156.65779747463733,Fisheries & Mariculture,Non-market Use,-159.8388118655694,114982.57781246149
2100,bra,23.388667490968032,153.61069199296466,Fisheries & Mariculture,Non-market Use,-173.16996272557523,122232.19572083319
2030,brb,0.0107337268311372,0.274003999999999,Fisheries & Mariculture,Non-market Use,-0.21892642786000974,34151.93748244334
2035,brb,0.011900591666986203,0.27208,Fisheries & Mariculture,Non-market Use,-0.5536906044217015,38011.29378758829
2040,brb,0.013127088318563742,0.270097,Fisheries & Mariculture,Non-market Use,-0.9099262565070044,42102.11992443791
2045,brb,0.01440287057178443,0.267976,Fisheries & Mariculture,Non-market Use,-1.2971377599137286,46410.75588963448
2050,brb,0.015723329658555676,0.265513,Fisheries & Mariculture,Non-market Use,-1.7436872749950025,50971.79397255268
2055,brb,0.017085737940618618,0.262778,Fisheries & Mariculture,Non-market Use,-2.1310977487570693,55784.96189491746
2060,brb,0.018486991553747615,0.25977,Fisheries & Mariculture,Non-market Use,-2.6307410384147483,60862.0176079344
2065,brb,0.019915615605957063,0.256305,Fisheries & Mariculture,Non-market Use,-3.0090057823726943,66236.57975565802
2070,brb,0.021377688600212733,0.25305715774050125,Fisheries & Mariculture,Non-market Use,-3.5714594910234054,71777.92991083991
2075,brb,0.022864496879618525,0.25001924440788487,Fisheries & Mariculture,Non-market Use,-3.9663915487897423,77449.74231800878
2080,brb,0.024366366698490106,0.24718454763923445,Fisheries & Mariculture,Non-market Use,-4.539150057269193,83210.77039519764
2085,brb,0.025872739541435957,0.2445468467266735,Fisheries & Mariculture,Non-market Use,-4.988220497126113,89015.18201440925
2090,brb,0.02737227035603542,0.24210038979195841,Fisheries & Mariculture,Non-market Use,-5.571704923231231,94813.02805939192
2095,brb,0.028852948192467892,0.23983987281370692,Fisheries & Mariculture,Non-market Use,-6.125436134597606,100550.84258939647
2100,brb,0.030302238098253678,0.23776042039986134,Fisheries & Mariculture,Non-market Use,-6.709282559975657,106172.36858932246
2030,can,3.37429482437884,43.765387,Fisheries & Mariculture,Non-market Use,-7.074262004484881,60247.54228107286
2035,can,3.6167334109792457,44.224157,Fisheries & Mariculture,Non-market Use,-18.207032922438955,63837.26621500044
2040,can,3.851119798345425,44.601111,Fisheries & Mariculture,Non-market Use,-30.39773277754236,67326.87412002232
2045,can,4.072555277286605,44.84643800000001,Fisheries & Mariculture,Non-market Use,-43.91645087075082,70731.90872728595
2050,can,4.279726613592906,44.926913,Fisheries & Mariculture,Non-market Use,-59.68957219068312,74116.43591353846
2055,can,4.472702924854325,44.839693,Fisheries & Mariculture,Non-market Use,-73.56751341979708,77524.81220170038
2060,can,4.651916196008317,44.615118,Fisheries & Mariculture,Non-market Use,-91.4071631143858,80948.88013901145
2065,can,4.81578536218379,44.29047600000001,Fisheries & Mariculture,Non-market Use,-105.19264392691393,84322.79196804437
2070,can,4.97694492817841,43.98431024528629,Fisheries & Mariculture,Non-market Use,-125.5839005312802,87655.6534925644
2075,can,5.134731741828125,43.69626351184528,Fisheries & Mariculture,Non-market Use,-140.24117016064153,90931.53091863204
2080,can,5.288477112030965,43.42600095146921,Fisheries & Mariculture,Non-market Use,-161.32888745774378,94134.2100219193
2085,can,5.437511324716086,43.17320944163371,Fisheries & Mariculture,Non-market Use,-178.15868125954987,97247.32347798035
2090,can,5.5811683269019,42.93759697962783,Fisheries & Mariculture,Non-market Use,-199.9122623967388,100254.48489191427
2095,can,5.718790535263995,42.71889211929188,Fisheries & Mariculture,Non-market Use,-220.72152663086914,103139.42807415643
2100,can,5.84973372256335,42.51684344883887,Fisheries & Mariculture,Non-market Use,-242.72058811834282,105886.14997405781
2030,chl,0.6975092855729619,19.854625,Fisheries & Mariculture,Non-market Use,-3.0296108252188834,27584.58573435905
2035,chl,0.752019406065366,19.514107,Fisheries & Mariculture,Non-market Use,-7.584083119566005,30223.629274789608
2040,chl,0.8044774452241371,19.111552,Fisheries & Mariculture,Non-market Use,-12.296068107640512,32974.00093381834
2045,chl,0.8527629190045213,18.652049,Fisheries & Mariculture,Non-market Use,-17.242515155125584,35771.929507796405
2050,chl,0.8957608632152443,18.14083,Fisheries & Mariculture,Non-market Use,-22.752222645707743,38588.84734138701
2055,chl,0.9330061394206826,17.592384,Fisheries & Mariculture,Non-market Use,-27.24726593396783,41397.33108425735
2060,chl,0.9645261087052853,17.030712,Fisheries & Mariculture,Non-market Use,-32.93864860506435,44154.88641024762
2065,chl,0.9907311873357786,16.482444,Fisheries & Mariculture,Non-market Use,-36.954847950449036,46807.587112948204
2070,chl,1.01630237614023,15.97835721979713,Fisheries & Mariculture,Non-market Use,-43.06684882980928,49471.68136605695
2075,chl,1.0411529790372063,15.51540653631629,Fisheries & Mariculture,Non-market Use,-47.00771837462276,52131.52814086192
2080,chl,1.0651968811363066,15.090843501357734,Fisheries & Mariculture,Non-market Use,-52.923749406248675,54770.66794543316
2085,chl,1.08834903245721,14.702189094669281,Fisheries & Mariculture,Non-market Use,-57.27293593533115,57371.97995507879
2090,chl,1.1105259375577206,14.347209522592841,Fisheries & Mariculture,Non-market Use,-63.058542311500666,59917.857265656865
2095,chl,1.1316461472405628,14.023894730505873,Fisheries & Mariculture,Non-market Use,-68.40189618491996,62390.397975910135
2100,chl,1.1516307483848403,13.730439338537044,Fisheries & Mariculture,Non-market Use,-73.99541721860008,64771.60935928556
2030,chn,60.882906835826795,1146.749636,Fisheries & Mariculture,Non-market Use,-391.72671864782967,30524.87998773806
2035,chn,63.27248731758661,1091.65903,Fisheries & Mariculture,Non-market Use,-949.7971066379303,33529.5100896665
2040,chn,65.05110143821298,1038.70914,Fisheries & Mariculture,Non-market Use,-1496.076101065016,36451.53219971716
2045,chn,66.35896166699999,986.647114,Fisheries & Mariculture,Non-market Use,-2041.8571122182584,39385.14530505794
2050,chn,67.32197501184746,935.604942999999,Fisheries & Mariculture,Non-market Use,-2626.93067370552,42391.88683171695
2055,chn,68.10119633613381,887.408687000001,Fisheries & Mariculture,Non-market Use,-3076.8855258413323,45483.869315166194
2060,chn,68.73471037814025,842.783736000001,Fisheries & Mariculture,Non-market Use,-3649.0393522617023,48627.13275308133
2065,chn,69.093767985319,800.2158090000011,Fisheries & Mariculture,Non-market Use,-4016.487007750715,51787.79658211562
2070,chn,69.43665458110044,761.8188272449213,Fisheries & Mariculture,Non-market Use,-4596.762859749354,54991.371472581865
2075,chn,69.76310657335446,727.1881833962738,Fisheries & Mariculture,Non-market Use,-4932.217893852131,58221.477221564135
2080,chn,70.07287187070006,695.9682412494976,Fisheries & Mariculture,Non-market Use,-5464.066041725783,61460.57616277974
2085,chn,70.36571020595885,667.8462697188777,Fisheries & Mariculture,Non-market Use,-5824.161048916507,64690.11725904805
2090,chn,70.64139344585674,642.5472249797639,Fisheries & Mariculture,Non-market Use,-6322.239843837465,67890.70233593373
2095,chn,70.89970588641593,619.829258864559,Fisheries & Mariculture,Non-market Use,-6768.010124702249,71042.27260301814
2100,chn,71.14044453350388,599.4798506048857,Fisheries & Mariculture,Non-market Use,-7232.432823783872,74124.3131120858
2030,cmr,0.6410113846746914,55.413945,Fisheries & Mariculture,Non-market Use,-108.94800785801193,8665.721405626438
2035,cmr,0.788362028826672,57.53636400000001,Fisheries & Mariculture,Non-market Use,-288.1189905064354,10262.423419127193
2040,cmr,0.958596084712545,59.190071,Fisheries & Mariculture,Non-market Use,-490.6753417333455,12127.241039752646
2045,cmr,1.1522802825389769,60.455876,Fisheries & Mariculture,Non-market Use,-720.0914530309817,14269.323636471756
2050,cmr,1.370404226516214,61.305912,Fisheries & Mariculture,Non-market Use,-990.7044231291927,16731.645142168967
2055,cmr,1.6124462403033915,61.814446,Fisheries & Mariculture,Non-market Use,-1233.568539642934,19520.73176086869
2060,cmr,1.877908360120594,62.043666,Fisheries & Mariculture,Non-market Use,-1546.1281687936682,22645.727328841873
2065,cmr,2.165557532798504,62.014443,Fisheries & Mariculture,Non-market Use,-1791.5037733556321,26121.294035644984
2070,cmr,2.4806819571996543,61.98669422602524,Fisheries & Mariculture,Non-market Use,-2152.7049757161544,29929.459987098046
2075,cmr,2.8226632354329064,61.96041767671833,Fisheries & Mariculture,Non-market Use,-2418.774706645433,34062.72902801225
2080,cmr,3.190171175337501,61.93561145567875,Fisheries & Mariculture,Non-market Use,-2798.6757688244134,38504.96103632742
2085,cmr,3.5810955116998224,61.91227377123478,Fisheries & Mariculture,Non-market Use,-3107.5581600697283,43230.54228593208
2090,cmr,3.992497040827772,61.89040293622782,Fisheries & Mariculture,Non-market Use,-3504.8938209422467,48203.792543570984
2095,cmr,4.420583387622436,61.869997367809226,Fisheries & Mariculture,Non-market Use,-3888.254332521822,53378.67252671271
2100,cmr,4.860714103148443,61.85105558724936,Fisheries & Mariculture,Non-market Use,-4294.796342018594,58698.84894838285
2030,cog,0.11478595316297348,11.621461,Fisheries & Mariculture,Non-market Use,-8.990399991356277,6019.097768469634
2035,cog,0.13927388657322404,12.045011,Fisheries & Mariculture,Non-market Use,-23.73311443035082,7078.930079487318
2040,cog,0.16764700168929966,12.376665,Fisheries & Mariculture,Non-market Use,-40.37077343061648,8330.86017927978
2045,cog,0.20009438362569718,12.622091,Fisheries & Mariculture,Non-market Use,-59.15595988295211,9794.5558061041
2050,cog,0.23659721794316294,12.796559,Fisheries & Mariculture,Non-market Use,-81.36788152156223,11475.510857874187
2055,cog,0.27693255353654445,12.905469,Fisheries & Mariculture,Non-market Use,-101.33632642527385,13378.928266459621
2060,cog,0.3208793207446141,12.950438,Fisheries & Mariculture,Non-market Use,-126.98445503507149,15517.974470353549
2065,cog,0.3685315917636393,12.934565,Fisheries & Mariculture,Non-market Use,-147.02621214980815,17924.561228395618
2070,cog,0.42052403205735983,12.919504132349594,Fisheries & Mariculture,Non-market Use,-176.54277346085638,20568.83966780931
2075,cog,0.47672906449509495,12.905252555670602,Fisheries & Mariculture,Non-market Use,-198.22829748647203,23447.713566277533
2080,cog,0.5369063272478418,12.891807580856332,Fisheries & Mariculture,Non-market Use,-229.21552735802828,26552.297255874746
2085,cog,0.6006930636656899,12.87916667022576,Fisheries & Mariculture,Non-market Use,-254.35971867341237,29867.288372416842
2090,cog,0.6675976290704232,12.867327436725136,Fisheries & Mariculture,Non-market Use,-286.71998767573297,33370.48568605248
2095,cog,0.7369968666243112,12.85628764317667,Fisheries & Mariculture,Non-market Use,-317.91294250075833,37032.49624285298
2100,cog,0.8081380150335865,12.846045201573991,Fisheries & Mariculture,Non-market Use,-350.98048154345446,40816.67287938728
2030,col,2.1991026775271743,57.018611,Fisheries & Mariculture,Non-market Use,-6.284275949097413,30995.67370170845
2035,col,2.4462658401896302,56.394002,Fisheries & Mariculture,Non-market Use,-15.830723955445208,34804.084063777766
2040,col,2.690811240437508,55.57219600000001,Fisheries & Mariculture,Non-market Use,-25.825058914367517,38785.665115142016
2045,col,2.9246453533371297,54.532819,Fisheries & Mariculture,Non-market Use,-36.412078953591404,42888.98325073831
2050,col,3.146550422322223,53.348143,Fisheries & Mariculture,Non-market Use,-48.328068756360814,47090.100610378286
2055,col,3.3575702387353052,52.08693,Fisheries & Mariculture,Non-market Use,-58.26938761330848,51379.88554954595
2060,col,3.559229069298789,50.81842,Fisheries & Mariculture,Non-market Use,-70.99170212092608,55733.06641865997
2065,col,3.753697337280461,49.607447,Fisheries & Mariculture,Non-market Use,-80.33598934956237,60113.319582413504
2070,col,3.948536235036359,48.48443658428588,Fisheries & Mariculture,Non-market Use,-94.39017286841516,64590.86411087553
2075,col,4.142701457045377,47.444616588673966,Fisheries & Mariculture,Non-market Use,-103.82606931218426,69137.20220641028
2080,col,4.3350971605015065,46.48362592364344,Fisheries & Mariculture,Non-market Use,-117.7471882531129,73720.88244836856
2085,col,4.524585124309597,45.59748399423072,Fisheries & Mariculture,Non-market Use,-128.29855956006838,78307.78610084811
2090,col,4.70999498737163,44.78256311537008,Fisheries & Mariculture,Non-market Use,-142.1670303349696,82861.48730144299
2095,col,4.8901354573144324,44.03556365410276,Fisheries & Mariculture,Non-market Use,-155.13740268285306,87343.68373885988
2100,col,5.063806356304529,43.3534916592201,Fisheries & Mariculture,Non-market Use,-168.75549727506674,91714.69222621302
2030,cpv,0.012780234407497206,0.695847999999999,Fisheries & Mariculture,Non-market Use,-0.2812902016816505,12880.828414022677
2035,cpv,0.014040892278292952,0.690381999999999,Fisheries & Mariculture,Non-market Use,-0.7108188363113553,14280.931258386094
2040,cpv,0.015299370696113753,0.681987999999999,Fisheries & Mariculture,Non-market Use,-1.1624174013006567,15771.731926171065
2045,cpv,0.01651099087497314,0.671257,Fisheries & Mariculture,Non-market Use,-1.643909716261111,17314.00283282569
2050,cpv,0.017676531190933594,0.6585960000000001,Fisheries & Mariculture,Non-market Use,-2.188269615437318,18915.642806768352
2055,cpv,0.01882370183181947,0.645025,Fisheries & Mariculture,Non-market Use,-2.6466093830511213,20592.11550080774
2060,cpv,0.01999328970330483,0.631761,Fisheries & Mariculture,Non-market Use,-3.2369862213594858,22357.982345509605
2065,cpv,0.021206155283864197,0.6195200000000001,Fisheries & Mariculture,Non-market Use,-3.6797660494756412,24212.286816521966
2070,cpv,0.022428275575742295,0.6081163725142895,Fisheries & Mariculture,Non-market Use,-4.342229084378332,26119.55608882373
2075,cpv,0.023652798177711067,0.5975117969479715,Fisheries & Mariculture,Non-market Use,-4.795871773872249,28068.51309277041
2080,cpv,0.024872433137063603,0.5876710175702099,Fisheries & Mariculture,Non-market Use,-5.459921869378337,30046.472085261976
2085,cpv,0.02607951485315446,0.5785616475064334,Fisheries & Mariculture,Non-market Use,-5.970794849913107,32039.434365732606
2090,cpv,0.027266073433275816,0.5701539904251247,Fisheries & Mariculture,Non-market Use,-6.638710352970975,34032.21811378993
2095,cpv,0.028423914775670342,0.5624208785398457,Fisheries & Mariculture,Non-market Use,-7.2673486927822974,36008.621795828214
2100,cpv,0.02954470842519177,0.555337525684519,Fisheries & Mariculture,Non-market Use,-7.9285263973292945,37951.61959261715
2030,cri,0.22935917494147057,5.714681,Fisheries & Mariculture,Non-market Use,-0.3404749700403214,33287.80558495974
2035,cri,0.2477531813571447,5.659395000000001,Fisheries & Mariculture,Non-market Use,-0.8588008222111174,36227.00348882983
2040,cri,0.26444808157885424,5.579778,Fisheries & Mariculture,Non-market Use,-1.4017006234149154,39131.510495726456
2045,cri,0.2789683483411859,5.476208000000009,Fisheries & Mariculture,Non-market Use,-1.9766148175749862,41965.83053221795
2050,cri,0.29150864192822673,5.351755,Fisheries & Mariculture,Non-market Use,-2.6207822672532837,44770.45681775918
2055,cri,0.3023171542021886,5.21436,Fisheries & Mariculture,Non-market Use,-3.153314506122375,47545.710941876154
2060,cri,0.31167058085259597,5.071476,Fisheries & Mariculture,Non-market Use,-3.829793780808954,50283.09562261774
2065,cri,0.3196599950837899,4.92783100000001,Fisheries & Mariculture,Non-market Use,-4.3139356127477475,52954.36945696334
2070,cri,0.3274445004469059,4.795233434755651,Fisheries & Mariculture,Non-market Use,-5.046482436296959,55616.511463766685
2075,cri,0.33499888934744376,4.672994824918617,Fisheries & Mariculture,Non-market Use,-5.528016815989169,58254.31043839174
2080,cri,0.34229819284174623,4.560490202914771,Fisheries & Mariculture,Non-market Use,-6.2447730376524495,60852.018797626675
2085,cri,0.3493178147662043,4.457152773701241,Fisheries & Mariculture,Non-market Use,-6.779427259319637,63393.50139880973
2090,cri,0.3560336669157753,4.362469138673943,Fisheries & Mariculture,Non-market Use,-7.486466694340015,65862.39647917866
2095,cri,0.3624223042591582,4.275975026191238,Fisheries & Mariculture,Non-market Use,-8.143342491802178,68242.28658846051
2100,cri,0.3684610591516766,4.197251478803027,Fisheries & Mariculture,Non-market Use,-8.83188535579243,70516.87710486464
2030,cyp,0.07078108555917284,1.466256,Fisheries & Mariculture,Non-market Use,-0.29887663468565856,41132.09898200931
2035,cyp,0.07603173141074042,1.465152,Fisheries & Mariculture,Non-market Use,-0.7606661519530087,44094.79833403974
2040,cyp,0.080991919127572,1.456386,Fisheries & Mariculture,Non-market Use,-1.251710243137611,47123.631204966085
2045,cyp,0.08557609024520049,1.439871,Fisheries & Mariculture,Non-market Use,-1.7780937712162705,50222.40060280828
2050,cyp,0.08987310806148444,1.417,Fisheries & Mariculture,Non-market Use,-2.374070069408018,53446.61788119103
2055,cyp,0.09408934106153331,1.390674,Fisheries & Mariculture,Non-market Use,-2.8772697294260463,56854.35585598352
2060,cyp,0.09841206313752839,1.363848,Fisheries & Mariculture,Non-market Use,-3.523675855141978,60466.657381998346
2065,cyp,0.10282805495590391,1.336744,Fisheries & Mariculture,Non-market Use,-4.003640385380116,64280.3908532477
2070,cyp,0.10721149579803577,1.3115069105976618,Fisheries & Mariculture,Non-market Use,-4.722136753351731,68118.3328518191
2075,cyp,0.111541255441998,1.288049476210285,Fisheries & Mariculture,Non-market Use,-5.213094110616184,71956.64086481334
2080,cyp,0.11579561682187904,1.2662914804125693,Fisheries & Mariculture,Non-market Use,-5.932363868769416,75770.04169564867
2085,cyp,0.11995244459430013,1.2461592872150271,Fisheries & Mariculture,Non-market Use,-6.484821226551053,79532.08012169729
2090,cyp,0.12398936596121359,1.2275854241522026,Fisheries & Mariculture,Non-market Use,-7.207509388810094,83215.40133868704
2095,cyp,0.12788396186476234,1.2105082038641977,Fisheries & Mariculture,Non-market Use,-7.8872252178103786,86792.06353908617
2100,cyp,0.13161396642253256,1.1948713811886518,Fisheries & Mariculture,Non-market Use,-8.60198252460601,90233.87607638058
2030,deu,4.653542858006373,79.28470600000001,Fisheries & Mariculture,Non-market Use,-6.0387889302973345,42505.674421033495
2035,deu,4.849395404230484,78.73916700000001,Fisheries & Mariculture,Non-market Use,-15.27497447492937,44624.46601416215
2040,deu,5.0385898477660325,78.189718,Fisheries & Mariculture,Non-market Use,-25.11049219738131,46715.29926848792
2045,deu,5.207773758520497,77.50963800000001,Fisheries & Mariculture,Non-market Use,-35.76556188894155,48732.60008914911
2050,deu,5.348245959857356,76.643921,Fisheries & Mariculture,Non-market Use,-47.982145690559676,50638.418497135914
2055,deu,5.460803395515173,75.64690399999999,Fisheries & Mariculture,Non-market Use,-58.48233010864066,52412.51957928455
2060,deu,5.550300177356126,74.5844399999999,Fisheries & Mariculture,Non-market Use,-72.0039763655198,54058.12242104575
2065,deu,5.619105401766675,73.461989,Fisheries & Mariculture,Non-market Use,-82.21437672907763,55593.00683807997
2070,deu,5.685280672654871,72.41170815235564,Fisheries & Mariculture,Non-market Use,-97.42155047819557,57092.83660228088
2075,deu,5.748711352080716,71.43093073008659,Fisheries & Mariculture,Non-market Use,-108.02582625226658,58552.49668979711
2080,deu,5.80928648454388,70.51718703656857,Fisheries & Mariculture,Non-market Use,-123.4432490565411,59966.90646501299
2085,deu,5.86689911772937,69.66819400685485,Fisheries & Mariculture,Non-market Use,-135.46817185082404,61331.04878961354
2090,deu,5.921446614822814,68.88184566766525,Fisheries & Mariculture,Non-market Use,-151.1181182399617,62639.99940335627
2095,deu,5.972830957129401,68.15620440004888,Fisheries & Mariculture,Non-market Use,-165.93582914996247,63888.95633839505
2100,deu,6.0209590357568095,67.48949295379721,Fisheries & Mariculture,Non-market Use,-181.54815090560666,65073.269123216254
2030,dji,0.02531570213182291,1.476122999999999,Fisheries & Mariculture,Non-market Use,-0.22417363363159917,12780.75763976315
2035,dji,0.028659421400017,1.47797,Fisheries & Mariculture,Non-market Use,-0.5716850694463259,14449.322786390547
2040,dji,0.0320790667500653,1.474683999999999,Fisheries & Mariculture,Non-market Use,-0.9442915447189264,16207.833628088636
2045,dji,0.035533554891101486,1.465015,Fisheries & Mariculture,Non-market Use,-1.347885399954792,18069.881929464027
2050,dji,0.038998220990272725,1.449606999999999,Fisheries & Mariculture,Non-market Use,-1.8094799781316666,20040.555601037388
2055,dji,0.042518234380032424,1.428774,Fisheries & Mariculture,Non-market Use,-2.2024121897100284,22165.800943154132
2060,dji,0.04610146997689381,1.403997,Fisheries & Mariculture,Non-market Use,-2.702563961696821,24455.51660916826
2065,dji,0.04972430303131712,1.376307,Fisheries & Mariculture,Non-market Use,-3.071156577014658,26905.31812576714
2070,dji,0.053436455947141526,1.3505203040252223,Fisheries & Mariculture,Non-market Use,-3.6228380184855418,29463.05443423887
2075,dji,0.05721577628361261,1.3265485174070084,Fisheries & Mariculture,Non-market Use,-4.00005516178694,32113.702840701044
2080,dji,0.06103757903328317,1.3043103579380424,Fisheries & Mariculture,Non-market Use,-4.55255143665272,34839.3921740527
2085,dji,0.06487483557186356,1.2837311949846717,Fisheries & Mariculture,Non-market Use,-4.977122915465302,37619.486976791944
2090,dji,0.068698423499122,1.2647426304850011,Fisheries & Mariculture,Non-market Use,-5.532424209759943,40430.74861719144
2095,dji,0.07247743626584925,1.2472821185275749,Fisheries & Mariculture,Non-market Use,-6.054817022841326,43247.57570297637
2100,dji,0.07617954975069037,1.2312926205369676,Fisheries & Mariculture,Non-market Use,-6.604173819832238,46042.32363301129
2030,dnk,0.3656839565881107,6.341729000000001,Fisheries & Mariculture,Non-market Use,-1.864893754549339,41266.297259570114
2035,dnk,0.3844175904933063,6.401049,Fisheries & Mariculture,Non-market Use,-4.794317746943556,43011.635162877945
2040,dnk,0.4021834327453727,6.461122,Fisheries & Mariculture,Non-market Use,-8.01123562191374,44615.565865033954
2045,dnk,0.41895959360849516,6.516046999999999,Fisheries & Mariculture,Non-market Use,-11.608591713451109,46120.51619021477
2050,dnk,0.43405422476587174,6.555937,Fisheries & Mariculture,Non-market Use,-15.846111479507217,47528.18629815019
2055,dnk,0.44704810461038985,6.57722500000001,Fisheries & Mariculture,Non-market Use,-19.63189367484435,48830.269669037894
2060,dnk,0.45807323488226354,6.586453000000001,Fisheries & Mariculture,Non-market Use,-24.549679652020643,50003.011659123455
2065,dnk,0.4674566349680543,6.591498,Fisheries & Mariculture,Non-market Use,-28.48099748660922,51027.591141009834
2070,dnk,0.47655346857436703,6.596294421084231,Fisheries & Mariculture,Non-market Use,-34.26354241751623,52022.8605221259
2075,dnk,0.4853392311242103,6.600841705460044,Fisheries & Mariculture,Non-market Use,-38.54132054114739,52986.25309845299
2080,dnk,0.49378987189678913,6.605139323532083,Fisheries & Mariculture,Non-market Use,-44.64165962064204,53915.24363523718
2085,dnk,0.5018819018579106,6.609186774005011,Fisheries & Mariculture,Non-market Use,-49.617711255726796,54807.3591895153
2090,dnk,0.5095925008227694,6.612983583980903,Fisheries & Mariculture,Non-market Use,-56.01381995722249,55660.18989846371
2095,dnk,0.5168996232788923,6.61652930905126,Fisheries & Mariculture,Non-market Use,-62.19435934572375,56471.39966898951
2100,dnk,0.5237821021928448,6.619823533383645,Fisheries & Mariculture,Non-market Use,-68.75243148887948,57238.73670332412
2030,dom,0.6809607530963461,13.605327,Fisheries & Mariculture,Non-market Use,-1.6901548461232792,39168.644074088086
2035,dom,0.7479386301139422,13.592163,Fisheries & Mariculture,Non-market Use,-4.300662199141908,43015.02667173566
2040,dom,0.8153821573044928,13.539076,Fisheries & Mariculture,Non-market Use,-7.091721716146685,47025.325781606494
2045,dom,0.882151926967396,13.448394,Fisheries & Mariculture,Non-market Use,-10.121312834045417,51162.16210604921
2050,dom,0.9480605627488098,13.33164,Fisheries & Mariculture,Non-market Use,-13.612647815413982,55404.39053894581
2055,dom,1.0137698619835827,13.1934,Fisheries & Mariculture,Non-market Use,-16.635939014012205,59798.396167443
2060,dom,1.0797662058455184,13.039716,Fisheries & Mariculture,Non-market Use,-20.532104244545074,64369.94786806661
2065,dom,1.1465838162796156,12.870055,Fisheries & Mariculture,Non-market Use,-23.492139400126323,69176.89907559521
2070,dom,1.2139885848618184,12.710974151821462,Fisheries & Mariculture,Non-market Use,-27.892160833003636,74077.28141296539
2075,dom,1.281599734670028,12.562128814467876,Fisheries & Mariculture,Non-market Use,-30.985721327923645,79040.82625316267
2080,dom,1.3490110100359611,12.42319880738239,Fisheries & Mariculture,Non-market Use,-35.470138141363485,84034.35178225745
2085,dom,1.415794127827137,12.293887259010674,Fisheries & Mariculture,Non-market Use,-38.98962193116438,89022.05564155383
2090,dom,1.4815027830729903,12.173919546164148,Fisheries & Mariculture,Non-market Use,-43.56114326880222,93965.87790872049
2095,dom,1.5456771688764623,12.063042318862172,Fisheries & Mariculture,Non-market Use,-47.90145496115127,98825.93114700189
2100,dom,1.607848956934873,11.961022605790253,Fisheries & Mariculture,Non-market Use,-52.47845688244166,103560.9922515327
2030,dza,1.6051499111931335,64.0752,Fisheries & Mariculture,Non-market Use,-14.029848453744316,16112.867348105356
2035,dza,1.8634387898127944,64.568813,Fisheries & Mariculture,Non-market Use,-36.00933152026359,18623.126013286437
2040,dza,2.152780095724576,64.933188,Fisheries & Mariculture,Non-market Use,-59.948025562967175,21463.555398948705
2045,dza,2.4753670423246312,65.246545,Fisheries & Mariculture,Non-market Use,-86.55047237821309,24640.795200817167
2050,dza,2.8379855621505783,65.49538700000001,Fisheries & Mariculture,Non-market Use,-117.8732457729106,28233.94040655651
2055,dza,3.2478341724383157,65.605348,Fisheries & Mariculture,Non-market Use,-145.80597869658507,32360.96947838266
2060,dza,3.7079964009329345,65.532883,Fisheries & Mariculture,Non-market Use,-181.87378334418216,37105.42239662223
2065,dza,4.212696061858418,65.2168449999999,Fisheries & Mariculture,Non-market Use,-209.8202742523351,42495.572497164896
2070,dza,4.757421229281386,64.91805681457687,Fisheries & Mariculture,Non-market Use,-251.08128102188115,48364.980907628444
2075,dza,5.34020550399765,64.63629116181879,Fisheries & Mariculture,Non-market Use,-281.00904290150237,54699.539447345014
2080,dza,5.958037797603067,64.37133416979582,Fisheries & Mariculture,Non-market Use,-323.94214530548567,61473.18578223063
2085,dza,6.606802107185441,64.12298510560635,Fisheries & Mariculture,Non-market Use,-358.4421128044571,68646.92159434503
2090,dza,7.281246690476968,63.89105612157083,Fisheries & Mariculture,Non-market Use,-402.95301352792836,76168.14898822021
2095,dza,7.974987901879373,63.67537201812328,Fisheries & Mariculture,Non-market Use,-445.66532321093155,83970.39907750727
2100,dza,8.680553014568785,63.47577002298116,Fisheries & Mariculture,Non-market Use,-490.8696963457499,91973.51779586532
2030,ecu,0.5029045386766711,22.148377,Fisheries & Mariculture,Non-market Use,-3.6479866750348156,16734.712432516106
2035,ecu,0.5704417424566508,22.127966,Fisheries & Mariculture,Non-market Use,-9.282865939689767,19002.181120772424
2040,ecu,0.6411964504159533,22.007437,Fisheries & Mariculture,Non-market Use,-15.28361017032,21479.013453889704
2045,ecu,0.7135974906578656,21.799422,Fisheries & Mariculture,Non-market Use,-21.75230220681816,24135.70851230113
2050,ecu,0.7870971518596169,21.515577,Fisheries & Mariculture,Non-market Use,-29.127677251910967,26976.52972318404
2055,ecu,0.8614339718277071,21.174346,Fisheries & Mariculture,Non-market Use,-35.39927934428011,30004.17844557357
2060,ecu,0.9365064040833166,20.79176,Fisheries & Mariculture,Non-market Use,-43.40606402982404,33223.7196352561
2065,ecu,1.0123144486264453,20.392899,Fisheries & Mariculture,Non-market Use,-49.35315944090185,36620.49573865117
2070,ecu,1.0901617538393031,20.021250063900457,Fisheries & Mariculture,Non-market Use,-58.24898211973015,40174.13108647005
2075,ecu,1.1695832371207153,19.675578209302113,Fisheries & Mariculture,Non-market Use,-64.3457248598716,43864.11310787882
2080,ecu,1.2500570545847094,19.354746895352772,Fisheries & Mariculture,Non-market Use,-73.26739766681695,47665.81610887961
2085,ecu,1.3310084547777865,19.057711773691988,Fisheries & Mariculture,Non-market Use,-80.13539422550473,51550.59931831889
2090,ecu,1.411815015032311,18.783515001421392,Fisheries & Mariculture,Non-market Use,-89.11268586156396,55486.01641970744
2095,ecu,1.4918132452160024,18.531280072589617,Fisheries & Mariculture,Non-market Use,-97.56433725049288,59436.140869654126
2100,ecu,1.5703065036632204,18.300207128996984,Fisheries & Mariculture,Non-market Use,-106.45414488769008,63362.00760163932
2030,egy,8.708304773816822,183.488565,Fisheries & Mariculture,Non-market Use,-72.13409312564308,41111.48566788448
2035,egy,10.221131794229986,188.169675,Fisheries & Mariculture,Non-market Use,-188.41282176283676,46909.155510689074
2040,egy,11.824761942557195,192.031397,Fisheries & Mariculture,Non-market Use,-318.30903199386586,53014.423644752234
2045,egy,13.504787342413586,195.18917,Fisheries & Mariculture,Non-market Use,-464.8750123448223,59383.722427524895
2050,egy,15.253836522160366,197.617954,Fisheries & Mariculture,Non-market Use,-638.5567365396408,66045.83600783128
2055,egy,17.078024452588792,199.49619,Fisheries & Mariculture,Non-market Use,-796.048003017161,73021.2027363778
2060,egy,18.974000464772146,200.615357,Fisheries & Mariculture,Non-market Use,-999.6398580575867,80424.74696775684
2065,egy,20.92367094650616,200.998176,Fisheries & Mariculture,Non-market Use,-1161.0431060309254,88244.07097285887
2070,egy,22.966179088380404,201.36254802911262,Fisheries & Mariculture,Non-market Use,-1398.2862423857696,96380.76646934982
2075,egy,25.090076648990742,201.7083683560508,Fisheries & Mariculture,Non-market Use,-1574.4770911251376,104783.93082685566
2080,egy,27.28148455108985,202.03553735979685,Fisheries & Mariculture,Non-market Use,-1825.4555951785644,113393.67720091663
2085,egy,29.52412832991326,202.34396057737354,Fisheries & Mariculture,Non-market Use,-2030.785742292159,122141.46209957924
2090,egy,31.799438758411117,202.6335487492462,Fisheries & Mariculture,Non-market Use,-2294.532712935654,130950.66265336706
2095,egy,34.08672124470934,202.90421786232432,Fisheries & Mariculture,Non-market Use,-2549.7464152342154,139737.4105952317
2100,egy,36.36339549322331,203.1558891905347,Fisheries & Mariculture,Non-market Use,-2820.695611189672,148411.68160378007
2030,esp,2.6144706491109093,49.382894,Fisheries & Mariculture,Non-market Use,-16.32684195974143,41464.695221020396
2035,esp,2.76399737454111,48.974681,Fisheries & Mariculture,Non-market Use,-41.2407461695646,44151.72157749433
2040,esp,2.8960422281721567,48.54545,Fisheries & Mariculture,Non-market Use,-67.67360797270082,46617.37620824027
2045,esp,3.015441085522535,48.197021,Fisheries & Mariculture,Non-market Use,-96.53721393462689,48835.02344916972
2050,esp,3.1268189343061628,47.939424,Fisheries & Mariculture,Non-market Use,-130.2746705076839,50853.32994692529
2055,esp,3.230662998071519,47.666288,Fisheries & Mariculture,Non-market Use,-159.9595094027621,52783.473913289235
2060,esp,3.323010040491427,47.255732,Fisheries & Mariculture,Non-market Use,-198.02862115621997,54701.90055577333
2065,esp,3.3969443959747876,46.641708,Fisheries & Mariculture,Non-market Use,-226.581659338375,56590.86115135648
2070,esp,3.4687447657887365,46.06596468684294,Fisheries & Mariculture,Non-market Use,-269.02437828530606,58442.795097763854
2075,esp,3.538203920267021,45.527256554868885,Fisheries & Mariculture,Non-market Use,-298.8670176964094,60249.86997555563
2080,esp,3.605117832576089,45.0244264653462,Fisheries & Mariculture,Non-market Use,-342.1257597356536,62004.23866548256
2085,esp,3.6692866578628562,44.556401491174476,Fisheries & Mariculture,Non-market Use,-376.0781028936662,63698.09477451033
2090,esp,3.730515710926293,44.122189089133755,Fisheries & Mariculture,Non-market Use,-420.1787013051433,65323.72942535332
2095,esp,3.7886164358542773,43.72087358050326,Fisheries & Mariculture,Non-market Use,-462.0498411833171,66873.58884509637
2100,esp,3.843407360983753,43.351612922524104,Fisheries & Mariculture,Non-market Use,-506.20466856049126,68340.33216172834
2030,est,0.049329679158537344,1.158096,Fisheries & Mariculture,Non-market Use,-0.21685783497028863,31054.816749812955
2035,est,0.050391595053525126,1.138542999999999,Fisheries & Mariculture,Non-market Use,-0.5430117667307962,32280.058795435503
2040,est,0.05117132306233657,1.119557,Fisheries & Mariculture,Non-market Use,-0.8839382237067904,33347.7420795581
2045,est,0.05167338685621092,1.101276,Fisheries & Mariculture,Non-market Use,-1.2493256149800178,34246.56675124934
2050,est,0.051966023785813074,1.083918,Fisheries & Mariculture,Non-market Use,-1.6682783154290686,35004.9592232939
2055,est,0.052129513087219345,1.067527,Fisheries & Mariculture,Non-market Use,-2.0290021322514757,35667.40293720365
2060,est,0.05219386390343929,1.051895,Fisheries & Mariculture,Non-market Use,-2.4966103352567517,36255.49655287476
2065,est,0.05209765624750652,1.035654,Fisheries & Mariculture,Non-market Use,-2.8495081187469076,36769.72242348659
2070,est,0.05200642744469906,1.0204632691919822,Fisheries & Mariculture,Non-market Use,-3.375310635631253,37265.460324311476
2075,est,0.051920151501641185,1.0062831375633954,Fisheries & Mariculture,Non-market Use,-3.741378178578862,37741.79376457757
2080,est,0.051838803842292655,0.9930768881073261,Fisheries & Mariculture,Non-market Use,-4.273909922807449,38197.83554308516
2085,est,0.051762361296276094,0.9808105978485068,Fisheries & Mariculture,Non-market Use,-4.68875988934613,38632.73051384763
2090,est,0.05169080208787366,0.9694529921086343,Fisheries & Mariculture,Non-market Use,-5.228879611635434,39045.65826975218
2095,est,0.0516241058256856,0.9589753111315545,Fisheries & Mariculture,Non-market Use,-5.740005721736568,39435.83573239887
2100,est,0.05156225349294402,0.9493511882692376,Fisheries & Mariculture,Non-market Use,-6.278453596782634,39802.51963662565
2030,fin,0.3017792666611025,5.47653600000001,Fisheries & Mariculture,Non-market Use,-1.8358514259911507,42953.78643672826
2035,fin,0.31849615697006917,5.492871,Fisheries & Mariculture,Non-market Use,-4.689863807722468,45151.76183795311
2040,fin,0.3343327966227567,5.508154999999999,Fisheries & Mariculture,Non-market Use,-7.785435045776193,47216.5415330516
2045,fin,0.34903441388450196,5.513268,Fisheries & Mariculture,Non-market Use,-11.196688654488408,49196.18961426225
2050,fin,0.3628371735655262,5.505796,Fisheries & Mariculture,Non-market Use,-15.170266862777746,51158.11012206792
2055,fin,0.37596364310818936,5.488167000000001,Fisheries & Mariculture,Non-market Use,-18.67376898296917,53124.07858078162
2060,fin,0.3884445955029143,5.467093,Fisheries & Mariculture,Non-market Use,-23.229286116074235,55042.11081930473
2065,fin,0.399912186166508,5.447237,Fisheries & Mariculture,Non-market Use,-26.830731374592975,56814.597924870686
2070,fin,0.4111280142155064,5.42844230948012,Fisheries & Mariculture,Non-market Use,-32.14346016474269,58549.3472258342
2075,fin,0.422051535996341,5.410698247791882,Fisheries & Mariculture,Non-market Use,-36.01353528615557,60239.38899282444
2080,fin,0.4326423053449496,5.393994745446681,Fisheries & Mariculture,Non-market Use,-41.55794245540433,61877.7559553855
2085,fin,0.4428602152737021,5.378322334581807,Fisheries & Mariculture,Non-market Use,-46.0278509955891,63457.52970003755
2090,fin,0.45266574429008855,5.3636721400073615,Fisheries & Mariculture,Non-market Use,-51.78990794418566,64971.888112849854
2095,fin,0.46202020530237325,5.350035870822185,Fisheries & Mariculture,Non-market Use,-57.32744958906528,66414.15342603294
2100,fin,0.47088599498032574,5.337405812587731,Fisheries & Mariculture,Non-market Use,-63.19126406839531,67777.8404074293
2030,fra,3.6385550152081905,69.99743599999991,Fisheries & Mariculture,Non-market Use,-10.862642135094228,40139.04227580565
2035,fra,3.8404532458844267,70.469078,Fisheries & Mariculture,Non-market Use,-27.853589859424595,42047.4265421127
2040,fra,4.044468009811731,70.9756440000001,Fisheries & Mariculture,Non-market Use,-46.44167023130243,43928.120219539785
2045,fra,4.253221171709417,71.488333,Fisheries & Mariculture,Non-market Use,-67.21054602915015,45825.591062121595
2050,fra,4.467357212290615,71.950782,Fisheries & Mariculture,Non-market Use,-91.7762648854594,47783.158609502956
2055,fra,4.685821526752023,72.3526550000001,Fisheries & Mariculture,Non-market Use,-113.96746587861314,49799.51004897731
2060,fra,4.90428584121343,72.6900599999999,Fisheries & Mariculture,Non-market Use,-142.9802936122176,51835.6255895342
2065,fra,5.114035018758679,72.904084,Fisheries & Mariculture,Non-market Use,-166.2378270445706,53848.41513719308
2070,fra,5.321818871527341,73.10800545075023,Fisheries & Mariculture,Non-market Use,-200.40294074602676,55832.801360078745
2075,fra,5.526664684096112,73.30173456560772,Fisheries & Mariculture,Non-market Use,-225.86474586825432,57779.795217030136
2080,fra,5.727576987773153,73.48518579501756,Fisheries & Mariculture,Non-market Use,-262.09882292845384,59680.277208823434
2085,fra,5.923545102423709,73.65827788936552,Fisheries & Mariculture,Non-market Use,-291.8214346709673,61525.06465837806
2090,fra,6.11355116349143,73.82093395885082,Fisheries & Mariculture,Non-market Use,-329.97740807264773,63304.98228191649
2095,fra,6.296578551975396,73.97308153031699,Fisheries & Mariculture,Non-market Use,-366.9453541947956,65010.9353409309
2100,fra,6.4716206355735295,74.11465260098254,Fisheries & Mariculture,Non-market Use,-406.2119091347786,66633.98460059243
2030,gab,0.11413420984926691,4.005381,Fisheries & Mariculture,Non-market Use,-3.7179356507361443,19648.46478758418
2035,gab,0.1289596552220132,4.083545,Fisheries & Mariculture,Non-market Use,-9.654385324034077,21810.81592463127
2040,gab,0.14461081686267827,4.142689000000001,Fisheries & Mariculture,Non-market Use,-16.21382626602462,24147.46224938342
2045,gab,0.16087237193495685,4.186152,Fisheries & Mariculture,Non-market Use,-23.54083930073065,26626.620777699733
2050,gab,0.17756363649360124,4.21204,Fisheries & Mariculture,Non-market Use,-32.13601656943567,29255.43390686661
2055,gab,0.1946771210486532,4.218951,Fisheries & Mariculture,Non-market Use,-39.7498593410901,32073.750040015486
2060,gab,0.21219597424770606,4.203391,Fisheries & Mariculture,Non-market Use,-49.454480338035644,35145.51044643168
2065,gab,0.23008836575843655,4.168251000000001,Fisheries & Mariculture,Non-market Use,-56.850796575768896,38491.54959213764
2070,gab,0.24851939198298637,4.135147079110177,Fisheries & Mariculture,Non-market Use,-67.80079890467341,41974.44019161393
2075,gab,0.26737906002155054,4.104034541274906,Fisheries & Mariculture,Non-market Use,-75.63971789702413,45574.49565423545
2080,gab,0.286542680889203,4.074871561263449,Fisheries & Mariculture,Non-market Use,-86.9328452338647,49268.53883756437
2085,gab,0.3058717330983424,4.0476190907389995,Fisheries & Mariculture,Non-market Use,-95.91796548089027,53030.00956596317
2090,gab,0.32521509064811577,4.022240770916641,Fisheries & Mariculture,Non-market Use,-107.54183206348114,56829.16117039879
2095,gab,0.34441061508439375,3.9987028515360725,Fisheries & Mariculture,Non-market Use,-118.6455655230031,60633.34876941671
2100,gab,0.36328710052104085,3.9769741158957443,Fisheries & Mariculture,Non-market Use,-130.37851623963618,64407.409263380156
2030,gbr,4.918608630123687,75.238571,Fisheries & Mariculture,Non-market Use,-9.314893975036545,55589.25658415759
2035,gbr,5.311523605951815,75.941693,Fisheries & Mariculture,Non-market Use,-23.946767597901413,59312.48577400976
2040,gbr,5.693367969914301,76.6425889999999,Fisheries & Mariculture,Non-market Use,-40.00853904675197,62823.37932806129
2045,gbr,6.057444307650436,77.224094,Fisheries & Mariculture,Non-market Use,-57.92140833062998,66156.19136954025
2050,gbr,6.4011149388469315,77.585617,Fisheries & Mariculture,Non-market Use,-78.95145100953947,69393.16778324758
2055,gbr,6.723982300094242,77.72841199999999,Fisheries & Mariculture,Non-market Use,-97.67653658649247,72559.4886745647
2060,gbr,7.024616692208066,77.729072,Fisheries & Mariculture,Non-market Use,-121.9743963629346,75594.19391414784
2065,gbr,7.29683294598999,77.64390300000001,Fisheries & Mariculture,Non-market Use,-141.24379949452944,78392.56358264125
2070,gbr,7.565459802836363,77.56308110499685,Fisheries & Mariculture,Non-market Use,-169.62046316675338,81137.81234759963
2075,gbr,7.829317190977586,77.48659269601175,Fisheries & Mariculture,Non-market Use,-190.4779899135556,83817.0145258243
2080,gbr,8.087207032582473,77.41442488122905,Fisheries & Mariculture,Non-market Use,-220.27803986830162,86417.16367535813
2085,gbr,8.337921831516386,77.3465654923743,Fisheries & Mariculture,Non-market Use,-244.46725654910168,88925.27350992811
2090,gbr,8.580253685134057,77.28300308129451,Fisheries & Mariculture,Non-market Use,-275.595865923996,91328.48232112346
2095,gbr,8.81300363177237,77.22372691673922,Fisheries & Mariculture,Non-market Use,-305.60642313110867,93614.15978610305
2100,gbr,9.034991237632005,77.16872698134117,Fisheries & Mariculture,Non-market Use,-337.42242936929114,95770.01496416115
2030,geo,0.12911776806142028,2.542821,Fisheries & Mariculture,Non-market Use,-0.9813307624924863,41600.56162268034
2035,geo,0.1318290673622952,2.442838,Fisheries & Mariculture,Non-market Use,-2.401173479193601,44123.4968446713
2040,geo,0.133782870481117,2.356198,Fisheries & Mariculture,Non-market Use,-3.834039257102365,46330.2674583572
2045,geo,0.1353861902918246,2.281049,Fisheries & Mariculture,Non-market Use,-5.3331420571930455,48332.218102013256
2050,geo,0.13722057470284138,2.217927,Fisheries & Mariculture,Non-market Use,-7.035393480413788,50279.166541118975
2055,geo,0.1396979829251159,2.167593,Fisheries & Mariculture,Non-market Use,-8.49083581185636,52269.1935351612
2060,geo,0.14292087479670582,2.12927,Fisheries & Mariculture,Non-market Use,-10.415453305645817,54326.76646756931
2065,geo,0.14674792640304896,2.099188,Fisheries & Mariculture,Non-market Use,-11.903525718800205,56465.513424946854
2070,geo,0.15048098005146668,2.0710138441882893,Fisheries & Mariculture,Non-market Use,-14.117846007314187,58569.72124560559
2075,geo,0.15410752256685709,2.0446807748195455,Fisheries & Mariculture,Non-market Use,-15.667726976615844,60629.35644399716
2080,geo,0.1576151335175581,2.0201268788796676,Fisheries & Mariculture,Non-market Use,-17.918027755934105,62634.28988183776
2085,geo,0.16099155421618794,1.9972948447006451,Fisheries & Mariculture,Non-market Use,-19.678142087867183,64574.37716577196
2090,geo,0.1642247574853769,1.97613173826571,Fisheries & Mariculture,Non-market Use,-21.96680266175299,66439.54207030832
2095,geo,0.16730301764842725,1.9565887979784957,Fisheries & Mariculture,Non-market Use,-24.13645751366379,68219.86205693208
2100,geo,0.17021498018837344,1.9386212467785477,Fisheries & Mariculture,Non-market Use,-26.423346896797103,69905.65489822016
2030,gha,0.5213913255841751,61.211171,Fisheries & Mariculture,Non-market Use,-149.73881974824286,6794.988985084754
2035,gha,0.6244603154705874,63.461477,Fisheries & Mariculture,Non-market Use,-395.4058956305465,7837.924502813354
2040,gha,0.7403280716430616,65.404849,Fisheries & Mariculture,Non-market Use,-674.619380872508,9002.652136995177
2045,gha,0.8686234841880695,66.98786099999991,Fisheries & Mariculture,Non-market Use,-992.7702215944406,10297.70562829103
2050,gha,1.0094461191799726,68.242553,Fisheries & Mariculture,Non-market Use,-1372.1465685457374,11729.533306477404
2055,gha,1.162605895931354,69.208485,Fisheries & Mariculture,Non-market Use,-1718.4469896138407,13300.6508407321
2060,gha,1.3272881829247138,69.897463,Fisheries & Mariculture,Non-market Use,-2167.2696432912403,15012.374985454368
2065,gha,1.5030856644013006,70.336118,Fisheries & Mariculture,Non-market Use,-2528.1728817817416,16869.251561437886
2070,gha,1.692213198091762,70.75545547079238,Fisheries & Mariculture,Non-market Use,-3057.3803034879734,18850.78855805958
2075,gha,1.8939313629603791,71.15509101818823,Fisheries & Mariculture,Non-market Use,-3456.133853220909,20947.661055428503
2080,gha,2.107152660930236,71.53465638214135,Fisheries & Mariculture,Non-market Use,-4021.908140463597,23147.212371378762
2085,gha,2.3304242220840266,71.89380000021868,Fisheries & Mariculture,Non-market Use,-4489.908021230121,25433.354712601576
2090,gha,2.5619203174412126,72.2321875484094,Fisheries & Mariculture,Non-market Use,-5089.625373954312,27786.564954122157
2095,gha,2.7994462758131218,72.54950245811268,Fisheries & Mariculture,Non-market Use,-5672.996284455164,30183.987671570227
2100,gha,3.040455084033007,72.84544640818847,Fisheries & Mariculture,Non-market Use,-6293.632231595383,32599.65436865431
2030,gmb,0.0462987525062249,5.042642,Fisheries & Mariculture,Non-market Use,-8.20898664427507,8237.727463290765
2035,gmb,0.05641330351004007,5.199052,Fisheries & Mariculture,Non-market Use,-21.55682621603041,9699.49845066936
2040,gmb,0.0679366983213903,5.320889,Fisheries & Mariculture,Non-market Use,-36.522522056873655,11371.083152715311
2045,gmb,0.0808059881983392,5.407698000000001,Fisheries & Mariculture,Non-market Use,-53.332599936791034,13258.561631706449
2050,gmb,0.09500352484292263,5.468826,Fisheries & Mariculture,Non-market Use,-73.17572576024286,15356.370056046668
2055,gmb,0.11050948931090275,5.50622200000001,Fisheries & Mariculture,Non-market Use,-90.98257183350132,17675.03928490792
2060,gmb,0.12726121598811804,5.521885,Fisheries & Mariculture,Non-market Use,-113.93747410062514,20220.351097128678
2065,gmb,0.14533137433677384,5.516582,Fisheries & Mariculture,Non-market Use,-131.95508967615788,23026.53318876888
2070,gmb,0.16493556309575566,5.511548988151925,Fisheries & Mariculture,Non-market Use,-158.48599795782528,26057.51165956959
2075,gmb,0.186013238233395,5.506785221819277,Fisheries & Mariculture,Non-market Use,-177.99606783573614,29301.15917564118
2080,gmb,0.2084638752728595,5.502289997864666,Fisheries & Mariculture,Non-market Use,-205.8670410920644,32739.110944559437
2085,gmb,0.23214414711000253,5.498062652476824,Fisheries & Mariculture,Non-market Use,-228.49851614508734,36346.42523944357
2090,gmb,0.2568662205167764,5.494102561007232,Fisheries & Mariculture,Non-market Use,-257.6199586280747,40091.43175481703
2095,gmb,0.28239740274054653,5.49040913781629,Fisheries & Mariculture,Non-market Use,-285.70014707286555,43935.80028937715
2100,gmb,0.30846133537192044,5.486981836128986,Fisheries & Mariculture,Non-market Use,-315.47152800626134,47834.85573360666
2030,gnb,0.023411733333641358,3.568298,Fisheries & Mariculture,Non-market Use,-0.37903845813210263,5287.891352007293
2035,gnb,0.02867706782861486,3.63739400000001,Fisheries & Mariculture,Non-market Use,-0.9841057137065428,6343.331702872438
2040,gnb,0.03475934925398128,3.680417,Fisheries & Mariculture,Non-market Use,-1.6484065699708088,7585.938788222896
2045,gnb,0.04165948377954395,3.701766,Fisheries & Mariculture,Non-market Use,-2.3822099594754182,9024.020846226233
2050,gnb,0.04936164828642922,3.705672,Fisheries & Mariculture,Non-market Use,-3.2354199310220677,10662.941506805062
2055,gnb,0.05787692592838559,3.693006999999999,Fisheries & Mariculture,Non-market Use,-3.9817626674291544,12523.842302594847
2060,gnb,0.06722713448606263,3.666020999999999,Fisheries & Mariculture,Non-market Use,-4.935883786225829,14629.13213505039
2065,gnb,0.07746775943357237,3.626279,Fisheries & Mariculture,Non-market Use,-5.659890523528829,17013.12379771939
2070,gnb,0.08867829759127432,3.588933387136054,Fisheries & Mariculture,Non-market Use,-6.734004037424125,19644.018005754864
2075,gnb,0.1008357259005792,3.553917698026689,Fisheries & Mariculture,Non-market Use,-7.495668717799909,22518.437146486227
2080,gnb,0.11389187844120296,3.5211699784741475,Fisheries & Mariculture,Non-market Use,-8.596488461851823,25626.45126025016
2085,gnb,0.1277710838614552,3.49063260025738,Fisheries & Mariculture,Non-market Use,-9.466045505330548,28950.85347250986
2090,gnb,0.1423684903882042,3.462252091635207,Fisheries & Mariculture,Non-market Use,-10.593322108104696,32466.61856652547
2095,gnb,0.15754925969940692,3.435978980859782,Fisheries & Mariculture,Non-market Use,-11.666672358853077,36140.60051380186
2100,gnb,0.17314879223322402,3.411767652057448,Fisheries & Mariculture,Non-market Use,-12.799613088892652,39931.51990007666
2030,grc,0.43502414244323356,9.38964,Fisheries & Mariculture,Non-market Use,-2.01159724403092,40424.98876463742
2035,grc,0.4533387004473524,9.23385200000001,Fisheries & Mariculture,Non-market Use,-5.038534617161415,42700.97370833869
2040,grc,0.4689719835944951,9.079751,Fisheries & Mariculture,Non-market Use,-8.201837821683647,44779.455368140065
2045,grc,0.48250649350835545,8.935612999999991,Fisheries & Mariculture,Non-market Use,-11.597526009134235,46664.66331657431
2050,grc,0.4947581743091004,8.801385000000009,Fisheries & Mariculture,Non-market Use,-15.498320203699153,48422.84013624353
2055,grc,0.505935430496737,8.668512000000002,Fisheries & Mariculture,Non-market Use,-18.849929242968926,50113.331722331626
2060,grc,0.5155161462037569,8.523276,Fisheries & Mariculture,Non-market Use,-23.1444284007764,51764.06017461427
2065,grc,0.5225164754513304,8.354149,Fisheries & Mariculture,Non-market Use,-26.29777243156984,53355.06666086992
2070,grc,0.5292570945818038,8.196666530814813,Fisheries & Mariculture,Non-market Use,-31.018098566056786,54901.97588597672
2075,grc,0.5357253236593471,8.050285038731088,Fisheries & Mariculture,Non-market Use,-34.243977715726956,56398.23016776796
2080,grc,0.5419088653923672,7.914504797180345,Fisheries & Mariculture,Non-market Use,-38.96976357105537,57837.35007254228
2085,grc,0.5477958437271659,7.788867053868246,Fisheries & Mariculture,Non-market Use,-42.599908726931254,59212.98074562573
2090,grc,0.553374841535646,7.672951437775949,Fisheries & Mariculture,Non-market Use,-47.348461422457895,60518.93836731269
2095,grc,0.5586349372312319,7.5663736054410915,Fisheries & Mariculture,Non-market Use,-51.814846373157096,61749.2562624161
2100,grc,0.5635657401500135,7.46878310799635,Fisheries & Mariculture,Non-market Use,-56.51154390972479,62898.23018464683
2030,gtm,0.5999840871940109,25.76571,Fisheries & Mariculture,Non-market Use,-1.0834140258536193,19640.579217614246
2035,gtm,0.6861358167575498,26.011545,Fisheries & Mariculture,Non-market Use,-2.785785893737957,22191.403154025087
2040,gtm,0.7753228955767705,26.122207,Fisheries & Mariculture,Non-market Use,-4.631347352355609,24905.47549406592
2045,gtm,0.8654807281590275,26.089229,Fisheries & Mariculture,Non-market Use,-6.646033066240769,27764.93343410272
2050,gtm,0.9556139431479702,25.938863,Fisheries & Mariculture,Non-market Use,-8.964886488348496,30754.417254617645
2055,gtm,1.0461574513588212,25.695909,Fisheries & Mariculture,Non-market Use,-10.967039412132632,33898.586378739325
2060,gtm,1.136988164825009,25.380174,Fisheries & Mariculture,Non-market Use,-13.526790121988448,37203.13139033595
2065,gtm,1.2284343181240602,25.020612,Fisheries & Mariculture,Non-market Use,-15.45876955967818,40666.69102939381
2070,gtm,1.3222952892633362,24.68386733357861,Fisheries & Mariculture,Non-market Use,-18.33375221499755,44255.14646007113
2075,gtm,1.4180103893167118,24.369139679009475,Fisheries & Mariculture,Non-market Use,-20.34573549679212,47945.569477132165
2080,gtm,1.51495146534093,24.075686840148936,Fisheries & Mariculture,Non-market Use,-23.267137639224153,51711.48788129743
2085,gtm,1.612427578620621,23.802821820023617,Fisheries & Mariculture,Non-market Use,-25.551892531084352,55523.07288406041
2090,gtm,1.7096913216171363,23.54991013137883,Fisheries & Mariculture,Non-market Use,-28.52285045141129,59347.42339998333
2095,gtm,1.805946753000896,23.316367329400357,Fisheries & Mariculture,Non-market Use,-31.339175813455963,63148.947647870125
2100,gtm,1.9003588829395306,23.101656753133188,Fisheries & Mariculture,Non-market Use,-34.307628642259246,66889.83926974001
2030,guy,0.07691404567044105,0.748008999999999,Fisheries & Mariculture,Non-market Use,-1.306118752045543,92058.38181664833
2035,guy,0.06926464488083894,0.7317449999999991,Fisheries & Mariculture,Non-market Use,-3.254354445539804,84436.15711673863
2040,guy,0.06313909400388093,0.7161130000000001,Fisheries & Mariculture,Non-market Use,-5.2723295435331154,78360.94752840562
2045,guy,0.05819602570639565,0.700866,Fisheries & Mariculture,Non-market Use,-7.41412232692526,73526.11773100393
2050,guy,0.05420843937596969,0.686095999999999,Fisheries & Mariculture,Non-market Use,-9.846961708407303,69704.33912324978
2055,guy,0.05100305210236376,0.6720889999999999,Fisheries & Mariculture,Non-market Use,-11.911753788937784,66701.51747320396
2060,guy,0.048456833019308,0.659242,Fisheries & Mariculture,Non-market Use,-14.590444632933986,64366.37214304077
2065,guy,0.04647551622363228,0.647983,Fisheries & Mariculture,Non-market Use,-16.62509399361381,62572.855530102235
2070,guy,0.044670227281149215,0.63746962468843,Fisheries & Mariculture,Non-market Use,-19.6617039042946,60905.207911256235
2075,guy,0.043026387197973026,0.6276711842766688,Fisheries & Mariculture,Non-market Use,-21.76150313640073,59355.73876971896
2080,guy,0.04153100329531825,0.6185593446423534,Fisheries & Mariculture,Non-market Use,-24.82385053124244,57917.41266018833
2085,guy,0.04017249809812568,0.6101079903156227,Fisheries & Mariculture,Non-market Use,-27.19724048813987,56583.795286877576
2090,guy,0.03894055968645184,0.602293099278306,Fisheries & Mariculture,Non-market Use,-30.292496065180174,55349.00487991689
2095,guy,0.03782601079638452,0.5950926287328278,Fisheries & Mariculture,Non-market Use,-33.2150381111684,54207.66834933097
2100,guy,0.03682069433650822,0.5884864110775708,Fisheries & Mariculture,Non-market Use,-36.29171692238007,53154.88175303843
2030,hnd,0.24345384846465332,14.606827,Fisheries & Mariculture,Non-market Use,-1.125106744492974,13390.658731043039
2035,hnd,0.29404346778782375,14.714894,Fisheries & Mariculture,Non-market Use,-2.886850058869848,16028.224834507546
2040,hnd,0.3504108437769002,14.74258,Fisheries & Mariculture,Non-market Use,-4.78802582477824,19033.72338232127
2045,hnd,0.4111048287970214,14.698715,Fisheries & Mariculture,Non-market Use,-6.859084060634955,22360.444487579363
2050,hnd,0.4752858050682112,14.59986,Fisheries & Mariculture,Non-market Use,-9.243321398708426,25983.623797574586
2055,hnd,0.5426042260798828,14.454841,Fisheries & Mariculture,Non-market Use,-11.301191670498984,29912.216064136057
2060,hnd,0.6127790423144325,14.275117,Fisheries & Mariculture,Non-market Use,-13.936872794925197,34149.70478355844
2065,hnd,0.6857071552051015,14.071302,Fisheries & Mariculture,Non-market Use,-15.925635893675127,38703.4724865052
2070,hnd,0.7632342230435663,13.880442247587917,Fisheries & Mariculture,Non-market Use,-18.885433604838962,43599.518033244734
2075,hnd,0.8449849112409343,13.702080269677477,Fisheries & Mariculture,Non-market Use,-20.955846447343262,48816.88168169256
2080,hnd,0.9304638165742042,13.53579189063024,Fisheries & Mariculture,Non-market Use,-23.962572786614814,54325.364063276254
2085,hnd,1.0190529693618249,13.38118454560105,Fisheries & Mariculture,Non-market Use,-26.31326200275201,60085.13792043285
2090,hnd,1.1100126850904715,13.237895730796852,Fisheries & Mariculture,Non-market Use,-29.370282912916128,66046.63361657332
2095,hnd,1.2024861337120551,13.105591582056029,Fisheries & Mariculture,Non-market Use,-32.26775977001641,72150.73819906366
2100,hnd,1.2955078837958018,12.98396557391943,Fisheries & Mariculture,Non-market Use,-35.321605219726294,78329.3381233588
2030,hrv,0.13106961594376393,3.13464,Fisheries & Mariculture,Non-market Use,-1.776343254584336,32324.53854101439
2035,hrv,0.13315357343590692,3.062038,Fisheries & Mariculture,Non-market Use,-4.419560089293041,33588.096104799006
2040,hrv,0.13522648062319448,2.991861,Fisheries & Mariculture,Non-market Use,-7.148678752040729,34880.95003601313
2045,hrv,0.13725973671658914,2.924182,Fisheries & Mariculture,Non-market Use,-10.039048053206207,36193.55524534215
2050,hrv,0.1394080459840665,2.85968,Fisheries & Mariculture,Non-market Use,-13.319814552915778,37556.66940327247
2055,hrv,0.1418033620659588,2.798442,Fisheries & Mariculture,Non-market Use,-16.09639457782732,39004.1436650368
2060,hrv,0.1444931362713511,2.738736,Fisheries & Mariculture,Non-market Use,-19.671487795022042,40575.24131890248
2065,hrv,0.14743706748841767,2.678769,Fisheries & Mariculture,Non-market Use,-22.30484143482686,42292.0456119305
2070,hrv,0.15029078335960583,2.6230477280001248,Fisheries & Mariculture,Non-market Use,-26.256161045601683,43988.21185164325
2075,hrv,0.15304663160380866,2.5713572135458347,Fisheries & Mariculture,Non-market Use,-28.932268763262478,45655.601433606986
2080,hrv,0.15569710312696344,2.523500431686978,Fisheries & Mariculture,Non-market Use,-32.86658169028026,47285.945695200855
2085,hrv,0.15823486553772054,2.479297047238978,Fisheries & Mariculture,Non-market Use,-35.86824028230708,48870.91216260445
2090,hrv,0.1606527964459231,2.4385822778987296,Fisheries & Mariculture,Non-market Use,-39.80411430500632,50402.173902044065
2095,hrv,0.16294401633594344,2.401205866144867,Fisheries & Mariculture,Non-market Use,-43.49536288539106,51871.48119197433
2100,hrv,0.16510192080571753,2.367031150906224,Fisheries & Mariculture,Non-market Use,-47.37382242794736,53270.734671245904
2030,hti,0.17864609318157984,15.393235,Fisheries & Mariculture,Non-market Use,-14.699647193276803,9727.885037965398
2035,hti,0.22543756035703105,15.388419,Fisheries & Mariculture,Non-market Use,-37.42831377990456,12249.604463047994
2040,hti,0.2806911188934612,15.332519,Fisheries & Mariculture,Non-market Use,-61.73559979042574,15269.939668463036
2045,hti,0.3446462454519842,15.230642,Fisheries & Mariculture,Non-market Use,-88.1138414694239,18828.132241822186
2050,hti,0.417609714879502,15.084507,Fisheries & Mariculture,Non-market Use,-118.39944129396382,22978.330087587092
2055,hti,0.5000106623607121,14.898046,Fisheries & Mariculture,Non-market Use,-144.40405939884246,27787.74995984604
2060,hti,0.5918324818497708,14.677027,Fisheries & Mariculture,Non-market Use,-177.6490634184793,33303.19478851148
2065,hti,0.692714210350181,14.434373,Fisheries & Mariculture,Non-market Use,-202.53477009330527,39536.70287570067
2070,hti,0.8048880071390647,14.207662888432793,Fisheries & Mariculture,Non-market Use,-239.65443493899215,46555.765671919864
2075,hti,0.9283666033798258,13.996258248550562,Fisheries & Mariculture,Non-market Use,-265.38099411838135,54372.824957828074
2080,hti,1.062875853763564,13.799569175096707,Fisheries & Mariculture,Non-market Use,-302.86875595032046,62979.94823656161
2085,hti,1.2078151825058958,13.61705152169925,Fisheries & Mariculture,Non-market Use,-331.9727069423431,72345.3967796112
2090,hti,1.3622251976584132,13.448204382904736,Fisheries & Mariculture,Non-market Use,-369.9070802318799,82410.69349717973
2095,hti,1.5247653517269322,13.292567794484576,Fisheries & Mariculture,Non-market Use,-405.751597767004,93088.44734103602
2100,hti,1.693704417800728,13.149720637179364,Fisheries & Mariculture,Non-market Use,-443.49504569071064,104261.18723540947
2030,idn,11.325349788983965,308.65983,Fisheries & Mariculture,Non-market Use,-763.3281538050267,25447.54225154237
2035,idn,12.270365992471831,305.830237,Fisheries & Mariculture,Non-market Use,-1926.3750131170782,27867.16800641165
2040,idn,13.191854821599005,302.177569,Fisheries & Mariculture,Non-market Use,-3150.928436456805,30366.85687892077
2045,idn,14.069183142501538,297.658723,Fisheries & Mariculture,Non-market Use,-4459.628640684856,32926.53194083571
2050,idn,14.898056275732653,292.39994,Fisheries & Mariculture,Non-market Use,-5943.605386232267,35545.663986176005
2055,idn,15.66960477460874,286.517043,Fisheries & Mariculture,Non-market Use,-7192.083282927691,38210.2186787723
2060,idn,16.377479982556277,280.119902,Fisheries & Mariculture,Non-market Use,-8780.574883668995,40908.33075005122
2065,idn,17.018227483498507,273.354291,Fisheries & Mariculture,Non-market Use,-9933.029368096091,43624.73984851992
2070,idn,17.650752597559134,267.0821969944035,Fisheries & Mariculture,Non-market Use,-11667.07320198534,46376.45556267505
2075,idn,18.272258962751664,261.2765515786752,Fisheries & Mariculture,Non-market Use,-12829.580650934502,49147.90273474576
2080,idn,18.879905477203767,255.91263000807453,Fisheries & Mariculture,Non-market Use,-14545.706564935695,51922.34202518867
2085,idn,19.470826779647304,250.9678751591411,Fisheries & Mariculture,Non-market Use,-15844.9761226185,54682.015084796556
2090,idn,20.042154768459962,246.42173883135712,Fisheries & Mariculture,Non-market Use,-17553.41082519742,57408.314855449535
2095,idn,20.591040947319364,242.25553882028615,Fisheries & Mariculture,Non-market Use,-19150.460706153837,60081.979176753215
2100,idn,21.114679365919184,238.4523303646986,Fisheries & Mariculture,Non-market Use,-20827.060260915794,62683.305246304844
2030,ind,46.903417143230975,1612.14253,Fisheries & Mariculture,Non-market Use,-283.97007572735987,20338.699540013386
2035,ind,52.4386431461675,1594.675807,Fisheries & Mariculture,Non-market Use,-715.4360081884015,23017.83885738315
2040,ind,57.943021336136574,1570.023735,Fisheries & Mariculture,Non-market Use,-1166.0589548084045,25866.821603251035
2045,ind,63.251393068489655,1539.493031,Fisheries & Mariculture,Non-market Use,-1642.8419455542,28833.83655426519
2050,ind,68.32080799596818,1504.980714,Fisheries & Mariculture,Non-market Use,-2178.9215637373422,31900.193216974287
2055,ind,73.14362241270418,1468.261304,Fisheries & Mariculture,Non-market Use,-2625.098322457067,35051.35661063287
2060,ind,77.7274800245657,1430.166586,Fisheries & Mariculture,Non-market Use,-3193.034318373502,38289.47604100333
2065,ind,82.11360224534106,1391.607973,Fisheries & Mariculture,Non-market Use,-3601.7262912746287,41624.4666324301
2070,ind,86.5155496718658,1355.9648877023194,Fisheries & Mariculture,Non-market Use,-4218.940498168137,45066.57119048091
2075,ind,90.9093753467055,1323.0626277331075,Fisheries & Mariculture,Non-market Use,-4627.329247167016,48595.34254178832
2080,ind,95.26984974372859,1292.7422851335948,Fisheries & Mariculture,Non-market Use,-5233.509666366444,52187.53379060519
2085,ind,99.57067313127523,1264.859463666976,Fisheries & Mariculture,Non-market Use,-5687.922937734469,55817.26801435375
2090,ind,103.78471501666077,1239.2831285202449,Fisheries & Mariculture,Non-market Use,-6287.688393736693,59456.27750035854
2095,ind,107.88427814667966,1215.8945755275595,Fisheries & Mariculture,Non-market Use,-6846.039582742446,63074.21184905147
2100,ind,111.84138391128495,1194.5865085166383,Fisheries & Mariculture,Non-market Use,-7431.594112584789,66639.01216883698
2030,irl,0.9741801307448537,6.273234,Fisheries & Mariculture,Non-market Use,-0.5640282601235221,111803.97215884378
2035,irl,1.0394886484485149,6.351009,Fisheries & Mariculture,Non-market Use,-1.4543915816052932,117914.07943659206
2040,irl,1.0949044856927166,6.421942,Fisheries & Mariculture,Non-market Use,-2.4345623659303786,122907.25154356078
2045,irl,1.142439831911807,6.490833999999999,Fisheries & Mariculture,Non-market Use,-3.5355647302557225,126963.62542488285
2050,irl,1.1849972878926145,6.558123,Fisheries & Mariculture,Non-market Use,-4.846524973672945,130425.62618999857
2055,irl,1.2239370095594024,6.617374,Fisheries & Mariculture,Non-market Use,-6.039043208537266,133590.9353828303
2060,irl,1.2581442299433165,6.658726,Fisheries & Mariculture,Non-market Use,-7.5883672067105845,136559.2691652556
2065,irl,1.285242181733403,6.675874,Fisheries & Mariculture,Non-market Use,-8.819463432113787,139231.29202118938
2070,irl,1.3115396906817434,6.692206552651124,Fisheries & Mariculture,Non-market Use,-10.628317712641717,141824.10537041197
2075,irl,1.3369628771628603,6.707717351889352,Fisheries & Mariculture,Non-market Use,-11.974709560193338,144331.22773432243
2080,irl,1.3614390950073818,6.722400392846087,Fisheries & Mariculture,Non-market Use,-13.891389440187645,146746.29176850241
2085,irl,1.3848972709993734,6.7362499757166265,Fisheries & Mariculture,Non-market Use,-15.46214918425236,149063.0706819717
2090,irl,1.4072682432161996,6.749260709442221,Fisheries & Mariculture,Non-market Use,-17.479013292089157,151275.5045247926
2095,irl,1.4284850959998245,6.761427515202341,Fisheries & Mariculture,Non-market Use,-19.432206474420674,153377.72619189665
2100,irl,1.448483489326242,6.772745629714028,Fisheries & Mariculture,Non-market Use,-21.506482053535986,155364.0869897744
2030,irn,3.2762433094383496,103.294673,Fisheries & Mariculture,Non-market Use,-11.442479751897276,19346.385362943787
2035,irn,3.4950536384144386,102.219966,Fisheries & Mariculture,Non-market Use,-28.840793610224,20951.311373483364
2040,irn,3.6996004530926463,100.633024,Fisheries & Mariculture,Non-market Use,-47.003251237930634,22630.273062361535
2045,irn,3.8937904670276526,98.684343,Fisheries & Mariculture,Non-market Use,-66.22765765617636,24399.06616386523
2050,irn,4.086147418884218,96.60197900000001,Fisheries & Mariculture,Non-market Use,-87.95687100992632,26274.9168321933
2055,irn,4.286615670437891,94.618495,Fisheries & Mariculture,Non-market Use,-106.38768106875409,28268.806257857366
2060,irn,4.499732050332817,92.80778900000011,Fisheries & Mariculture,Non-market Use,-130.3090177335208,30389.113667571866
2065,irn,4.720936816648872,91.05531500000001,Fisheries & Mariculture,Non-market Use,-148.20818347658206,32642.00703763372
2070,irn,4.941411953380693,89.42190179052947,Fisheries & Mariculture,Non-market Use,-174.97336502663038,34945.45309711926
2075,irn,5.160037746599709,87.90221681962021,Fisheries & Mariculture,Non-market Use,-193.34053360184743,37287.011912804905
2080,irn,5.3756530746855375,86.49135035569721,Fisheries & Mariculture,Non-market Use,-220.20482923085524,39652.96261931026
2085,irn,5.587064788784208,85.18478896160336,Fisheries & Mariculture,Non-market Use,-240.9054174978358,42028.40510015285
2090,irn,5.793057948016478,83.97839134029994,Fisheries & Mariculture,Non-market Use,-267.9545340310751,44397.38917998802
2095,irn,5.992406800507839,82.86836637062852,Fisheries & Mariculture,Non-market Use,-293.43056360424055,46743.07049710534
2100,irn,6.183886383124621,81.85125316942344,Fisheries & Mariculture,Non-market Use,-320.2305747863641,49047.8915213389
2030,isl,0.03414925464244726,0.437403,Fisheries & Mariculture,Non-market Use,-0.21885337097108795,58631.47101997761
2035,isl,0.035722321951954183,0.441892,Fisheries & Mariculture,Non-market Use,-0.5631406388907207,60693.316246247006
2040,isl,0.037109802232886985,0.445573,Fisheries & Mariculture,Non-market Use,-0.9400165457707704,62513.39393630056
2045,isl,0.03829260919384546,0.448254,Fisheries & Mariculture,Non-market Use,-1.358765684526462,64103.24846312354
2050,isl,0.039259260025369336,0.449818999999999,Fisheries & Mariculture,Non-market Use,-1.849910847765228,65475.59959561499
2055,isl,0.04002775480715313,0.450370999999999,Fisheries & Mariculture,Non-market Use,-2.2872570782853114,66657.93741231503
2060,isl,0.04063696440095082,0.450447999999999,Fisheries & Mariculture,Non-market Use,-2.8566955824623474,67643.10144439962
2065,isl,0.04113025968844012,0.450748999999999,Fisheries & Mariculture,Non-market Use,-3.313835229746554,68400.52324562341
2070,isl,0.041604578954108254,0.4510351410785475,Fisheries & Mariculture,Non-market Use,-3.9862788700414744,69127.25211125039
2075,isl,0.04205911606667863,0.4513063941859387,Fisheries & Mariculture,Non-market Use,-4.483568686633157,69822.10930419258
2080,isl,0.04249309112974942,0.4515627317453295,Fisheries & Mariculture,Non-market Use,-5.192798954150365,70483.95756895836
2085,isl,0.04290575269370556,0.4518041276574088,Fisheries & Mariculture,Non-market Use,-5.771171291176383,71111.70420898616
2090,isl,0.04329637990815165,0.4520305573048235,Fisheries & Mariculture,Non-market Use,-6.514642805905479,71704.30407125667
2095,isl,0.043664284606305635,0.45224199755636,Fisheries & Mariculture,Non-market Use,-7.232970879978454,72260.76242686227
2100,isl,0.04400881331297732,0.4524384267708796,Fisheries & Mariculture,Non-market Use,-7.995142357894605,72780.1377365003
2030,isr,1.026437382258557,14.90709,Fisheries & Mariculture,Non-market Use,-0.4843685365175121,51890.90917437356
2035,isr,1.1321275496545367,15.537051,Fisheries & Mariculture,Non-market Use,-1.2858221105475716,54894.971671501226
2040,isr,1.2402761830039453,16.158644,Fisheries & Mariculture,Non-market Use,-2.213773133611928,57806.05671297518
2045,isr,1.3503183920715294,16.773649,Fisheries & Mariculture,Non-market Use,-3.3018665423125637,60606.95882765163
2050,isr,1.4628588480950262,17.377295,Fisheries & Mariculture,Non-market Use,-4.640948458986809,63356.046180277226
2055,isr,1.578685214923592,17.96332,Fisheries & Mariculture,Non-market Use,-5.924377678725461,66119.66753591802
2060,isr,1.698075959574605,18.528908,Fisheries & Mariculture,Non-market Use,-7.630986641681947,68925.96797024169
2065,isr,1.8206571406247296,19.074909,Fisheries & Mariculture,Non-market Use,-9.10689190370577,71762.09178180055
2070,isr,1.945515740889572,19.608894781540045,Fisheries & Mariculture,Non-market Use,-11.254390548030496,74570.1109091116
2075,isr,2.071914830596157,20.12893776214387,Fisheries & Mariculture,Non-market Use,-12.98628009789747,77337.1048124337
2080,isr,2.199047601487257,20.633115187225158,Fisheries & Mariculture,Non-market Use,-15.408479603625944,80049.81964314486
2085,isr,2.3260439708337883,21.119520604116,Fisheries & Mariculture,Non-market Use,-17.51900329263432,82694.76310877818
2090,isr,2.451978804098294,21.586275554112294,Fisheries & Mariculture,Non-market Use,-20.202824873189147,85258.30644357555
2095,isr,2.5758816950231953,22.031541385599752,Fisheries & Mariculture,Non-market Use,-22.882437068471695,87726.79256120007
2100,isr,2.6967481981478754,22.45353108721904,Fisheries & Mariculture,Non-market Use,-25.766945227191943,90086.64932787056
2030,ita,2.4957387518789735,53.187158,Fisheries & Mariculture,Non-market Use,-16.499307841594657,37355.120964548296
2035,ita,2.57798039464168,52.19509,Fisheries & Mariculture,Non-market Use,-41.239922319448304,39262.35443639473
2040,ita,2.6526793058274416,51.358998,Fisheries & Mariculture,Non-market Use,-67.17700406975287,40997.95910540123
2045,ita,2.7223610751610283,50.687047,Fisheries & Mariculture,Non-market Use,-95.2587425887499,42570.573004478225
2050,ita,2.7872571583045507,50.08742100000001,Fisheries & Mariculture,Non-market Use,-127.71124290517834,44042.80116072666
2055,ita,2.8451414963900823,49.440929,Fisheries & Mariculture,Non-market Use,-155.67491694005744,45478.767603954824
2060,ita,2.8931345086802143,48.679481,Fisheries & Mariculture,Non-market Use,-191.40474384786364,46900.56481505935
2065,ita,2.927478444425421,47.78132,Fisheries & Mariculture,Non-market Use,-217.79190811488178,48278.52163621917
2070,ita,2.96049249016879,46.94380999768724,Fisheries & Mariculture,Non-market Use,-257.230871862833,49621.0680072467
2075,ita,2.9921216685551824,46.16428670329962,Fisheries & Mariculture,Non-market Use,-284.3452174056278,50923.088666375676
2080,ita,3.02231281553284,45.440295467171524,Fisheries & Mariculture,Non-market Use,-323.9753900327366,52179.520269437155
2085,ita,3.051014728099201,44.769578353863096,Fisheries & Mariculture,Non-market Use,-354.5555044766437,53385.38390836294
2090,ita,3.0781783079807634,44.15006236214755,Fisheries & Mariculture,Non-market Use,-394.49508211760264,54535.81777913352
2095,ita,3.103756700687041,43.57984870451069,Fisheries & Mariculture,Non-market Use,-432.1345613722074,55626.10970138561
2100,ita,3.127705429391245,43.05720306825196,Fisheries & Mariculture,Non-market Use,-471.7370539031807,56651.72918674031
2030,jam,0.05788581854636032,2.605489999999999,Fisheries & Mariculture,Non-market Use,-1.2080352042013545,18025.021098564277
2035,jam,0.06594778277333256,2.536261,Fisheries & Mariculture,Non-market Use,-2.995114092411488,21057.453921354332
2040,jam,0.07458609660279987,2.461506,Fisheries & Mariculture,Non-market Use,-4.812117543809839,24494.113323678128
2045,jam,0.08358059265886192,2.383114999999999,Fisheries & Mariculture,Non-market Use,-6.6939751181494795,28298.855340882994
2050,jam,0.09289905689793318,2.304611,Fisheries & Mariculture,Non-market Use,-8.782725932624343,32465.66594570674
2055,jam,0.10255717748308373,2.229835,Fisheries & Mariculture,Non-market Use,-10.493877428027256,36974.705439083395
2060,jam,0.11262044868732435,2.161781,Fisheries & Mariculture,Non-market Use,-12.704269341661526,41803.84462207316
2065,jam,0.1231505569770954,2.101298,Fisheries & Mariculture,Non-market Use,-14.315366881457068,46941.52532065195
2070,jam,0.1340895052784741,2.045446752076505,Fisheries & Mariculture,Non-market Use,-16.75190389231938,52409.66541041441
2075,jam,0.14537324037991994,1.9939414051818571,Fisheries & Mariculture,Non-market Use,-18.356227407703297,58179.72695796663
2080,jam,0.15692688436070973,1.9465223445516766,Fisheries & Mariculture,Non-market Use,-20.742519514032725,64214.17177578418
2085,jam,0.1686651227012973,1.9029540049407654,Fisheries & Mariculture,Non-market Use,-22.524790405767398,70466.34532021912
2090,jam,0.18049287264005295,1.8630229132572764,Fisheries & Mariculture,Non-market Use,-24.88053459835481,76880.62981086985
2095,jam,0.19230623923208173,1.826535937747834,Fisheries & Mariculture,Non-market Use,-27.07027977675072,83392.89138070917
2100,jam,0.20399375784779505,1.7933187235481434,Fisheries & Mariculture,Non-market Use,-29.365871710590234,89931.23611494058
2030,jpn,6.058731276223251,96.43999099999999,Fisheries & Mariculture,Non-market Use,-103.11504331169063,45736.56607963174
2035,jpn,6.171230301258511,92.954799,Fisheries & Mariculture,Non-market Use,-253.14300459696716,48351.83160182412
2040,jpn,6.2610099285952066,89.435694,Fisheries & Mariculture,Non-market Use,-403.20034705704916,51005.898338531086
2045,jpn,6.341642675743228,86.1483079999999,Fisheries & Mariculture,Non-market Use,-558.0338362017911,53655.68373520269
2050,jpn,6.42040888501341,83.172694,Fisheries & Mariculture,Non-market Use,-730.9491348247237,56288.07475793442
2055,jpn,6.492418396083278,80.41215700000001,Fisheries & Mariculture,Non-market Use,-872.6893150185076,58896.97001182733
2060,jpn,6.547215218487841,77.734792,Fisheries & Mariculture,Non-market Use,-1053.484439918627,61464.30297437435
2065,jpn,6.573245398304557,75.0409,Fisheries & Mariculture,Non-market Use,-1178.9287457923317,63949.499031994426
2070,jpn,6.59807238447929,72.57039134830566,Fisheries & Mariculture,Non-market Use,-1370.5981682283586,66402.80511396335
2075,jpn,6.621681522775838,70.30696319092327,Fisheries & Mariculture,Non-market Use,-1492.6021560760155,68813.26689814594
2080,jpn,6.644058826977501,68.23595410104657,Fisheries & Mariculture,Non-market Use,-1676.8339941205352,71169.80402201499
2085,jpn,6.665190992664151,66.34418557747297,Fisheries & Mariculture,Non-market Use,-1810.9648536813331,73461.29398156884
2090,jpn,6.685065410366416,64.61982188353973,Fisheries & Mariculture,Non-market Use,-1990.1323321183916,75676.65906397827
2095,jpn,6.703670178078783,63.052246133810506,Fisheries & Mariculture,Non-market Use,-2154.9627747261834,77804.95537033888
2100,jpn,6.7209941131143225,61.63195080533986,Fisheries & Mariculture,Non-market Use,-2327.3731313163944,79835.46293002149
2030,khm,0.51955948374494,20.742696,Fisheries & Mariculture,Non-market Use,-19.13294940490787,21103.618036550208
2035,khm,0.6186592208512953,20.651101,Fisheries & Mariculture,Non-market Use,-48.51646818615097,25176.07880523237
2040,khm,0.7226008614181171,20.447703,Fisheries & Mariculture,Non-market Use,-79.52549803335009,29622.649044990805
2045,khm,0.829876897738261,20.158903,Fisheries & Mariculture,Non-market Use,-112.65034582959356,34419.45741508497
2050,khm,0.9402540927702446,19.817535,Fisheries & Mariculture,Non-market Use,-150.24771462663463,39567.37819436727
2055,khm,1.053126192740736,19.436076,Fisheries & Mariculture,Non-market Use,-181.96941064823648,45070.77891235153
2060,khm,1.1672010481864696,19.002906,Fisheries & Mariculture,Non-market Use,-222.16956151574064,50959.781966107505
2065,khm,1.2811540027394421,18.518886,Fisheries & Mariculture,Non-market Use,-250.98989367194525,57248.506832849285
2070,khm,1.3999781932013518,18.07077897670398,Fisheries & Mariculture,Non-market Use,-294.42820365226237,63943.28373164268
2075,khm,1.5229891230712385,17.656528830106726,Fisheries & Mariculture,Non-market Use,-323.3723674158621,71008.76073850815
2080,khm,1.6493741567432951,17.274261185268823,Fisheries & Mariculture,Non-market Use,-366.2082605062575,78398.3885714844
2085,khm,1.7781958767828674,16.92226921524513,Fisheries & Mariculture,Non-market Use,-398.4901655597017,86054.27312362813
2090,khm,1.9083988145596262,16.599000892012242,Fisheries & Mariculture,Non-market Use,-441.0115871682543,93907.366488018
2095,khm,2.0388196864442465,16.303047531603774,Fisheries & Mariculture,Non-market Use,-480.68421220975574,101878.02810672396
2100,khm,2.1682011608961798,16.033133514607613,Fisheries & Mariculture,Non-market Use,-522.3124334187131,109876.97505607666
2030,kor,2.7555371778643627,40.27092700000001,Fisheries & Mariculture,Non-market Use,-23.397324217630718,44877.34408215509
2035,kor,2.729849668779848,38.152461,Fisheries & Mariculture,Non-market Use,-56.458114540791165,47058.34537937743
2040,kor,2.6902323362136933,36.148126,Fisheries & Mariculture,Non-market Use,-88.55345337430491,49082.775062434644
2045,kor,2.6375821763749436,34.250874,Fisheries & Mariculture,Non-market Use,-120.55775112229433,50928.48374318728
2050,kor,2.575671849789875,32.468225,Fisheries & Mariculture,Non-market Use,-155.05102214696223,52608.55500927953
2055,kor,2.506312937037541,30.747903,Fisheries & Mariculture,Non-market Use,-181.32728044360297,54204.9402720691
2060,kor,2.4311323430068965,29.069959,Fisheries & Mariculture,Non-market Use,-214.0754190540043,55766.664468903466
2065,kor,2.353287142590559,27.507702,Fisheries & Mariculture,Non-market Use,-234.82997559200828,57203.058440285335
2070,kor,2.281702185773976,26.103317666219436,Fisheries & Mariculture,Non-market Use,-267.88974543579417,58606.636527496514
2075,kor,2.2159478026332957,24.840774376339066,Fisheries & Mariculture,Non-market Use,-286.5632897599111,59973.53238731141
2080,kor,2.1556360857048946,23.70604547608063,Fisheries & Mariculture,Non-market Use,-316.55240218150897,61299.93921884824
2085,kor,2.100417068575176,22.686850767554887,Fisheries & Mariculture,Non-market Use,-336.50464846937064,62582.127932912474
2090,kor,2.049975330551907,21.772435354561836,Fisheries & Mariculture,Non-market Use,-364.3618576004891,63816.465086992954
2095,kor,2.004026981158229,20.95338027169095,Fisheries & Mariculture,Non-market Use,-389.13742798376705,64999.430462173994
2100,kor,1.9623169839283818,20.22144022141354,Fisheries & Mariculture,Non-market Use,-414.9367344023703,66127.634160346
2030,kwt,0.5528780426300735,5.614737,Fisheries & Mariculture,Non-market Use,-0.4171118482410087,61932.946992614816
2035,kwt,0.5753722820147806,5.543323,Fisheries & Mariculture,Non-market Use,-1.0488721161978052,65532.09950272274
2040,kwt,0.5965303432170467,5.469161000000001,Fisheries & Mariculture,Non-market Use,-1.7131246526975386,69124.88139356939
2045,kwt,0.6180510486691706,5.405680999999999,Fisheries & Mariculture,Non-market Use,-2.4328897865448345,72734.0071850538
2050,kwt,0.6414284469210391,5.35346,Fisheries & Mariculture,Non-market Use,-3.268881599184455,76508.91997973193
2055,kwt,0.6668421441153263,5.300115,Fisheries & Mariculture,Non-market Use,-3.996515303107097,80642.66432853178
2060,kwt,0.692912490519135,5.228879,Fisheries & Mariculture,Non-market Use,-4.9235632040710176,85254.93723611778
2065,kwt,0.7176157710599156,5.127147,Fisheries & Mariculture,Non-market Use,-5.59659052753491,90382.12044601815
2070,kwt,0.7419205581113298,5.032381913128837,Fisheries & Mariculture,Non-market Use,-6.603626709758097,95556.60636333247
2075,kwt,0.765725994935017,4.944263819535969,Fisheries & Mariculture,Non-market Use,-7.292989727160282,100751.91129913142
2080,kwt,0.7889302994896438,4.8624984220472,Fisheries & Mariculture,Non-market Use,-8.302225313108597,105939.86813307239
2085,kwt,0.8114314571764545,4.786815402498007,Fisheries & Mariculture,Non-market Use,-9.07845771597055,111090.84983724417
2090,kwt,0.8331279403549002,4.716966926678392,Fisheries & Mariculture,Non-market Use,-10.0933950278202,116174.02579354681
2095,kwt,0.853919447887217,4.652726286271645,Fisheries & Mariculture,Non-market Use,-11.048541601206006,121157.64834058071
2100,kwt,0.8737076574805788,4.593886667328322,Fisheries & Mariculture,Non-market Use,-12.053096102004902,126009.36625652615
2030,lbn,0.14526077860826922,7.389493000000001,Fisheries & Mariculture,Non-market Use,-1.7426390314074784,18604.925178752972
2035,lbn,0.16514190471783022,7.436367000000001,Fisheries & Mariculture,Non-market Use,-4.466659604706367,20921.235825749416
2040,lbn,0.1859317307569935,7.457186,Fisheries & Mariculture,Non-market Use,-7.415030113848919,23380.660255165414
2045,lbn,0.207426462271501,7.45097300000001,Fisheries & Mariculture,Non-market Use,-10.645221397889113,25984.083871972765
2050,lbn,0.229626797187566,7.411209,Fisheries & Mariculture,Non-market Use,-14.365586983183313,28784.473625389302
2055,lbn,0.2522263458975884,7.33727,Fisheries & Mariculture,Non-market Use,-17.563067686834167,31786.28189804127
2060,lbn,0.2747044554465118,7.232638,Fisheries & Mariculture,Non-market Use,-21.619086593218288,34954.42153623476
2065,lbn,0.296895717321805,7.102316,Fisheries & Mariculture,Non-market Use,-24.610330274275796,38289.23765970132
2070,lbn,0.31968044453684225,6.9807409088003025,Fisheries & Mariculture,Non-market Use,-29.079044296477562,41746.218377009645
2075,lbn,0.34292251829438875,6.867536058088156,Fisheries & Mariculture,Non-market Use,-32.15693153887587,45302.01732132588
2080,lbn,0.3664692819787675,6.762354189586257,Fisheries & Mariculture,Non-market Use,-36.65241902442368,48929.641586678445
2085,lbn,0.390152671583564,6.664875673703642,Fisheries & Mariculture,Non-market Use,-40.12611697009325,52598.66015043557
2090,lbn,0.41379074861907245,6.574806884741537,Fisheries & Mariculture,Non-market Use,-44.66086473188592,56275.51732705914
2095,lbn,0.43718963086318374,6.4918787210503215,Fisheries & Mariculture,Non-market Use,-48.937021821906356,59923.95122725106
2100,lbn,0.460145804696334,6.415845259656973,Fisheries & Mariculture,Non-market Use,-53.43698054070156,63505.5135160122
2030,lka,0.5473987799616254,22.64833,Fisheries & Mariculture,Non-market Use,-64.73585598532252,17367.83386097464
2035,lka,0.6070326264670685,22.400952,Fisheries & Mariculture,Non-market Use,-163.08140076197338,19485.92346087848
2040,lka,0.6693851461547466,22.112799,Fisheries & Mariculture,Non-market Use,-266.50022341699616,21782.3635224627
2045,lka,0.7341987429567363,21.787123,Fisheries & Mariculture,Non-market Use,-377.2745497162387,24265.174123302106
2050,lka,0.8013735181209346,21.436009,Fisheries & Mariculture,Non-market Use,-503.609787214363,26937.514770700163
2055,lka,0.8699326045642763,21.058246,Fisheries & Mariculture,Non-market Use,-610.9476303855063,29786.981051526003
2060,lka,0.9391410328962885,20.657308,Fisheries & Mariculture,Non-market Use,-748.3939236300591,32803.227096113435
2065,lka,1.008620614984009,20.234737,Fisheries & Mariculture,Non-market Use,-849.8277932789231,35990.34064013994
2070,lka,1.0795094480148972,19.84150655601448,Fisheries & Mariculture,Non-market Use,-1001.7726487747195,39310.039782271844
2075,lka,1.1513873411241569,19.476212068456206,Fisheries & Mariculture,Non-market Use,-1105.335358892632,42742.944233477065
2080,lka,1.223792040959637,19.137563390299174,Fisheries & Mariculture,Non-market Use,-1257.208436962068,46266.22412741239
2085,lka,1.2962229595030874,18.82437720749541,Fisheries & Mariculture,Non-market Use,-1373.6358432090258,49853.71926590852
2090,lka,1.368145886702613,18.535570121610288,Fisheries & Mariculture,Non-market Use,-1526.0402579725342,53476.149173504666
2095,lka,1.4389986561796129,18.27015237786065,Fisheries & Mariculture,Non-market Use,-1669.2647520962003,57101.41612192868
2100,lka,1.5081977052469053,18.027222187523062,Fisheries & Mariculture,Non-market Use,-1819.8381141500572,60695.00036181656
2030,ltu,0.09519949102233868,1.872388999999999,Fisheries & Mariculture,Non-market Use,-2.183238439802977,40173.53007222917
2035,ltu,0.09508438926594057,1.80547,Fisheries & Mariculture,Non-market Use,-5.361972863978472,41557.92453165045
2040,ltu,0.09488451196441096,1.748405,Fisheries & Mariculture,Non-market Use,-8.595918249765267,42768.19377532852
2045,ltu,0.09459848065360135,1.699925,Fisheries & Mariculture,Non-market Use,-12.008361756377614,43797.97129916621
2050,ltu,0.09427247388248576,1.657608,Fisheries & Mariculture,Non-market Use,-15.88650788409302,44702.71429621539
2055,ltu,0.09401401185464568,1.620329,Fisheries & Mariculture,Non-market Use,-19.177031095001777,45546.04684791342
2060,ltu,0.09391820859632632,1.588215999999999,Fisheries & Mariculture,Non-market Use,-23.472668876212634,46358.703000945854
2065,ltu,0.09396300868115194,1.56093,Fisheries & Mariculture,Non-market Use,-26.743187640358343,47129.57426374261
2070,ltu,0.09400558906339289,1.535453642136209,Fisheries & Mariculture,Non-market Use,-31.624787189896466,47870.19873490867
2075,ltu,0.09404594665309098,1.5117120671417534,Fisheries & Mariculture,Non-market Use,-34.99895083555498,48578.796064064205
2080,ltu,0.09408407851785877,1.4896361724621732,Fisheries & Mariculture,Non-market Use,-39.920615792451166,49253.64726895913
2085,ltu,0.09411998188323459,1.4691622759131893,Fisheries & Mariculture,Non-market Use,-43.73379287807057,49893.10170638608
2090,ltu,0.09415365413301856,1.4502318083977983,Fisheries & Mariculture,Non-market Use,-48.70727646471467,50495.58382205724
2095,ltu,0.09418509280959031,1.432791033599686,Fisheries & Mariculture,Non-market Use,-53.40258576100893,51059.59964067744
2100,ltu,0.0942142956142078,1.416790792767948,Fisheries & Mariculture,Non-market Use,-58.34532300811579,51583.74295866653
2030,lva,0.058246065689111795,1.30938,Fisheries & Mariculture,Non-market Use,-1.0561430137250485,34088.761065214654
2035,lva,0.06005232440278368,1.270929,Fisheries & Mariculture,Non-market Use,-2.611004161955248,36184.464294669284
2040,lva,0.06181579968462377,1.23679,Fisheries & Mariculture,Non-market Use,-4.20627963331113,38249.01265702961
2045,lva,0.06353188302991698,1.206142,Fisheries & Mariculture,Non-market Use,-5.893921968025997,40282.171428551635
2050,lva,0.0652493420482595,1.178172,Fisheries & Mariculture,Non-market Use,-7.811010922559429,42324.2924530978
2055,lva,0.06703902390168784,1.152433,Fisheries & Mariculture,Non-market Use,-9.435084471112075,44425.95175232078
2060,lva,0.06890471169108757,1.128148,Fisheries & Mariculture,Non-market Use,-11.533760329375097,46613.30100619742
2065,lva,0.07072403929872736,1.103442,Fisheries & Mariculture,Non-market Use,-13.077694674689035,48881.7372863171
2070,lva,0.07249803536313275,1.0804852991509981,Fisheries & Mariculture,Non-market Use,-15.39436234215802,51137.36263053466
2075,lva,0.07422081899575869,1.0591893142086484,Fisheries & Mariculture,Non-market Use,-16.963344258547053,53368.471143470626
2080,lva,0.07588655686018943,1.0394728572213443,Fisheries & Mariculture,Non-market Use,-19.27001776458369,55563.009329388304
2085,lva,0.07748949523181699,1.0212616179793226,Fisheries & Mariculture,Non-market Use,-21.029857261598035,57708.679301154276
2090,lva,0.07902399237849994,1.0044876954528918,Fisheries & Mariculture,Non-market Use,-23.337427413087948,59793.04940931165
2095,lva,0.08048455101418904,0.989089174068551,Fisheries & Mariculture,Non-market Use,-25.50156414420597,61803.67097265494
2100,lva,0.08186585057028173,0.9750097411063426,Fisheries & Mariculture,Non-market Use,-27.775457213244717,63728.199633653756
2030,mar,1.1583200174359036,44.4217449999999,Fisheries & Mariculture,Non-market Use,-67.34410365247133,18870.00183902578
2035,mar,1.3433273633857348,44.24773,Fisheries & Mariculture,Non-market Use,-170.85362771006436,21981.652247437076
2040,mar,1.5444908744524608,43.945127,Fisheries & Mariculture,Non-market Use,-280.90523608893625,25460.940322624727
2045,mar,1.7634701794023464,43.52469000000001,Fisheries & Mariculture,Non-market Use,-399.75008271924634,29367.195664247927
2050,mar,1.9991924795301284,43.034147,Fisheries & Mariculture,Non-market Use,-536.2393518680485,33690.04249665521
2055,mar,2.2519145129874922,42.469269,Fisheries & Mariculture,Non-market Use,-653.509382577293,38473.99159031454
2060,mar,2.521828833388204,41.84187,Fisheries & Mariculture,Non-market Use,-804.012619145303,43754.680134849696
2065,mar,2.807761780610264,41.137272,Fisheries & Mariculture,Non-market Use,-916.3557432617215,49576.344722343194
2070,mar,3.110197065225228,40.47917575339766,Fisheries & Mariculture,Non-market Use,-1083.980419588435,55838.73848618654
2075,mar,3.4275766674307353,39.86568998782975,Fisheries & Mariculture,Non-market Use,-1200.0078994507523,62516.80018783535
2080,mar,3.757911749085182,39.29506796211871,Fisheries & Mariculture,Non-market Use,-1369.1591727603836,69573.96546510213
2085,mar,4.098778906313351,38.76569914956855,Fisheries & Mariculture,Non-market Use,-1500.3544488204666,76961.64661459503
2090,mar,4.447328315330689,38.27610163475765,Fisheries & Mariculture,Non-market Use,-1671.4099862616997,84619.04230580022
2095,mar,4.800304842897264,37.824915173403205,Fisheries & Mariculture,Non-market Use,-1832.9738439402402,92473.32673965617
2100,mar,5.154082799802608,37.41089486962909,Fisheries & Mariculture,Non-market Use,-2003.0753807396325,100440.25652339603
2030,mdg,0.3628145794989585,57.503786,Fisheries & Mariculture,Non-market Use,-24.752440196395497,5265.737985662547
2035,mdg,0.46273530906752663,59.75377,Fisheries & Mariculture,Non-market Use,-65.51128811666214,6447.760537945868
2040,mdg,0.5839023827599406,61.632299,Fisheries & Mariculture,Non-market Use,-111.86007270403044,7869.400026031185
2045,mdg,0.7267274260249619,63.165612,Fisheries & Mariculture,Non-market Use,-164.7218467259086,9533.805755581054
2050,mdg,0.8922826422695174,64.395723,Fisheries & Mariculture,Non-market Use,-227.83483393612968,11454.710654503984
2055,mdg,1.0822244194893877,65.329568,Fisheries & Mariculture,Non-market Use,-285.4331736912299,13661.771253655501
2060,mdg,1.2986243661112,65.986185,Fisheries & Mariculture,Non-market Use,-360.01651056285704,16191.544027489168
2065,mdg,1.5434156837512978,66.36189999999999,Fisheries & Mariculture,Non-market Use,-419.725203388217,19088.754923740602
2070,mdg,1.819803552571361,66.72086154923298,Fisheries & Mariculture,Non-market Use,-507.30488103026374,22332.102763410785
2075,mdg,2.1285340130452073,67.06276986909224,Fisheries & Mariculture,Non-market Use,-573.1706258264688,25924.869745015843
2080,mdg,2.469579245522319,67.38733803884111,Fisheries & Mariculture,Non-market Use,-666.6713866643374,29861.41071392606
2085,mdg,2.8419927460256873,67.69429239556001,Fisheries & Mariculture,Non-market Use,-743.9023333322323,34125.7490967181
2090,mdg,3.2437804957272376,67.98337291749878,Fisheries & Mariculture,Non-market Use,-842.8991578804013,38690.38858618282
2095,mdg,3.671798424301536,68.25433359008484,Fisheries & Mariculture,Non-market Use,-939.1309519873575,43515.444399875254
2100,mdg,4.121686674208144,68.50694275386843,Fisheries & Mariculture,Non-market Use,-1041.4811210718087,48548.19641747699
2030,mdv,0.03127337286579405,0.7377210000000001,Fisheries & Mariculture,Non-market Use,-2.1106155586208892,37724.48105974443
2035,mdv,0.03347891616053842,0.7411810000000001,Fisheries & Mariculture,Non-market Use,-5.400954439899099,40054.05352534449
2040,mdv,0.035276141074113164,0.738576999999999,Fisheries & Mariculture,Non-market Use,-8.909594051603422,42202.46590553615
2045,mdv,0.03658151182099937,0.729634,Fisheries & Mariculture,Non-market Use,-12.646517983682564,44142.48395931055
2050,mdv,0.03748118797624411,0.714658,Fisheries & Mariculture,Non-market Use,-16.805706280835974,46010.54164606351
2055,mdv,0.03809600568460479,0.695496,Fisheries & Mariculture,Non-market Use,-20.19689952199539,47881.035281229226
2060,mdv,0.038598142269714586,0.675045,Fisheries & Mariculture,Non-market Use,-24.479217497581672,49801.59154852145
2065,mdv,0.039067162376184905,0.6557969999999991,Fisheries & Mariculture,Non-market Use,-27.568368824750223,51698.40143961365
2070,mdv,0.03951814575001349,0.6380327892833794,Fisheries & Mariculture,Non-market Use,-32.24376905027049,53555.937920036566
2075,mdv,0.039950325213934254,0.6216594073380063,Fisheries & Mariculture,Non-market Use,-35.31428004607497,55365.02507112148
2080,mdv,0.04036295854240548,0.606592492937372,Fisheries & Mariculture,Non-market Use,-39.886502312216834,57116.48326299435
2085,mdv,0.040755330568618145,0.5927555578541595,Fisheries & Mariculture,Non-market Use,-43.29471758122881,58801.205875140855
2090,mdv,0.04112675523490688,0.5800793374048812,Fisheries & Mariculture,Non-market Use,-47.80306205124058,60410.23760434133
2095,mdv,0.041476577578401695,0.5685012100793565,Fisheries & Mariculture,Non-market Use,-51.99034810776954,61934.85342594252
2100,mdv,0.04180417564393402,0.5579646794191114,Fisheries & Mariculture,Non-market Use,-56.37920287877957,63366.63723905065
2030,mex,4.915473631804545,152.576934,Fisheries & Mariculture,Non-market Use,-21.899565370977935,25277.886570666735
2035,mex,5.359999015634803,152.594193,Fisheries & Mariculture,Non-market Use,-55.784541247007354,27528.679612086496
2040,mex,5.7959714555643735,152.1555,Fisheries & Mariculture,Non-market Use,-92.0829907384787,29818.862746355837
2045,mex,6.212247931502995,151.339146,Fisheries & Mariculture,Non-market Use,-131.59724720481506,32095.431545728312
2050,mex,6.604879288820989,150.231439,Fisheries & Mariculture,Non-market Use,-177.23478372551477,34335.423508571126
2055,mex,6.969788292197979,148.889292,Fisheries & Mariculture,Non-market Use,-216.91178898427012,36516.278606006446
2060,mex,7.303659074863805,147.409673,Fisheries & Mariculture,Non-market Use,-268.17631085405327,38604.35888920514
2065,mex,7.603367891084358,145.736824,Fisheries & Mariculture,Non-market Use,-307.3552025364432,40602.183188926036
2070,mex,7.899775013629342,144.16565224062032,Fisheries & Mariculture,Non-market Use,-365.5057621083258,42594.72854402923
2075,mex,8.191528636591123,142.69322084552076,Fisheries & Mariculture,Non-market Use,-406.6593954357588,44571.186755079405
2080,mex,8.477250125876546,141.3167943471832,Fisheries & Mariculture,Non-market Use,-466.1785893805025,46520.33742689874
2085,mex,8.755544232870237,140.03383019268355,Fisheries & Mariculture,Non-market Use,-513.123455409247,48430.646215608554
2090,mex,9.025009897666058,138.84197089317206,Fisheries & Mariculture,Non-market Use,-574.0090154325605,50290.37200933429
2095,mex,9.284251533065238,137.73903678302943,Fisheries & Mariculture,Non-market Use,-631.9431296157788,52087.68177543555
2100,mex,9.531890669170243,136.72301935747527,Fisheries & Mariculture,Non-market Use,-693.080192300518,53810.77160533445
2030,mlt,0.042496057191747205,0.506869,Fisheries & Mariculture,Non-market Use,-0.18021059439385123,63156.53438644633
2035,mlt,0.043641207751895894,0.499123999999999,Fisheries & Mariculture,Non-market Use,-0.4519831958147811,65843.31678122428
2040,mlt,0.044453753778886634,0.488247,Fisheries & Mariculture,Non-market Use,-0.7319296162118892,68540.96427046438
2045,mlt,0.044926924696980876,0.474790999999999,Fisheries & Mariculture,Non-market Use,-1.022671092441091,71210.40943533323
2050,mlt,0.045105575570446685,0.459435,Fisheries & Mariculture,Non-market Use,-1.3426109525265582,73858.97736510269
2055,mlt,0.04513288868848302,0.443198999999999,Fisheries & Mariculture,Non-market Use,-1.5993975985054856,76585.9880565426
2060,mlt,0.045185052897014376,0.427247,Fisheries & Mariculture,Non-market Use,-1.9253577063278575,79511.23687674312
2065,mlt,0.04537701410687539,0.412367,Fisheries & Mariculture,Non-market Use,-2.1542353463465274,82703.23113557909
2070,mlt,0.045560151995865,0.39872332336330035,Fisheries & Mariculture,Non-market Use,-2.5040445057151173,85850.27128662363
2075,mlt,0.04573435127646914,0.386225394187715,Fisheries & Mariculture,Non-market Use,-2.726504828883091,88938.02521274298
2080,mlt,0.045899501867523236,0.37479177666509644,Fisheries & Mariculture,Non-market Use,-3.062573891805271,91952.02379354365
2085,mlt,0.04605549900986302,0.3643492895103094,Fisheries & Mariculture,Non-market Use,-3.3070807755659,94877.77274857282
2090,mlt,0.04620224337681389,0.3548322231039097,Fisheries & Mariculture,Non-market Use,-3.633782859971927,97700.86818280541
2095,mlt,0.046339641179356766,0.34618164759173453,Fisheries & Mariculture,Non-market Use,-3.9342592255123474,100407.114553417
2100,mlt,0.04646760426581443,0.3383448017028055,Fisheries & Mariculture,Non-market Use,-4.248536280556479,102982.64370814989
2030,moz,0.6518252226377326,68.95959299999991,Fisheries & Mariculture,Non-market Use,-97.84625380120612,8059.907530111899
2035,moz,0.8264475420217703,71.901769,Fisheries & Mariculture,Non-market Use,-259.8473759890255,9773.836454274313
2040,moz,1.031933266071312,74.257716,Fisheries & Mariculture,Non-market Use,-444.25901438627307,11783.974435297825
2045,moz,1.2681108701008978,76.06049400000009,Fisheries & Mariculture,Non-market Use,-653.8190472153992,14098.369786199231
2050,moz,1.5357573099877362,77.281198,Fisheries & Mariculture,Non-market Use,-901.2906779939849,16757.345399590224
2055,moz,1.8342272453310857,78.06427000000001,Fisheries & Mariculture,Non-market Use,-1124.2810620245116,19757.844829499372
2060,moz,2.163512184809884,78.492873,Fisheries & Mariculture,Non-market Use,-1411.651700777299,23112.48733035843
2065,moz,2.5220582166697114,78.606618,Fisheries & Mariculture,Non-market Use,-1638.8276408258896,26828.040382476214
2070,moz,2.919125667203423,78.71483233783152,Fisheries & Mariculture,Non-market Use,-1972.8401707431829,30921.538862751295
2075,moz,3.354518099306196,78.81749231746866,Fisheries & Mariculture,Non-market Use,-2220.5112805813656,35386.76425733228
2080,moz,3.827053815762912,78.9145754158807,Fisheries & Mariculture,Non-market Use,-2573.4674010743934,40207.3650874928
2085,moz,4.334441745071525,79.00606029125969,Fisheries & Mariculture,Non-market Use,-2861.885183154195,45355.760400226936
2090,moz,4.873182721064531,79.09192679083185,Fisheries & Mariculture,Non-market Use,-3232.4588148291864,50792.32639146407
2095,moz,5.438505272794635,79.17215595824908,Fisheries & Mariculture,Non-market Use,-3590.84225795613,56464.95178168642
2100,moz,6.024344550255139,79.2467300405566,Fisheries & Mariculture,Non-market Use,-3971.2396726092275,62309.04023174673
2030,mrt,0.1410547348511709,9.510854,Fisheries & Mariculture,Non-market Use,-1.6564118472758884,10723.384927683299
2035,mrt,0.16885398996780132,9.909952000000011,Fisheries & Mariculture,Non-market Use,-4.395918288398002,12326.567891669973
2040,mrt,0.20014514492127,10.24213,Fisheries & Mariculture,Non-market Use,-7.521149919662251,14144.763618032444
2045,mrt,0.234722273344788,10.500674,Fisheries & Mariculture,Non-market Use,-11.079365827684692,16188.866336717265
2050,mrt,0.27240036326819345,10.705829,Fisheries & Mariculture,Non-market Use,-15.325358259869283,18437.62388877945
2055,mrt,0.3129911851218435,10.863391,Fisheries & Mariculture,Non-market Use,-19.203805718173136,20889.22834157114
2060,mrt,0.35630168293687325,10.976731,Fisheries & Mariculture,Non-market Use,-24.23090593903508,23547.16104704614
2065,mrt,0.4023849471047209,11.04715,Fisheries & Mariculture,Non-market Use,-28.269864045275337,26437.662012963832
2070,mrt,0.4518263392380936,11.114477220923744,Fisheries & Mariculture,Non-market Use,-34.1919341063539,29522.41053386424
2075,mrt,0.5044207281832354,11.178649635668918,Fisheries & Mariculture,Non-market Use,-38.65618716824037,32787.66583445486
2080,mrt,0.559875281345747,11.239606848648815,Fisheries & Mariculture,Non-market Use,-44.98957260338466,36214.6733944466
2085,mrt,0.6178056964448534,11.29729119016543,Fisheries & Mariculture,Non-market Use,-50.230259679993935,39779.501316846974
2090,mrt,0.6777349035124356,11.351647807016128,Fisheries & Mariculture,Non-market Use,-56.94545311241956,43453.0147576752
2095,mrt,0.7390946069969334,11.40262474913538,Fisheries & Mariculture,Non-market Use,-63.47869476981082,47201.00660064288
2100,mrt,0.8012299571026151,11.450173052080594,Fisheries & Mariculture,Non-market Use,-70.42974208775662,50984.49813968723
2030,mus,0.06642778089541258,1.140719,Fisheries & Mariculture,Non-market Use,-1.1432437434747145,47080.81316596039
2035,mus,0.07040266218587526,1.110981,Fisheries & Mariculture,Non-market Use,-2.8359334605738122,51143.635941417306
2040,mus,0.07399331628572865,1.08003,Fisheries & Mariculture,Non-market Use,-4.563952603623915,55195.12759501711
2045,mus,0.07719974319497272,1.04814,Fisheries & Mariculture,Non-market Use,-6.3639735632275265,59234.427743581735
2050,mus,0.0799975461871241,1.016077,Fisheries & Mariculture,Non-market Use,-8.370054756548244,63206.231153028464
2055,mus,0.08243908896780566,0.9843390000000001,Fisheries & Mariculture,Non-market Use,-10.013316183521095,67116.4836406839
2060,mus,0.08461430790154499,0.953585999999999,Fisheries & Mariculture,Non-market Use,-12.113449738519542,70982.96442964551
2065,mus,0.0866466317230245,0.9243880000000001,Fisheries & Mariculture,Non-market Use,-13.612538242148997,74850.67096423991
2070,mus,0.08862371239844923,0.8974992172548685,Fisheries & Mariculture,Non-market Use,-15.88839583777325,78711.9944874344
2075,mus,0.09053947437405276,0.8727666142899906,Fisheries & Mariculture,Non-market Use,-17.36757330660767,82544.90405768971
2080,mus,0.09238791708841515,0.8500517425705729,Fisheries & Mariculture,Non-market Use,-19.5802149002271,86326.51700790951
2085,mus,0.09416314559879084,0.8292294479650945,Fisheries & Mariculture,Non-market Use,-21.216667087781055,90033.31460965292
2090,mus,0.09585940130883462,0.8101867176122338,Fisheries & Mariculture,Non-market Use,-23.388189741154633,93641.3766036805
2095,mus,0.09747109257875056,0.7928216532692287,Fisheries & Mariculture,Non-market Use,-25.398613182772863,97126.63150805408
2100,mus,0.09899282499461516,0.7770425580319872,Fisheries & Mariculture,Non-market Use,-27.50427476427827,100465.11917433438
2030,mys,2.3607441835185834,42.68212,Fisheries & Mariculture,Non-market Use,-36.301610804593174,39653.91985182847
2035,mys,2.5000779594660663,42.816839,Fisheries & Mariculture,Non-market Use,-92.75210245833047,41892.994481967326
2040,mys,2.629746754801508,42.725021,Fisheries & Mariculture,Non-market Use,-153.21713853503843,44192.96495548652
2045,mys,2.749605231470589,42.421119,Fisheries & Mariculture,Non-market Use,-218.58026480507544,46572.39042867392
2050,mys,2.8609160138201863,41.931209,Fisheries & Mariculture,Non-market Use,-293.12902182342975,49059.893644203294
2055,mys,2.966794786389707,41.311859,Fisheries & Mariculture,Non-market Use,-356.63809513505083,51676.13062654269
2060,mys,3.0698576341568464,40.612901,Fisheries & Mariculture,Non-market Use,-437.8161156534067,54431.40549169099
2065,mys,3.1704679022573963,39.857,Fisheries & Mariculture,Non-market Use,-498.09155248822515,57323.40163348678
2070,mys,3.2691801490391645,39.15225967994382,Fisheries & Mariculture,Non-market Use,-588.1966693042132,60216.13300614067
2075,mys,3.3656086540107797,38.49641613358163,Fisheries & Mariculture,Non-market Use,-650.1013558118343,63094.509244677814
2080,mys,3.4593662821981117,37.88738410373422,Fisheries & Mariculture,Non-market Use,-740.6047083789203,65942.79582452249
2085,mys,3.550066975347498,37.32324589491438,Fisheries & Mariculture,Non-market Use,-810.4040582889481,68744.7466623145
2090,mys,3.637328315952643,36.80224127198905,Fisheries & Mariculture,Non-market Use,-901.5825833769345,71483.74977185059
2095,mys,3.7207741412821798,36.32275827012675,Fisheries & Mariculture,Non-market Use,-987.4908432384716,74142.98431439676
2100,mys,3.8000371832633517,35.88332484860275,Fisheries & Mariculture,Non-market Use,-1077.8735751959316,76705.58709834082
2030,nam,0.08599873354497803,3.965938,Fisheries & Mariculture,Non-market Use,-2.9345861922270595,17746.702268126235
2035,nam,0.09940690351655897,4.023963,Fisheries & Mariculture,Non-market Use,-7.583752917714356,20177.500523698425
2040,nam,0.11353157979384208,4.064339,Fisheries & Mariculture,Non-market Use,-12.68048960501971,22770.003393438525
2045,nam,0.12828544619620416,4.090893,Fisheries & Mariculture,Non-market Use,-18.338676235470174,25510.87801336167
2050,nam,0.14359060299387352,4.104625,Fisheries & Mariculture,Non-market Use,-24.964102411397988,28401.856062835086
2055,nam,0.15952666199859486,4.104406,Fisheries & Mariculture,Non-market Use,-30.826508806762323,31492.232583046978
2060,nam,0.17614241754659876,4.087512,Fisheries & Mariculture,Non-market Use,-38.33608922065527,34845.75944631236
2065,nam,0.1934036279984253,4.057537,Fisheries & Mariculture,Non-market Use,-44.11518387928564,38465.37029848919
2070,nam,0.21140872712758405,4.029269575220268,Fisheries & Mariculture,Non-market Use,-52.66390859880643,42255.706647610255
2075,nam,0.23005417053080598,4.002676474095304,Fisheries & Mariculture,Non-market Use,-58.807442895164236,46194.217366325014
2080,nam,0.2492168542383336,3.977726530654316,Fisheries & Mariculture,Non-market Use,-67.6468853441119,50253.68332959773
2085,nam,0.2687546106927639,3.9543906035169543,Fisheries & Mariculture,Non-market Use,-74.70037843849039,54402.31632827806
2090,nam,0.2885072203694161,3.932641519048134,Fisheries & Mariculture,Non-market Use,-83.81787394156584,58603.98890423172
2095,nam,0.308297959828555,3.91245401851641,Fisheries & Mariculture,Non-market Use,-92.53894386035662,62818.60109296935
2100,nam,0.3279356906283496,3.893804709111748,Fisheries & Mariculture,Non-market Use,-101.75841873369572,67002.58559854506
2030,nga,6.536748406812837,510.225273,Fisheries & Mariculture,Non-market Use,-565.6752669796125,10490.225091649245
2035,nga,8.052130378359957,544.6212219999991,Fisheries & Mariculture,Non-market Use,-1537.903308015564,12081.76517364796
2040,nga,9.830786710553612,577.4223020000001,Fisheries & Mariculture,Non-market Use,-2699.255072022125,13884.692653057404
2045,nga,11.89345845649909,608.080367,Fisheries & Mariculture,Non-market Use,-4084.276344384672,15918.948248335117
2050,nga,14.26275761623324,635.681993,Fisheries & Mariculture,Non-market Use,-5792.77490994774,18224.459751328126
2055,nga,16.959189012188165,660.151932,Fisheries & Mariculture,Non-market Use,-7428.8604750835175,20824.489276585082
2060,nga,19.998343868793782,680.539640000001,Fisheries & Mariculture,Non-market Use,-9563.2711147207865,23772.459193923245
2065,nga,23.384379845898103,696.729725,Fisheries & Mariculture,Non-market Use,-11349.957074725004,27096.523018454955
2070,nga,27.145758007058625,712.4762108274637,Fisheries & Mariculture,Non-market Use,-13952.801200878394,30697.315993299544
2075,nga,31.282343639181317,727.7310832290133,Fisheries & Mariculture,Non-market Use,-16019.796929357475,34563.05381658274
2080,nga,35.784449936060255,742.4469400164684,Fisheries & Mariculture,Non-market Use,-18918.320532393216,38674.59884291617
2085,nga,40.63154870381221,756.5772311681854,Fisheries & Mariculture,Non-market Use,-21414.146936388523,43004.938491693174
2090,nga,45.791221672954634,770.0764995741488,Fisheries & Mariculture,Non-market Use,-24591.806075964592,47518.86823557766
2095,nga,51.21844642347466,782.9006207219265,Fisheries & Mariculture,Non-market Use,-27745.09422525337,52172.92299612298
2100,nga,56.85530701665276,795.00703958891,Fisheries & Mariculture,Non-market Use,-31129.44891617079,56915.59487266578
2030,nic,0.17606847401625522,8.820995000000002,Fisheries & Mariculture,Non-market Use,-1.8502642249575707,15492.092597486724
2035,nic,0.2117798239633347,8.810926,Fisheries & Mariculture,Non-market Use,-4.707246884601827,18637.987218220667
2040,nic,0.2515781020007057,8.764918,Fisheries & Mariculture,Non-market Use,-7.751918209627376,22235.683935003217
2045,nic,0.2944417724039744,8.68591900000001,Fisheries & Mariculture,Non-market Use,-11.037757910916989,26236.04131977767
2050,nic,0.34001435767977073,8.586637000000001,Fisheries & Mariculture,Non-market Use,-14.804058742378754,30618.052704884074
2055,nic,0.3882251904835938,8.471738,Fisheries & Mariculture,Non-market Use,-18.03689476272715,35399.97659597149
2060,nic,0.4391064637168273,8.351045000000001,Fisheries & Mariculture,Non-market Use,-22.202650214459997,40579.693339839396
2065,nic,0.49271706683322186,8.230559,Fisheries & Mariculture,Non-market Use,-25.367061634045623,46156.79148201137
2070,nic,0.5498652034156958,8.117748713971087,Fisheries & Mariculture,Non-market Use,-30.077213181741588,52176.52659216584
2075,nic,0.6102850488547287,8.012340640562744,Fisheries & Mariculture,Non-market Use,-33.37001780348844,58615.794442183644
2080,nic,0.6736184074104605,7.914081243893701,Fisheries & Mariculture,Non-market Use,-38.15299311602583,65439.6815957856
2085,nic,0.7394121810404817,7.822735933911367,Fisheries & Mariculture,Non-market Use,-41.89065331088082,72600.84535180301
2090,nic,0.8071184258569193,7.738088129798236,Fisheries & Mariculture,Non-market Use,-46.75210600322725,80039.23958076199
2095,nic,0.876097310069186,7.659938401173277,Fisheries & Mariculture,Non-market Use,-51.358909752953096,87682.24360588551
2100,nic,0.9456232016024908,7.588103682304866,Fisheries & Mariculture,Non-market Use,-56.214022954381626,95445.23937622283
2030,nld,1.1991592309379855,17.801108,Fisheries & Mariculture,Non-market Use,-2.50610694728678,48414.739304668554
2035,nld,1.2409396888659072,17.813034,Fisheries & Mariculture,Non-market Use,-6.387335217793623,50102.15929683247
2040,nld,1.2803774595479158,17.8437,Fisheries & Mariculture,Non-market Use,-10.592113526017338,51640.74020736871
2045,nld,1.3152971905413782,17.860625,Fisheries & Mariculture,Non-market Use,-15.233445077680136,53034.93941562802
2050,nld,1.3437441070988927,17.834112,Fisheries & Mariculture,Non-market Use,-20.636953015937696,54299.421647701325
2055,nld,1.3651705680460902,17.760733,Fisheries & Mariculture,Non-market Use,-25.37970268607742,55430.81136299945
2060,nld,1.3798427878427335,17.652288,Fisheries & Mariculture,Non-market Use,-31.499335126471102,56409.03770832081
2065,nld,1.388232346388974,17.521714,Fisheries & Mariculture,Non-market Use,-36.24547606553462,57213.740624782025
2070,nld,1.3962508857588263,17.398586263264445,Fisheries & Mariculture,Non-market Use,-43.2665573745414,57990.75389508051
2075,nld,1.4038912747865244,17.282758632168377,Fisheries & Mariculture,Non-market Use,-48.311051235842605,58738.64822634122
2080,nld,1.4111466838260376,17.174094130048807,Fisheries & Mariculture,Non-market Use,-55.56973660298505,59456.034853794605
2085,nld,1.4180105948892983,17.072464690649817,Fisheries & Mariculture,Non-market Use,-61.36080885360319,60141.56982690742
2090,nld,1.424476811372343,16.977750906046502,Fisheries & Mariculture,Non-market Use,-68.84684679041284,60793.95819657708
2095,nld,1.430539467349128,16.889841792351763,Fisheries & Mariculture,Non-market Use,-76.00680723050186,61411.95808516853
2100,nld,1.4361930364135562,16.80863457256097,Fisheries & Mariculture,Non-market Use,-83.57574090002544,61994.38462151614
2030,nor,0.5040340716071549,6.37501200000001,Fisheries & Mariculture,Non-market Use,-1.035220119530121,52248.85589085618
2035,nor,0.5326220241538804,6.44931500000001,Fisheries & Mariculture,Non-market Use,-2.6674392285588584,54718.33386609445
2040,nor,0.5599854960956454,6.521257999999999,Fisheries & Mariculture,Non-market Use,-4.465069553375429,57042.59010423598
2045,nor,0.585809289901331,6.582553,Fisheries & Mariculture,Non-market Use,-6.475823083000142,59270.599997135985
2050,nor,0.6097380358054594,6.622369,Fisheries & Mariculture,Non-market Use,-8.839070417131069,61479.17603367679
2055,nor,0.6317022049408721,6.639602,Fisheries & Mariculture,Non-market Use,-10.943766639418634,63692.204598805605
2060,nor,0.6517072051083481,6.642471,Fisheries & Mariculture,Non-market Use,-13.671909708919053,65849.68933722621
2065,nor,0.6693737177103891,6.636835,Fisheries & Mariculture,Non-market Use,-15.835703942564963,67865.74089269718
2070,nor,0.6866118641822658,6.631485342928557,Fisheries & Mariculture,Non-market Use,-19.021656116847073,69847.79366210774
2075,nor,0.7033633030962227,6.626421331922191,Fisheries & Mariculture,Non-market Use,-21.36542820923712,71789.22751749496
2080,nor,0.71957009055611,6.621642307063414,Fisheries & Mariculture,Non-market Use,-24.713220740020446,73683.39249457826
2085,nor,0.7351750051229181,6.617147645237403,Fisheries & Mariculture,Non-market Use,-27.43246347139132,75523.64534580277
2090,nor,0.7501218766523075,6.612936759996591,Fisheries & Mariculture,Non-market Use,-30.93124481178983,77303.38715396367
2095,nor,0.7643559164759411,6.609009101433153,Fisheries & Mariculture,Non-market Use,-34.30539230793177,79016.10172073345
2100,nor,0.7778240462760466,6.605364156059332,Fisheries & Mariculture,Non-market Use,-37.88294183491284,80655.39442814981
2030,nzl,0.315333396025641,5.992965000000011,Fisheries & Mariculture,Non-market Use,-1.0119750425573661,41548.89472136819
2035,nzl,0.3364057931621327,6.045119,Fisheries & Mariculture,Non-market Use,-2.599933034852926,43886.275091371135
2040,nzl,0.3562787746537374,6.085608000000001,Fisheries & Mariculture,Non-market Use,-4.332885208391525,46109.90424005634
2045,nzl,0.37466522435584076,6.11068,Fisheries & Mariculture,Non-market Use,-6.25124493603566,48228.026933720896
2050,nzl,0.39132002632723756,6.116635,Fisheries & Mariculture,Non-market Use,-8.489500661010187,50257.61066002802
2055,nzl,0.4060070154897436,6.102266,Fisheries & Mariculture,Non-market Use,-10.45905085769194,52198.81908336785
2060,nzl,0.4184810759021541,6.070444,Fisheries & Mariculture,Non-market Use,-12.992607983288634,54014.31259071766
2065,nzl,0.4285501082734678,6.025995,Fisheries & Mariculture,Non-market Use,-14.95138701952704,55649.440962427514
2070,nzl,0.4383458455321993,5.984077641209233,Fisheries & Mariculture,Non-market Use,-17.84888514719679,57245.50333198607
2075,nzl,0.4478381425233631,5.944642693721587,Fisheries & Mariculture,Non-market Use,-19.93125633141923,58796.30402008791
2080,nzl,0.45699722392934367,5.907644014608618,Fisheries & Mariculture,Non-market Use,-22.92737383049835,60295.6812689259
2085,nzl,0.46579383645271794,5.873038457742551,Fisheries & Mariculture,Non-market Use,-25.318221361170107,61737.54712479586
2090,nzl,0.4741994015206662,5.840785789765356,Fisheries & Mariculture,Non-market Use,-28.40865488781571,63115.92787011767
2095,nzl,0.4821861674212584,5.810848611974325,Fisheries & Mariculture,Non-market Use,-31.36475970536295,64425.004637587255
2100,nzl,0.4897273597604663,5.783192287911394,Fisheries & Mariculture,Non-market Use,-34.4898199900325,65659.15382701915
2030,omn,0.5704091060313208,6.896304000000001,Fisheries & Mariculture,Non-market Use,-0.5001172053444578,65997.85619002204
2035,omn,0.6236997122312621,6.880418,Fisheries & Mariculture,Non-market Use,-1.2708651439005707,72221.94791095649
2040,omn,0.6746586462249382,6.810482,Fisheries & Mariculture,Non-market Use,-2.0824682849793046,78806.57287362621
2045,omn,0.7226292329828286,6.713394,Fisheries & Mariculture,Non-market Use,-2.9494867378585226,85502.01158847322
2050,omn,0.7689771662257455,6.610222,Fisheries & Mariculture,Non-market Use,-3.9401518875367856,92266.93599472621
2055,omn,0.8172249364652989,6.52291,Fisheries & Mariculture,Non-market Use,-4.801421841898905,99218.73693618787
2060,omn,0.8694567731430077,6.452412000000001,Fisheries & Mariculture,Non-market Use,-5.9309642396362205,106552.38026945398
2065,omn,0.9247447658910721,6.382848,Fisheries & Mariculture,Non-market Use,-6.801341101352451,114389.83092883043
2070,omn,0.9806082881675118,6.3174746766042835,Fisheries & Mariculture,Non-market Use,-8.09253753428806,122369.6956594571
2075,omn,1.036728706156805,6.256176370240249,Fisheries & Mariculture,Non-market Use,-9.0083497487334,130442.39461006847
2080,omn,1.0927646740329648,6.198845258236476,Fisheries & Mariculture,Non-market Use,-10.331850829815199,138553.74361671778
2085,omn,1.1483550308990103,6.145381037843362,Fisheries & Mariculture,Non-market Use,-11.377491018984237,146645.43871551545
2090,omn,1.203122196946009,6.095690632939366,Fisheries & Mariculture,Non-market Use,-12.732967986661116,154655.65204862252
2095,omn,1.2566760357890028,6.049687923218899,Fisheries & Mariculture,Non-market Use,-14.02370323648104,162519.73357904938
2100,omn,1.308618137460642,6.00729349475571,Fisheries & Mariculture,Non-market Use,-15.386133027912324,170171.00987011025
2030,pak,8.563741933303522,429.949597,Fisheries & Mariculture,Non-market Use,-7.9281367613994576,16784.63561692494
2035,pak,10.527645289175775,445.348908,Fisheries & Mariculture,Non-market Use,-20.916221185282833,19869.558900665907
2040,pak,12.776454125430703,458.123757,Fisheries & Mariculture,Non-market Use,-35.61898578076532,23381.563330367717
2045,pak,15.287709759509431,468.261235,Fisheries & Mariculture,Non-market Use,-52.31072109817337,27301.470268904468
2050,pak,18.043309243522856,476.335285,Fisheries & Mariculture,Non-market Use,-72.19512302433704,31594.98693070545
2055,pak,21.040128210830215,482.800274,Fisheries & Mariculture,Non-market Use,-90.3637351890595,36255.64721466621
2060,pak,24.265209729186015,487.768657,Fisheries & Mariculture,Non-market Use,-114.00274123182578,41280.229139520554
2065,pak,27.726089035782653,491.451556,Fisheries & Mariculture,Non-market Use,-133.1554532303526,46693.24751515743
2070,pak,31.48285917807042,494.9767274050454,Fisheries & Mariculture,Non-market Use,-161.22195439100608,52505.752040367144
2075,pak,35.524140475538175,498.3403186104249,Fisheries & Mariculture,Non-market Use,-182.45697493469316,58692.610198386545
2080,pak,39.830843340433006,501.53863092410336,Fisheries & Mariculture,Non-market Use,-212.55430775673463,65217.83844266892
2085,pak,44.37561317410619,504.5681263142374,Fisheries & Mariculture,Non-market Use,-237.52847847565192,72034.12574001159
2090,pak,49.12249079434404,507.4254339043722,Fisheries & Mariculture,Non-market Use,-269.51140629268286,79082.67335581267
2095,pak,54.026833663958826,510.10735619970063,Fisheries & Mariculture,Non-market Use,-300.6695975959478,86293.39959358092
2100,pak,59.035536628613734,512.6108750283538,Fisheries & Mariculture,Non-market Use,-333.8386664610142,93585.54759124832
2030,pan,0.2844376120043239,5.794318000000001,Fisheries & Mariculture,Non-market Use,-1.0124972960778227,33239.71216150677
2035,pan,0.3058606021688609,5.831255000000001,Fisheries & Mariculture,Non-market Use,-2.5952716724607328,35588.90257837893
2040,pan,0.32732492327634927,5.843638,Fisheries & Mariculture,Non-market Use,-4.305464364241495,38082.68959604479
2045,pan,0.34879182756777205,5.835653000000001,Fisheries & Mariculture,Non-market Use,-6.177744168721229,40717.92714968404
2050,pan,0.3703149161097695,5.807453000000001,Fisheries & Mariculture,Non-market Use,-8.341012459975154,43528.082158480334
2055,pan,0.391797965300783,5.76393,Fisheries & Mariculture,Non-market Use,-10.223116810489232,46494.433368130325
2060,pan,0.4132073937496638,5.705196,Fisheries & Mariculture,Non-market Use,-12.63600916321114,49639.41936065305
2065,pan,0.43443922830305,5.632357,Fisheries & Mariculture,Non-market Use,-14.461268041360068,52970.97760600538
2070,pan,0.4556458786690364,5.56404339798758,Fisheries & Mariculture,Non-market Use,-17.17385806116842,56351.34395070599
2075,pan,0.4767170846819297,5.5001102007127765,Fisheries & Mariculture,Non-market Use,-19.082874525028846,59761.72784363137
2080,pan,0.4975379646087315,5.440422654855761,Fisheries & Mariculture,Non-market Use,-21.84922919218694,63181.823931891035
2085,pan,0.5179899582727189,5.38485577220955,Fisheries & Mariculture,Non-market Use,-24.02193064949294,66589.97853859128
2090,pan,0.5379518658899108,5.333293892092902,Fisheries & Mariculture,Non-market Use,-26.84345381075315,69963.38862971934
2095,pan,0.5573009715228696,5.285630278842049,Fisheries & Mariculture,Non-market Use,-29.52314846259686,73278.33144119487
2100,pan,0.5759142379644168,5.241766752414145,Fisheries & Mariculture,Non-market Use,-32.349269064132734,76510.42212718344
2030,per,1.239227477050633,39.75769200000001,Fisheries & Mariculture,Non-market Use,-15.627133627209783,24724.502677424385
2035,per,1.3823295616537863,39.5500139999999,Fisheries & Mariculture,Non-market Use,-39.594425826104974,27686.12954041364
2040,per,1.5312345078837573,39.211423,Fisheries & Mariculture,Non-market Use,-64.98541739848564,30890.516002530363
2045,per,1.6838585608836443,38.760054,Fisheries & Mariculture,Non-market Use,-92.29782094363956,34317.46715879445
2050,per,1.8398060709970698,38.22769400000001,Fisheries & Mariculture,Non-market Use,-123.50307821557644,37965.14249271412
2055,per,1.9985143364905296,37.644158,Fisheries & Mariculture,Non-market Use,-150.1857846159895,41821.2516610642
2060,per,2.1594734089180254,37.015646,Fisheries & Mariculture,Non-market Use,-184.41290585827082,45892.87778884898
2065,per,2.3226569116358022,36.351131,Fisheries & Mariculture,Non-market Use,-209.94268362307403,50193.1526811264
2070,per,2.4893958603270816,35.73117482726046,Fisheries & Mariculture,Non-market Use,-248.07972473755635,54653.469462075496
2075,per,2.6586989418170064,35.15386458725268,Fisheries & Mariculture,Non-market Use,-274.3545038374845,59246.13710774466
2080,per,2.829470868702115,34.61743656497074,Fisheries & Mariculture,Non-market Use,-312.7267272733926,63939.06874503655
2085,per,3.000521075770536,34.120267214281114,Fisheries & Mariculture,Non-market Use,-342.38353522682735,68695.99574413625
2090,per,3.170574873527672,33.660864938121364,Fisheries & Mariculture,Non-market Use,-381.0963274470946,73476.79983839423
2095,per,3.338286991652485,33.23786260108127,Fisheries & Mariculture,Non-market Use,-417.6049058796017,78237.96419652451
2100,per,3.5022573769239527,32.85001072155086,Fisheries & Mariculture,Non-market Use,-456.025271878556,82933.1405155104
2030,phl,4.694194348237184,164.256327,Fisheries & Mariculture,Non-market Use,-283.95150539107686,21531.284541971403
2035,phl,5.234438336221783,166.081756,Fisheries & Mariculture,Non-market Use,-731.2623998382281,23737.54357317542
2040,phl,5.7771553512009,167.214079,Fisheries & Mariculture,Non-market Use,-1218.8213636291555,26012.698443785772
2045,phl,6.321385581998345,167.689425,Fisheries & Mariculture,Non-market Use,-1756.2108561708105,28373.13642992274
2050,phl,6.867604610728442,167.365827,Fisheries & Mariculture,Non-market Use,-2378.1014431477593,30874.201029243955
2055,phl,7.415414677804664,166.372414,Fisheries & Mariculture,Non-market Use,-2919.2847981533178,33524.923862871045
2060,phl,7.966847815897338,164.906753,Fisheries & Mariculture,Non-market Use,-3613.33581765502,36326.04808477604
2065,phl,8.519111060953202,163.138451,Fisheries & Mariculture,Non-market Use,-4143.840764742189,39252.232952677616
2070,phl,9.080129976692868,161.47657759739172,Fisheries & Mariculture,Non-market Use,-4930.80036121833,42253.749434360674
2075,phl,9.646622515034817,159.9182095200895,Fisheries & Mariculture,Non-market Use,-5489.096231610689,45312.32465670122
2080,phl,10.215022200899122,158.4606213261653,Fisheries & Mariculture,Non-market Use,-6295.864271487819,48407.55466410494
2085,phl,10.78150786141135,157.1012774375021,Fisheries & Mariculture,Non-market Use,-6933.3651313051,51517.067115225946
2090,phl,11.342039829863515,155.83782476785024,Fisheries & Mariculture,Non-market Use,-7759.724051459541,54616.736308301406
2095,phl,11.89240232036396,154.66808591519788,Fisheries & Mariculture,Non-market Use,-8546.673673494342,57680.94936594962
2100,phl,12.428251498316325,153.59005289080736,Fisheries & Mariculture,Non-market Use,-9377.355760226194,60682.92087795053
2030,pol,1.7578118287368891,32.834282,Fisheries & Mariculture,Non-market Use,-10.679105196884072,42845.752266405165
2035,pol,1.7848606195523409,31.978964,Fisheries & Mariculture,Non-market Use,-26.491160138454283,44599.06540194869
2040,pol,1.7999260475350114,31.091824,Fisheries & Mariculture,Non-market Use,-42.63818307642295,46186.61896017627
2045,pol,1.805811324321228,30.228751,Fisheries & Mariculture,Non-market Use,-59.562985459960686,47586.16303537917
2050,pol,1.8086438889589818,29.440769,Fisheries & Mariculture,Non-market Use,-78.70421848574794,48859.855719829044
2055,pol,1.8139861352187898,28.760532,Fisheries & Mariculture,Non-market Use,-94.9461448031025,50084.57476247045
2060,pol,1.8237239934423664,28.185583,Fisheries & Mariculture,Non-market Use,-116.19359272652198,51299.914316834016
2065,pol,1.8353037525055198,27.682684,Fisheries & Mariculture,Non-market Use,-132.29401339580573,52480.847679168175
2070,pol,1.8463743731538347,27.21345423825016,Fisheries & Mariculture,Non-market Use,-156.3424186289254,53623.18838088644
2075,pol,1.8569255933014797,26.776455754640097,Fisheries & Mariculture,Non-market Use,-172.91843244963673,54723.30599195424
2080,pol,1.866947580394406,26.37036250834571,Fisheries & Mariculture,Non-market Use,-197.12212615872124,55777.65241404018
2085,pol,1.8764309466240503,25.993953648962965,Fisheries & Mariculture,Non-market Use,-215.83504802628212,56782.78091685187
2090,pol,1.8853667635316587,25.646107376913797,Fisheries & Mariculture,Non-market Use,-240.25925635412028,57735.36490246766
2095,pol,1.8937465759715424,25.32579534974658,Fisheries & Mariculture,Non-market Use,-263.29631253070323,58632.21625476843
2100,pol,1.9015624154027986,25.03207759513654,Fisheries & Mariculture,Non-market Use,-287.54079663007593,59470.303132265144
2030,prt,0.48703598135313864,9.292971,Fisheries & Mariculture,Non-market Use,-3.753896637023362,43184.03824668178
2035,prt,0.5074938647952311,9.16552,Fisheries & Mariculture,Non-market Use,-9.430051940016384,45526.78972880539
2040,prt,0.5253776937007146,9.04786500000001,Fisheries & Mariculture,Non-market Use,-15.410580161565736,47642.37957903771
2045,prt,0.5411203772416554,8.948879999999999,Fisheries & Mariculture,Non-market Use,-21.90006109456254,49506.90104067306
2050,prt,0.5553749355036194,8.866949,Fisheries & Mariculture,Non-market Use,-29.440383246350212,51170.92041522212
2055,prt,0.5679717148921483,8.78692199999999,Fisheries & Mariculture,Non-market Use,-36.02778637402188,52695.039359176095
2060,prt,0.5782079692681281,8.693437,Fisheries & Mariculture,Non-market Use,-44.51096980311914,54105.197814089246
2065,prt,0.5854562728382601,8.580326,Fisheries & Mariculture,Non-market Use,-50.92794741042851,55386.21955926352
2070,prt,0.5924284813985191,8.474268661403459,Fisheries & Mariculture,Non-market Use,-60.46663093359771,56624.88732765788
2075,prt,0.5991123936489567,8.375035216414554,Fisheries & Mariculture,Non-market Use,-67.17307474088321,57817.04428625736
2080,prt,0.6054961974405213,8.282412204697867,Fisheries & Mariculture,Non-market Use,-76.89471707044183,58958.624218860445
2085,prt,0.6115685042683427,8.196201705730832,Fisheries & Mariculture,Non-market Use,-84.52450835461201,60045.6744809404
2090,prt,0.6173183828697385,8.116220631691567,Fisheries & Mariculture,Non-market Use,-94.43498250282512,61074.37868701619
2095,prt,0.6227353917893642,8.04230007733431,Fisheries & Mariculture,Non-market Use,-103.84422389278913,62041.078949321265
2100,prt,0.6278096107767367,7.974284723610485,Fisheries & Mariculture,Non-market Use,-113.76657953905386,62942.29748716888
2030,rou,0.534356224883935,14.169633,Fisheries & Mariculture,Non-market Use,-1.6073187929746202,28818.697249337307
2035,rou,0.5440685030110011,13.600067,Fisheries & Mariculture,Non-market Use,-3.9292866757785507,30552.22429628151
2040,rou,0.5531097447668519,13.086751,Fisheries & Mariculture,Non-market Use,-6.259222765644581,32258.028475889238
2045,rou,0.5616013321572023,12.632409000000001,Fisheries & Mariculture,Non-market Use,-8.681175030660196,33910.03077197595
2050,rou,0.5701209748224585,12.233466,Fisheries & Mariculture,Non-market Use,-11.40602870527715,35524.7839138255
2055,rou,0.5791181297177432,11.881702,Fisheries & Mariculture,Non-market Use,-13.680285335822685,37130.43111612319
2060,rou,0.5886397464867762,11.563014,Fisheries & Mariculture,Non-market Use,-16.625024320326133,38756.75333022111
2065,rou,0.5976689645533815,11.254585,Fisheries & Mariculture,Non-market Use,-18.758476428197632,40404.27097271745
2070,rou,0.6063782969974834,10.969393061538561,Fisheries & Mariculture,Non-market Use,-21.979197618833933,42032.39472725057
2075,rou,0.6147494777008125,10.706057650951013,Fisheries & Mariculture,Non-market Use,-24.11314490208669,43633.34724311158
2080,rou,0.6227647384015689,10.463322507938871,Fisheries & Mariculture,Non-market Use,-27.27878144277576,45199.22895121886
2085,rou,0.6304068708410189,10.240045628896706,Fisheries & Mariculture,Non-market Use,-29.654294734926342,46722.08138463673
2090,rou,0.6376592877158768,10.035190279335056,Fisheries & Mariculture,Non-market Use,-32.78841050147504,48193.953372825345
2095,rou,0.6445060821376642,9.847816936029796,Fisheries & Mariculture,Non-market Use,-35.70735902619942,49606.96935720689
2100,rou,0.6509320853036831,9.677076070858675,Fisheries & Mariculture,Non-market Use,-38.768840298775416,50953.39901936078
2030,rus,4.445646088404117,135.623055,Fisheries & Mariculture,Non-market Use,-48.676162535790255,24389.388367604526
2035,rus,4.80451366307856,134.17839,Fisheries & Mariculture,Non-market Use,-122.65764814538096,26640.20379947997
2040,rus,5.167923118629059,132.732924,Fisheries & Mariculture,Non-market Use,-200.8660872582235,28965.378490725976
2045,rus,5.5372842076911715,131.316436,Fisheries & Mariculture,Non-market Use,-285.52938539073745,31368.27881715004
2050,rus,5.924264255424427,129.934473,Fisheries & Mariculture,Non-market Use,-383.3087377129973,33915.18026470541
2055,rus,6.339285993657394,128.543727,Fisheries & Mariculture,Non-market Use,-468.2812583577932,36681.29732717019
2060,rus,6.779435540373482,127.044751,Fisheries & Mariculture,Non-market Use,-577.9461210787696,39688.36152484232
2065,rus,7.227135226727692,125.272058,Fisheries & Mariculture,Non-market Use,-660.6351506357734,42905.15333825405
2070,rus,7.680536818530987,123.6114978144274,Fisheries & Mariculture,Non-market Use,-783.6596631024753,46206.31382347989
2075,rus,8.137022688746805,122.05918879218659,Fisheries & Mariculture,Non-market Use,-869.8295282291596,49571.8115180997
2080,rus,8.593771795855666,120.61153001308482,Fisheries & Mariculture,Non-market Use,-994.9094830704333,52979.25606736217
2085,rus,9.047783509921441,119.26518732176979,Fisheries & Mariculture,Non-market Use,-1092.795232324779,56404.07646019885
2090,rus,9.495905976991478,118.01708048710219,Fisheries & Mariculture,Non-market Use,-1220.0538731163342,59819.757099384704
2095,rus,9.934868759595016,116.8643714175087,Fisheries & Mariculture,Non-market Use,-1340.7236800694254,63198.13040844738
2100,rus,10.361319374952197,115.80445336898744,Fisheries & Mariculture,Non-market Use,-1467.923100683832,66509.72298242732
2030,sau,4.68547702875605,51.3083549999999,Fisheries & Mariculture,Non-market Use,-3.3388847536391557,62149.40311203626
2035,sau,4.8326136328524925,51.20038,Fisheries & Mariculture,Non-market Use,-8.48624897776259,64359.05392893888
2040,sau,4.9503740052282925,50.895884,Fisheries & Mariculture,Non-market Use,-13.965006705226111,66448.32686702984
2045,sau,5.050998242433715,50.489567,Fisheries & Mariculture,Non-market Use,-19.90507864735127,68474.77848246181
2050,sau,5.138637333733636,50.021689,Fisheries & Mariculture,Non-market Use,-26.755508550886262,70448.1310009809
2055,sau,5.214536575907517,49.475763,Fisheries & Mariculture,Non-market Use,-32.67976447650089,72414.62875536879
2060,sau,5.276375672391914,48.798165,Fisheries & Mariculture,Non-market Use,-40.24988524151836,74431.53627517135
2065,sau,5.321589524692382,47.984712,Fisheries & Mariculture,Non-market Use,-45.88184637132388,76486.249730763
2070,sau,5.36491075479935,47.22481370189783,Fisheries & Mariculture,Non-market Use,-54.28369554248785,78497.47948384876
2075,sau,5.406286022176106,46.51631063129621,Fisheries & Mariculture,Non-market Use,-60.10345776501264,80458.9306742017
2080,sau,5.445664030480708,45.85720782349256,Fisheries & Mariculture,Non-market Use,-68.58559012449197,82364.34299680027
2085,sau,5.482995632995737,45.245665430033405,Fisheries & Mariculture,Non-market Use,-75.16793250807346,84207.52366893634
2090,sau,5.518233934356393,44.67999012829219,Fisheries & Mariculture,Non-market Use,-83.74863513825035,85982.38073050349
2095,sau,5.551334388283704,44.158627277724335,Fisheries & Mariculture,Non-market Use,-91.8550938768003,87682.95642896122
2100,sau,5.582254891039069,43.680153771748955,Fisheries & Mariculture,Non-market Use,-100.39052631513516,89303.46043436903
2030,sdn,0.6259430268390698,91.147048,Fisheries & Mariculture,Non-market Use,-0.19165733322277007,6301.213345197022
2035,sdn,0.7448019909545898,94.400626,Fisheries & Mariculture,Non-market Use,-0.505576587978468,7209.806048180328
2040,sdn,0.8841364148310111,96.937165,Fisheries & Mariculture,Non-market Use,-0.8594454093350012,8300.513363828877
2045,sdn,1.0445844921013292,98.89410400000001,Fisheries & Mariculture,Non-market Use,-1.2598015749548583,9573.26732137075
2050,sdn,1.2270265232395865,100.201284,Fisheries & Mariculture,Non-market Use,-1.7317996214309193,11052.774235212246
2055,sdn,1.431248485798298,101.033792,Fisheries & Mariculture,Non-market Use,-2.1563664484845035,12733.13033051935
2060,sdn,1.6577442777331957,101.428301,Fisheries & Mariculture,Non-market Use,-2.7032723439370065,14629.646170677705
2065,sdn,1.9050128366298,101.401662,Fisheries & Mariculture,Non-market Use,-3.1329434966623935,16745.931908525094
2070,sdn,2.174956335071695,101.37636159661143,Fisheries & Mariculture,Non-market Use,-3.765349973354588,19043.366752527367
2075,sdn,2.466930491323613,101.3523987737804,Fisheries & Mariculture,Non-market Use,-4.23153291000527,21513.86589352944
2080,sdn,2.779702010024627,101.32977256841494,Fisheries & Mariculture,Non-market Use,-4.897019520696422,24144.302053213298
2085,sdn,3.111397516702239,101.30848207032052,Fisheries & Mariculture,Non-market Use,-5.438397265579505,26916.16825914931
2090,sdn,3.4594687438706933,101.28852642213901,Fisheries & Mariculture,Non-market Use,-6.134715369394728,29805.39254907279
2095,sdn,3.820677950642992,101.26990481929118,Fisheries & Mariculture,Non-market Use,-6.806715174375841,32782.33485531502
2100,sdn,4.191107095420968,101.25261650992265,Fisheries & Mariculture,Non-market Use,-7.519419643089671,35811.99117785999
2030,sen,0.4597382639996,36.054076,Fisheries & Mariculture,Non-market Use,-59.09634916224665,10101.537710462362
2035,sen,0.5585347160149609,37.7355520000001,Fisheries & Mariculture,Non-market Use,-157.5383296623904,11709.586600440047
2040,sen,0.6720242966658415,39.231061,Fisheries & Mariculture,Non-market Use,-271.13244123193556,13533.405957403429
2045,sen,0.8001906150736564,40.491427,Fisheries & Mariculture,Non-market Use,-402.08537622795035,15591.641731525704
2050,sen,0.9430966467192875,41.5104169999999,Fisheries & Mariculture,Non-market Use,-559.2485910683038,17900.66081285512
2055,sen,1.1015446819756234,42.347248,Fisheries & Mariculture,Non-market Use,-704.5382134078275,20467.017515959036
2060,sen,1.2754001431026953,43.024147,Fisheries & Mariculture,Non-market Use,-893.8535474600149,23292.638981062188
2065,sen,1.4644042267544108,43.54135100000001,Fisheries & Mariculture,Non-market Use,-1048.6554978296115,26390.622390394616
2070,sen,1.6705665527089049,44.03860136634602,Fisheries & Mariculture,Non-market Use,-1275.045298972825,29725.287670478356
2075,sen,1.8933746745076458,44.51506047436674,Fisheries & Mariculture,Non-market Use,-1448.752196740434,33283.56407477189
2080,sen,2.1318701891937284,44.969918120631,Fisheries & Mariculture,Non-market Use,-1694.1049559574885,37046.100324892985
2085,sen,2.3846110556595246,45.40239380051678,Fisheries & Mariculture,Non-market Use,-1899.8850294950844,40986.9337484199
2090,sen,2.649646246700185,45.811738923905345,Fisheries & Mariculture,Non-market Use,-2162.889790423841,45073.337085802
2095,sen,2.9245056894381625,46.197238960265864,Fisheries & Mariculture,Non-market Use,-2420.4529507566367,49265.873513107166
2100,sen,3.2062080936767106,46.55821550458838,Fisheries & Mariculture,Non-market Use,-2695.2424785875705,53518.68479960372
2030,slb,0.014680818926380151,1.372868,Fisheries & Mariculture,Non-market Use,-5.532867056102614,9128.44787889764
2035,slb,0.020416223998431526,1.418502999999999,Fisheries & Mariculture,Non-market Use,-14.560656566232577,12252.012449705946
2040,slb,0.027866366252358367,1.455528999999999,Fisheries & Mariculture,Non-market Use,-24.733607472910688,16251.938548284674
2045,slb,0.03725793480393565,1.482684,Fisheries & Mariculture,Non-market Use,-36.200866633242164,21271.390512122056
2050,slb,0.048756583962256385,1.502371,Fisheries & Mariculture,Non-market Use,-49.766851400544084,27394.18311452638
2055,slb,0.062494285264109016,1.515212,Fisheries & Mariculture,Non-market Use,-61.98233505612115,34717.00864293015
2060,slb,0.0784846741450289,1.521234,Fisheries & Mariculture,Non-market Use,-77.70792163738966,43304.583942676756
2065,slb,0.09673286389334174,1.519423999999999,Fisheries & Mariculture,Non-market Use,-89.97567028031061,53285.15626134523
2070,slb,0.1180993241702041,1.517706545901549,Fisheries & Mariculture,Non-market Use,-108.04261193559084,64943.159776065746
2075,slb,0.14281228896331472,1.5160813232446304,Fisheries & Mariculture,Non-market Use,-121.31787879313153,78392.76577070972
2080,slb,0.1710363455630928,1.5145480344042461,Fisheries & Mariculture,Non-market Use,-140.28668037281918,93711.69657551359
2085,slb,0.20284998277767508,1.5131063984995672,Fisheries & Mariculture,Non-market Use,-155.68013801538777,110929.20832552662
2090,slb,0.2382229235762399,1.5117561513081657,Fisheries & Mariculture,Non-market Use,-175.49087069964648,130014.13703487009
2095,slb,0.27699477313057325,1.510497045185302,Fisheries & Mariculture,Non-market Use,-194.5878303920704,150863.8595462815
2100,slb,0.31885676214162806,1.5093288489882266,Fisheries & Mariculture,Non-market Use,-214.8327859640921,173295.14196667713
2030,sle,0.08670910981236112,14.863246,Fisheries & Mariculture,Non-market Use,-54.98384540513837,5521.349821177582
2035,sle,0.1067561217266464,15.16746,Fisheries & Mariculture,Non-market Use,-142.9103060658022,6630.874227320964
2040,sle,0.12952948639517314,15.34769,Fisheries & Mariculture,Non-market Use,-239.39198788162537,7914.1423899277725
2045,sle,0.1548015212538828,15.434238,Fisheries & Mariculture,Non-market Use,-345.9039731820343,9361.517855980768
2050,sle,0.18239343710984454,15.44472,Fisheries & Mariculture,Non-market Use,-469.6161282272918,10971.19546489381
2055,sle,0.21225780009554615,15.38374,Fisheries & Mariculture,Non-market Use,-577.6389297366024,12758.085569609024
2060,sle,0.2445639126304159,15.262545,Fisheries & Mariculture,Non-market Use,-715.6426556752721,14746.82617746754
2065,sle,0.27946356309049303,15.084406,Fisheries & Mariculture,Non-market Use,-819.9253479270094,16969.52776430357
2070,sle,0.31734945367476186,14.917149166332202,Fisheries & Mariculture,Non-market Use,-974.7496572778315,19393.424867326787
2075,sle,0.3581070879432095,14.760452269988432,Fisheries & Mariculture,Non-market Use,-1084.1814351841695,22010.79546002261
2080,sle,0.40154416029277396,14.614015330678184,Fisheries & Mariculture,Non-market Use,-1242.51870857422,24808.24983495711
2085,sle,0.44738494093053077,14.477559656896823,Fisheries & Mariculture,Non-market Use,-1367.2851421235828,27766.30866951451
2090,sle,0.4952668357642127,14.350826959316572,Fisheries & Mariculture,Non-market Use,-1529.1486415653847,30859.15575355166
2095,sle,0.5447395788468438,14.233578533540008,Fisheries & Mariculture,Non-market Use,-1683.099879174445,34054.60252083234
2100,sle,0.5952674488333908,14.125594508585383,Fisheries & Mariculture,Non-market Use,-1845.5397923478768,37314.29542890342
2030,slv,0.14750694242235196,6.027293,Fisheries & Mariculture,Non-market Use,-1.8597590739570087,20843.722767990315
2035,slv,0.169305155092796,5.894678,Fisheries & Mariculture,Non-market Use,-4.632588405797259,24394.978077895215
2040,slv,0.19293148230221613,5.757728,Fisheries & Mariculture,Non-market Use,-7.4908426665027195,28382.078868416127
2045,slv,0.2173266214080192,5.616192,Fisheries & Mariculture,Non-market Use,-10.498451409443893,32686.003512214025
2050,slv,0.24229893977134426,5.473626,Fisheries & Mariculture,Non-market Use,-13.881967472950592,37287.433984845025
2055,slv,0.2680339864552155,5.333979999999999,Fisheries & Mariculture,Non-market Use,-16.705475610048452,42210.11129050586
2060,slv,0.29471883141661626,5.20390600000001,Fisheries & Mariculture,Non-market Use,-20.35221316639363,47440.03480550478
2065,slv,0.32281202418424976,5.092686000000009,Fisheries & Mariculture,Non-market Use,-23.089043279856917,52948.60363076784
2070,slv,0.35204456205958995,4.989285187211692,Fisheries & Mariculture,Non-market Use,-27.19308785872369,58775.01705301264
2075,slv,0.38224639927331344,4.893315454347663,Fisheries & Mariculture,Non-market Use,-29.979090563014147,64886.142942948965
2080,slv,0.4132174216159208,4.804420811917983,Fisheries & Mariculture,Non-market Use,-34.07119420323128,71240.05154023864
2085,slv,0.4447283953113631,4.722275180125015,Fisheries & Mariculture,Non-market Use,-37.19871696074195,77786.03145276605
2090,slv,0.47652270027315163,4.646580387761332,Fisheries & Mariculture,Non-market Use,-41.297063247591886,84464.86755544349
2095,slv,0.5083188729466314,4.577064360856009,Fisheries & Mariculture,Non-market Use,-45.143553789158446,91209.39942453564
2100,slv,0.5398139593335748,4.5134794856028115,Fisheries & Mariculture,Non-market Use,-49.18595290991984,97945.36934007455
2030,sur,0.016133557061813592,0.769513999999999,Fisheries & Mariculture,Non-market Use,-0.3859613188967695,12722.193463489664
2035,sur,0.01798210469245057,0.773467,Fisheries & Mariculture,Non-market Use,-0.9880940692742561,14174.14225285015
2040,sur,0.019882673943485214,0.775578,Fisheries & Mariculture,Non-market Use,-1.6402040739134809,15703.172395589176
2045,sur,0.021806836248101633,0.775697,Fisheries & Mariculture,Non-market Use,-2.3570472127034843,17300.91756933749
2050,sur,0.023748905892936652,0.7742150000000001,Fisheries & Mariculture,Non-market Use,-3.191760956862393,18965.821525053365
2055,sur,0.025715312516466384,0.770702,Fisheries & Mariculture,Non-market Use,-3.9236189341750976,20725.577509083098
2060,sur,0.027709244369174848,0.7657209999999991,Fisheries & Mariculture,Non-market Use,-4.867944648284343,22581.763557065286
2065,sur,0.029741700915231945,0.7593240000000011,Fisheries & Mariculture,Non-market Use,-5.596017177646749,24554.756207185117
2070,sur,0.031814160135524405,0.7532976198346425,Fisheries & Mariculture,Non-market Use,-6.673899556066903,26597.13963107971
2075,sur,0.033914354837586314,0.7476337286958692,Fisheries & Mariculture,Non-market Use,-7.4455536928524495,28697.947088679146
2080,sur,0.0360288128805451,0.7423247179490096,Fisheries & Mariculture,Non-market Use,-8.557228171508338,30844.54275859746
2085,sur,0.03814296642757409,0.7373634840575861,Fisheries & Mariculture,Non-market Use,-9.441721154614184,33022.68889405627
2090,sur,0.040241289304108405,0.7327434127057019,Fisheries & Mariculture,Non-market Use,-10.58596638558346,35216.65188537874
2095,sur,0.04230746150082224,0.7284583640682035,Fisheries & Mariculture,Non-market Use,-11.679018150461298,37409.34787492402
2100,sur,0.044324559093008496,0.7245026591825953,Fisheries & Mariculture,Non-market Use,-12.834012990920204,39582.52747778641
2030,svn,0.10364893336924344,1.975661,Fisheries & Mariculture,Non-market Use,-0.26339535683881987,39721.75104626465
2035,svn,0.10654186084545908,1.949930999999999,Fisheries & Mariculture,Non-market Use,-0.662131392508028,41351.26559511773
2040,svn,0.10895595366260835,1.924056,Fisheries & Mariculture,Non-market Use,-1.0815797428929956,42838.35108351286
2045,svn,0.11090500225887225,1.898384,Fisheries & Mariculture,Non-market Use,-1.5333054048119261,44175.166148986
2050,svn,0.11250545922333591,1.872974999999999,Fisheries & Mariculture,Non-market Use,-2.052433945692115,45400.88198829543
2055,svn,0.11385692216508489,1.847823,Fisheries & Mariculture,Non-market Use,-2.5005131101353038,46551.45022312773
2060,svn,0.11494866518775636,1.82244,Fisheries & Mariculture,Non-market Use,-3.079617254751092,47631.715806026645
2065,svn,0.11563205801317591,1.795359,Fisheries & Mariculture,Non-market Use,-3.516994158159256,48616.51135000257
2070,svn,0.11628514095911831,1.7700143460058766,Fisheries & Mariculture,Non-market Use,-4.168293479484115,49569.60988507241
2075,svn,0.1169073455563975,1.7463425748343886,Fisheries & Mariculture,Non-market Use,-4.622809399933511,50488.394880368745
2080,svn,0.11749812749285891,1.7242848951419287,Fisheries & Mariculture,Non-market Use,-5.283438369558702,51370.310196335864
2085,svn,0.11805696740420676,1.7037869432772468,Fisheries & Mariculture,Non-market Use,-5.799002034283308,52212.871912608825
2090,svn,0.11858337163245321,1.684798559210738,Fisheries & Mariculture,Non-market Use,-6.469861769439982,53013.67997519927
2095,svn,0.11907687295044347,1.6672735812430735,Fisheries & Mariculture,Non-market Use,-7.105209692328472,53770.42958661835
2100,svn,0.11953703125097379,1.6511696583128983,Fisheries & Mariculture,Non-market Use,-7.774681774478486,54480.92226328853
2030,swe,0.8050034375191905,12.41803,Fisheries & Mariculture,Non-market Use,-2.3764124637818456,47028.96240812823
2035,swe,0.8527750585831785,12.617617,Fisheries & Mariculture,Non-market Use,-6.1500083349929575,49055.131809351216
2040,swe,0.8989791615557784,12.810313,Fisheries & Mariculture,Non-market Use,-10.336511842036602,50959.36567930821
2045,swe,0.9429374934166783,12.979937,Fisheries & Mariculture,Non-market Use,-15.04840999044532,52777.78791234607
2050,swe,0.9840245541582563,13.103605,Fisheries & Mariculture,Non-market Use,-20.611112330796644,54583.65850541396
2055,swe,1.022368458239905,13.178967,Fisheries & Mariculture,Non-market Use,-25.599033379849477,56413.11845509169
2060,swe,1.0587454285626483,13.229018,Fisheries & Mariculture,Non-market Use,-32.08813982303344,58227.00011198961
2065,swe,1.0930574952457746,13.272286,Fisheries & Mariculture,Non-market Use,-37.31981688471385,59946.53574134355
2070,swe,1.126710352316872,13.313525040351719,Fisheries & Mariculture,Non-market Use,-45.00367615460045,61630.0164547264
2075,swe,1.1595735730009742,13.352714996953285,Fisheries & Mariculture,Non-market Use,-50.73638893277595,63271.47122815337
2080,swe,1.1915163422298278,13.389836685170426,Fisheries & Mariculture,Non-market Use,-58.89200371198716,64864.93299760863
2085,swe,1.2224082919549877,13.424871875458562,Fisheries & Mariculture,Non-market Use,-65.58757195224825,66404.47348460708
2090,swe,1.2521203599101534,13.45780330825505,Fisheries & Mariculture,Non-market Use,-74.18133158894955,67884.23879736832
2095,swe,1.2805256642334077,13.488614708124574,Fisheries & Mariculture,Non-market Use,-82.51080215176592,69298.4855205889
2100,swe,1.3075003859341496,13.517290797141479,Fisheries & Mariculture,Non-market Use,-91.35956185152756,70641.6169930098
2030,tgo,0.10899777051800028,16.678927,Fisheries & Mariculture,Non-market Use,-20.626934871514134,5460.9211491365895
2035,tgo,0.13468483322419977,17.249138,Fisheries & Mariculture,Non-market Use,-54.332943443411146,6509.205461628859
2040,tgo,0.164657555285584,17.718718,Fisheries & Mariculture,Non-market Use,-92.39405634915744,7728.297662913427
2045,tgo,0.19899597665724023,18.074122,Fisheries & Mariculture,Non-market Use,-135.4168516375774,9134.333074275843
2050,tgo,0.2376680813571335,18.341722,Fisheries & Mariculture,Non-market Use,-186.44391615342712,10724.406684655922
2055,tgo,0.28075326902071024,18.528816,Fisheries & Mariculture,Non-market Use,-232.588017738029,12510.362871002158
2060,tgo,0.3282918797853343,18.63982,Fisheries & Mariculture,Non-market Use,-292.183791821782,14506.373964901131
2065,tgo,0.38048753529674767,18.677037,Fisheries & Mariculture,Non-market Use,-339.39014263291705,16738.557567420237
2070,tgo,0.43795714592231555,18.712463743483976,Fisheries & Mariculture,Non-market Use,-408.77410462753414,19183.541457840776
2075,tgo,0.5006255076833296,18.74608958251177,Fisheries & Mariculture,Non-market Use,-460.31818820753915,21835.865434404164
2080,tgo,0.5682814761248853,18.77790438724666,Fisheries & Mariculture,Non-market Use,-533.7349557489813,24684.361039650103
2085,tgo,0.6405630669597908,18.807898551034942,Fisheries & Mariculture,Non-market Use,-593.8122468557747,27711.620209089077
2090,tgo,0.7169461834068759,18.83606299523453,Fisheries & Mariculture,Non-market Use,-670.9776513718958,30893.625983648097
2095,tgo,0.7967380845152983,18.862389173789126,Fisheries & Mariculture,Non-market Use,-745.6544833081076,34199.5876702119
2100,tgo,0.8790766221075005,18.88686907754477,Fisheries & Mariculture,Non-market Use,-824.9389198793862,37592.01818868153
2030,tha,2.3565626576249143,61.42874,Fisheries & Mariculture,Non-market Use,-39.89912336785366,27414.20850412838
2035,tha,2.4564636298146,59.127137,Fisheries & Mariculture,Non-market Use,-97.81553711147748,29712.7098605839
2040,tha,2.5454617674924704,56.820715,Fisheries & Mariculture,Non-market Use,-155.61218088892625,32064.821205865836
2045,tha,2.6228235466240895,54.53480200000001,Fisheries & Mariculture,Non-market Use,-214.59243152875266,34451.97743166406
2050,tha,2.6915580828507184,52.2776789999999,Fisheries & Mariculture,Non-market Use,-279.0933987935619,36911.00581824122
2055,tha,2.753540863760397,50.0666129999999,Fisheries & Mariculture,Non-market Use,-330.0753087803376,39460.3610225932
2060,tha,2.8108891064525148,47.938537,Fisheries & Mariculture,Non-market Use,-394.66111606041613,42104.22867809399
2065,tha,2.8656116665213736,45.90488300000001,Fisheries & Mariculture,Non-market Use,-438.1020517079941,44861.520536316515
2070,tha,2.918610173607799,44.0548700034445,Fisheries & Mariculture,Non-market Use,-505.4421840075645,47648.1654494045
2075,tha,2.9697478859275726,42.372859425153685,Fisheries & Mariculture,Non-market Use,-546.4625147828069,50448.00829814829
2080,tha,3.018890833508959,40.844945154382536,Fisheries & Mariculture,Non-market Use,-609.7362251094163,53243.82249197332
2085,tha,3.065908393781627,39.458762074277445,Fisheries & Mariculture,Non-market Use,-654.3008581762512,56017.47065224456
2090,tha,3.1106738620793273,38.20331904739593,Fisheries & Mariculture,Non-market Use,-714.7335577505497,58750.08850453093
2095,tha,3.153065013625312,37.068853203855305,Fisheries & Mariculture,Non-market Use,-769.618041359527,61422.28965488415
2100,tha,3.1929646535607628,36.04670281917145,Fisheries & Mariculture,Non-market Use,-826.8991147464433,64014.38834534224
2030,tls,0.016476362635580576,1.938647,Fisheries & Mariculture,Non-market Use,-0.7943750857123902,8043.717448268009
2035,tls,0.020796753810713556,1.947521,Fisheries & Mariculture,Non-market Use,-2.0325361273177345,10060.145497788246
2040,tls,0.025897647600952693,1.944815,Fisheries & Mariculture,Non-market Use,-3.360085444687193,12487.06166144538
2045,tls,0.031770749870053724,1.932078,Fisheries & Mariculture,Non-market Use,-4.796234914983234,15348.256506960839
2050,tls,0.03836001421207177,1.910232,Fisheries & Mariculture,Non-market Use,-6.43360678392803,18655.952520503215
2055,tls,0.04569148177536205,1.881365999999999,Fisheries & Mariculture,Non-market Use,-7.824800035300256,22456.689513679183
2060,tls,0.05377149513469962,1.848106,Fisheries & Mariculture,Non-market Use,-9.59846026899955,26776.781836051094
2065,tls,0.06257864810021872,1.813183,Fisheries & Mariculture,Non-market Use,-10.916745144255747,31612.38890071853
2070,tls,0.07231582833991115,1.7806330811027342,Fisheries & Mariculture,Non-market Use,-12.88804754285199,37022.13986281241
2075,tls,0.08297587981105085,1.7503498916199796,Fisheries & Mariculture,Non-market Use,-14.240741626447216,43008.02305167979
2080,tls,0.09452780103802706,1.722235514590043,Fisheries & Mariculture,Non-market Use,-16.21927181077846,49556.35846137449
2085,tls,0.10691385504155529,1.6961999383293618,Fisheries & Mariculture,Non-market Use,-17.743782596087208,56635.546451879694
2090,tls,0.1200473006495705,1.6721605743347059,Fisheries & Mariculture,Non-market Use,-19.73586602499121,64194.25161720467
2095,tls,0.13381095844054205,1.6500418189082078,Fisheries & Mariculture,Non-market Use,-21.612060339527773,72160.1981448909
2100,tls,0.14805681165185156,1.6297746552351688,Fisheries & Mariculture,Non-market Use,-23.585748949066815,80439.74390583497
2030,tto,0.065937849367949955,1.391386,Fisheries & Mariculture,Non-market Use,-0.7235083648188709,34381.6931366034
2035,tto,0.07131325462593116,1.358448,Fisheries & Mariculture,Non-market Use,-1.7991533968514608,38104.28800992665
2040,tto,0.07681010265796846,1.324978,Fisheries & Mariculture,Non-market Use,-2.905024123723444,42098.11924822198
2045,tto,0.08251272071097167,1.291488,Fisheries & Mariculture,Non-market Use,-4.068508392473817,46418.36649423356
2050,tto,0.08856322471530888,1.26038,Fisheries & Mariculture,Non-market Use,-5.386900461325007,51076.06683845816
2055,tto,0.09505757657795393,1.232589999999999,Fisheries & Mariculture,Non-market Use,-6.50560433981287,56084.09751667015
2060,tto,0.10194269917200349,1.20704,Fisheries & Mariculture,Non-market Use,-7.955462024487779,61448.61734881187
2065,tto,0.10912638060488439,1.182883,Fisheries & Mariculture,Non-market Use,-9.037792652922855,67153.94400042186
2070,tto,0.11643178552871139,1.1603931410065533,Fisheries & Mariculture,Non-market Use,-10.658274349656457,73072.80593679598
2075,tto,0.1238160119267165,1.1394920479221768,Fisheries & Mariculture,Non-market Use,-11.764895765472785,79169.99385935733
2080,tto,0.13123230141302875,1.120107683699444,Fisheries & Mariculture,Non-market Use,-13.386518353559891,85404.68373433311
2085,tto,0.13863042647514337,1.1021739341533627,Fisheries & Mariculture,Non-market Use,-14.63148312006665,91730.69154222247
2090,tto,0.14595716611999196,1.0856302307172654,Fisheries & Mariculture,Non-market Use,-16.26032370333734,98096.87340916759
2095,tto,0.15315686609789914,1.070421208117844,Fisheries & Mariculture,Non-market Use,-17.79200841790091,104447.67263061726
2100,tto,0.16017207752311433,1.0564963942500958,Fisheries & Mariculture,Non-market Use,-19.402566515872348,110723.81051106176
2030,tun,0.37389132089881566,13.932889,Fisheries & Mariculture,Non-market Use,-12.393543151595415,23209.94953839355
2035,tun,0.42391247196519793,13.81366,Fisheries & Mariculture,Non-market Use,-31.296250943952018,26461.798220176723
2040,tun,0.4763759960426549,13.669999,Fisheries & Mariculture,Non-market Use,-51.27054540144866,29957.890464508913
2045,tun,0.5304726401439721,13.516625,Fisheries & Mariculture,Non-market Use,-72.84025955891157,33635.54343116176
2050,tun,0.5864170481201598,13.36171,Fisheries & Mariculture,Non-market Use,-97.69174519458245,37498.86226915901
2055,tun,0.6444028561261725,13.202828,Fisheries & Mariculture,Non-market Use,-119.20496674215568,41574.76193203191
2060,tun,0.7042519554345757,13.033673,Fisheries & Mariculture,Non-market Use,-146.94978131116574,45884.09214369965
2065,tun,0.7650655820053928,12.845346,Fisheries & Mariculture,Non-market Use,-167.88997662236278,50420.97574492149
2070,tun,0.8278273416779991,12.669020477460426,Fisheries & Mariculture,Non-market Use,-199.05961453187123,55145.29172245657
2075,tun,0.892163498915599,12.504268242421784,Fisheries & Mariculture,Non-market Use,-220.84798712141796,60027.05174362163
2080,tun,0.9576476524600985,12.350692375780278,Fisheries & Mariculture,Non-market Use,-252.49776873789062,65030.96615527833
2085,tun,1.0238035516648836,12.207925630409049,Fisheries & Mariculture,Non-market Use,-277.2288786096003,70116.65619660835
2090,tun,1.090109232173507,12.075628962566567,Fisheries & Mariculture,Non-market Use,-309.3965009490598,75239.01591133128
2095,tun,1.1560024777352103,11.953490185343654,Fisheries & Mariculture,Non-market Use,-339.87825373134365,80348.72678970777
2100,tun,1.2208875754544717,11.841222736636915,Fisheries & Mariculture,Non-market Use,-372.0026990049403,85392.92301723082
2030,tur,4.888078908982365,95.4216500000001,Fisheries & Mariculture,Non-market Use,-10.858964618774948,38345.00946107721
2035,tur,5.103253691403807,94.296102,Fisheries & Mariculture,Non-market Use,-27.33156395821114,40502.95906047125
2040,tur,5.276731248512659,92.93032600000011,Fisheries & Mariculture,Non-market Use,-44.590681028004134,42487.0526895423
2045,tur,5.413970365326191,91.365809,Fisheries & Mariculture,Non-market Use,-62.990363386412035,44329.9253355097
2050,tur,5.526105647909728,89.6415469999999,Fisheries & Mariculture,Non-market Use,-83.84793267844105,46109.49790605201
2055,tur,5.622384146545529,87.80754300000001,Fisheries & Mariculture,Non-market Use,-101.42532325037617,47883.396567805794
2060,tur,5.70730442623577,85.9070630000001,Fisheries & Mariculture,Non-market Use,-123.91337471999489,49672.28238643955
2065,tur,5.7813794812350885,83.95749800000002,Fisheries & Mariculture,Non-market Use,-140.38659470543962,51475.3859783814
2070,tur,5.852664132010329,82.14744229353316,Fisheries & Mariculture,Non-market Use,-165.12824177379767,53247.943084746476
2075,tur,5.9210296416422405,80.46962215316242,Fisheries & Mariculture,Non-market Use,-181.825301288876,54982.46346161156
2080,tur,5.986351285462376,78.91737906139149,Fisheries & Mariculture,Non-market Use,-206.4077898217668,56671.41943713179
2085,tur,6.04850872688813,77.48462552763534,Fisheries & Mariculture,Non-market Use,-225.11235010700858,58307.29942932555
2090,tur,6.107386383897518,76.16580514758007,Fisheries & Mariculture,Non-market Use,-249.662241263259,59882.66294048033
2095,tur,6.162873784595254,74.95585653673321,Fisheries & Mariculture,Non-market Use,-272.6599874105326,61390.19647318067
2100,tur,6.214865910351148,73.85018080909394,Fisheries & Mariculture,Non-market Use,-296.8166734804208,62822.76978577194
2030,tza,1.6832979001603126,154.926012,Fisheries & Mariculture,Non-market Use,-4.966804336913474,7975.690414602632
2035,tza,2.096012125692669,163.812307,Fisheries & Mariculture,Non-market Use,-13.376068483250561,9394.536251315836
2040,tza,2.5882673630247894,172.033339,Fisheries & Mariculture,Non-market Use,-23.25468586068427,11048.950117578925
2045,tza,3.165221238739762,179.177707,Fisheries & Mariculture,Non-market Use,-34.800509156314824,12976.00438882286
2050,tza,3.8324004572862567,185.014429,Fisheries & Mariculture,Non-market Use,-48.75282992666001,15218.874679894592
2055,tza,4.598833231068434,189.580423,Fisheries & Mariculture,Non-market Use,-61.6906402069306,17826.569595624063
2060,tza,5.467954823296682,193.127668,Fisheries & Mariculture,Non-market Use,-78.47747543407138,20810.875677576212
2065,tza,6.439008151169815,195.843027,Fisheries & Mariculture,Non-market Use,-92.25405803248914,24172.25134270364
2070,tza,7.52533557535007,198.45888688629088,Fisheries & Mariculture,Non-market Use,-112.38518782252946,27884.177861939435
2075,tza,8.728116532940351,200.97017083227115,Fisheries & Mariculture,Non-market Use,-127.92787010578121,31943.88414971328
2080,tza,10.045637772120298,203.37195118093564,Fisheries & Mariculture,Non-market Use,-149.84963840209514,36339.712634395466
2085,tza,11.472840491157271,205.65946539867772,Fisheries & Mariculture,Non-market Use,-168.32309180503808,41050.032336607415
2090,tza,13.000935587832608,207.82813167299483,Fisheries & Mariculture,Non-market Use,-191.91475893359154,46042.3755793069
2095,tza,14.61711961334222,209.87356408330083,Fisheries & Mariculture,Non-market Use,-215.07245408150587,51272.8774852487
2100,tza,16.30442355367244,211.79158727515227,Fisheries & Mariculture,Non-market Use,-239.80412512243504,56686.0934734851
2030,ukr,0.8418321361655449,32.398639,Fisheries & Mariculture,Non-market Use,-4.21780396667201,21582.54360856278
2035,ukr,0.9186945996936056,31.561341,Fisheries & Mariculture,Non-market Use,-10.465122556804186,24122.898934154833
2040,ukr,0.9941816765824429,30.75667,Fisheries & Mariculture,Non-market Use,-16.882784837519587,26726.85444557164
2045,ukr,1.0689046497828236,29.9936,Fisheries & Mariculture,Non-market Use,-23.655772402281233,29399.309521709507
2050,ukr,1.1451430952986434,29.26918,Fisheries & Mariculture,Non-market Use,-31.31927498648529,32201.71726631428
2055,ukr,1.2244952633449275,28.579186,Fisheries & Mariculture,Non-market Use,-37.76439733849959,35183.40435260258
2060,ukr,1.3063753410938568,27.901272,Fisheries & Mariculture,Non-market Use,-46.039589667947524,38359.50971775207
2065,ukr,1.3890131550005063,27.19647,Fisheries & Mariculture,Non-market Use,-52.023170679425334,41746.40229694763
2070,ukr,1.4724851531742267,26.54382161441769,Fisheries & Mariculture,Non-market Use,-61.039207845731255,45238.327293069735
2075,ukr,1.556316082323415,25.940360786347338,Fisheries & Mariculture,Non-market Use,-67.05273453644081,48812.64612626431
2080,ukr,1.6399972201507627,25.383382759019472,Fisheries & Mariculture,Non-market Use,-75.94882455209607,52443.699275807376
2085,ukr,1.7229906942760553,24.87042381047197,Fisheries & Mariculture,Non-market Use,-82.65803894358305,56103.01996965927
2090,ukr,1.8047345353515758,24.39924302230392,Fisheries & Mariculture,Non-market Use,-91.49288207175235,59759.628541457976
2095,ukr,1.8846484149192102,23.96780589297075,Fisheries & Mariculture,Non-market Use,-99.73836529135373,63380.40594524954
2100,ukr,1.9621400002699776,23.57426962717486,Fisheries & Mariculture,Non-market Use,-108.39097053185198,66930.54230735831
2030,ury,0.1282324653296995,3.087175,Fisheries & Mariculture,Non-market Use,-0.13319132921559323,34170.71991367143
2035,ury,0.13332082240975965,3.010482,Fisheries & Mariculture,Non-market Use,-0.33081103368600207,36355.433146955715
2040,ury,0.13758622613221583,2.928801,Fisheries & Mariculture,Non-market Use,-0.53278221264199,38484.03016137762
2045,ury,0.14099220650241506,2.841726,Fisheries & Mariculture,Non-market Use,-0.7427554016241705,40559.679763806795
2050,ury,0.14373142023124147,2.749622999999999,Fisheries & Mariculture,Non-market Use,-0.9750555905376722,42642.671820050695
2055,ury,0.14592754817012685,2.653563,Fisheries & Mariculture,Non-market Use,-1.1620295890284786,44766.79703160772
2060,ury,0.14765432313434798,2.555241,Fisheries & Mariculture,Non-market Use,-1.397315218120673,46939.968453928326
2065,ury,0.1490235335857758,2.457471,Fisheries & Mariculture,Non-market Use,-1.5578576157855464,49155.63957431861
2070,ury,0.15033634547366925,2.368143381710179,Fisheries & Mariculture,Non-market Use,-1.8047145208279018,51349.86818182846
2075,ury,0.1515910184285427,2.2865933280804724,Fisheries & Mariculture,Non-market Use,-1.9587747366404267,53510.91174225861
2080,ury,0.15278587681137643,2.2122260980487596,Fisheries & Mariculture,Non-market Use,-2.1935934967653075,55626.79123069753
2085,ury,0.1539193134215343,2.144509793995646,Fisheries & Mariculture,Non-market Use,-2.362027914063056,57685.399585154075
2090,ury,0.15498979308040758,2.082969007072136,Fisheries & Mariculture,Non-market Use,-2.5885040207958405,59674.61573176824
2095,ury,0.1559958560796607,2.0271792338667867,Fisheries & Mariculture,Non-market Use,-2.795639680165786,61582.422702470314
2100,ury,0.15693612148329594,1.976761972284865,Fisheries & Mariculture,Non-market Use,-3.0120648405070822,63397.02824744677
2030,usa,30.497112514304206,392.274604,Fisheries & Mariculture,Non-market Use,-51.424836109366844,61710.44323700841
2035,usa,32.03182948179051,397.0025,Fisheries & Mariculture,Non-market Use,-132.55777697971462,63954.691973892455
2040,usa,33.53813929191153,401.171601,Fisheries & Mariculture,Non-market Use,-221.74715359630528,66173.73032647757
2045,usa,35.00865608375228,404.260551,Fisheries & Mariculture,Non-market Use,-321.0650266616628,68451.50265458516
2050,usa,36.446788716196615,406.044541,Fisheries & Mariculture,Non-market Use,-437.52000972528674,70850.95804770051
2055,usa,37.8585432739446,406.64523,Fisheries & Mariculture,Non-market Use,-541.0924638776497,73383.55041980675
2060,usa,39.245948839665196,406.411009,Fisheries & Mariculture,Non-market Use,-675.2988413868429,76009.76410618977
2065,usa,40.591879955632464,405.502667,Fisheries & Mariculture,Non-market Use,-781.0900298135709,78681.7695010012
2070,usa,41.914365004612684,404.64167076559255,Fisheries & Mariculture,Non-market Use,-936.9990346053571,81303.40690531494
2075,usa,43.2080644757752,403.82772204193503,Fisheries & Mariculture,Non-market Use,-1051.1379364982097,83863.32329930857
2080,usa,44.467603820200644,403.0605390137047,Fisheries & Mariculture,Non-market Use,-1214.4088932889133,86350.10929547789
2085,usa,45.687609113050115,402.33985614238264,Fisheries & Mariculture,Non-market Use,-1346.5363048438696,88752.38067197207
2090,usa,46.86274393340998,401.66542401299597,Fisheries & Mariculture,Non-market Use,-1516.6958681944873,91058.86249458377
2095,usa,47.98774712413636,401.0370091901948,Fisheries & Mariculture,Non-market Use,-1680.5116181605893,93258.47499344779
2100,usa,49.057471071879796,400.4543940835474,Fisheries & Mariculture,Non-market Use,-1854.0908962047533,95340.42030940068
2030,vnm,3.946396500115882,105.995262,Fisheries & Mariculture,Non-market Use,-124.01917834707038,25643.680167546314
2035,vnm,4.244315603336698,104.556598,Fisheries & Mariculture,Non-market Use,-311.58969641349285,28004.788901794192
2040,vnm,4.508951862653056,102.768093,Fisheries & Mariculture,Non-market Use,-506.99752969139166,30318.115954031866
2045,vnm,4.741239004907522,100.772993,Fisheries & Mariculture,Non-market Use,-714.324372121893,32564.18968717245
2050,vnm,4.951124232995528,98.686986,Fisheries & Mariculture,Non-market Use,-949.0821442044488,34781.07878387077
2055,vnm,5.1498348591934375,96.590101,Fisheries & Mariculture,Non-market Use,-1147.1180053430821,37022.45123268048
2060,vnm,5.3465500207681185,94.53687999999991,Fisheries & Mariculture,Non-market Use,-1402.0111885112997,39335.17530785058
2065,vnm,5.545433838235214,92.5310300000001,Fisheries & Mariculture,Non-market Use,-1590.795849878957,41750.33323018977
2070,vnm,5.741401741766758,90.66590394338381,Fisheries & Mariculture,Non-market Use,-1873.838714650963,44186.30769879641
2075,vnm,5.933616291788995,88.93455864108128,Fisheries & Mariculture,Non-market Use,-2066.1117560545895,46629.79437674667
2080,vnm,6.121229840091208,87.33062399903824,Fisheries & Mariculture,Non-market Use,-2348.4477080228244,49066.65078475042
2085,vnm,6.303390456333371,85.84826382680954,Fisheries & Mariculture,Non-market Use,-2564.3435077761696,51482.01709086726
2090,vnm,6.479248114833471,84.48214030974677,Fisheries & Mariculture,Non-market Use,-2847.204336341327,53860.45428935315
2095,vnm,6.6479610822745965,83.22738184090156,Fisheries & Mariculture,Non-market Use,-3112.7409045927297,56186.09825403844
2100,vnm,6.808702442148115,82.0795539401647,Fisheries & Mariculture,Non-market Use,-3391.818612923608,58442.827741061024
2030,yem,0.5937670836535153,60.928096,Fisheries & Mariculture,Non-market Use,-10.128505761539262,9193.28567779296
2035,yem,0.7392475494688953,62.438104,Fisheries & Mariculture,Non-market Use,-26.43666858301663,11118.16071755204
2040,yem,0.9024271948959636,63.49724,Fisheries & Mariculture,Non-market Use,-44.506943454226416,13284.999416940238
2045,yem,1.081364634186225,64.221574,Fisheries & Mariculture,Non-market Use,-64.67815635193764,15667.42902726121
2050,yem,1.2745559319983288,64.718744,Fisheries & Mariculture,Non-market Use,-88.4299487814939,18240.150274412114
2055,yem,1.4813497023245576,64.9957859999999,Fisheries & Mariculture,Non-market Use,-109.66954767296222,21011.43650132678
2060,yem,1.701437281860599,65.020098,Fisheries & Mariculture,Non-market Use,-137.0008336334447,24011.872484961106
2065,yem,1.93465901717319,64.758694,Fisheries & Mariculture,Non-market Use,-158.17961358377968,27285.31134667578
2070,yem,2.186589729596146,64.51135859050774,Fisheries & Mariculture,Non-market Use,-189.43044327727642,30811.224465716485
2075,yem,2.45634062252115,64.27793577310607,Fisheries & Mariculture,Non-market Use,-212.1634416795514,34574.038995457624
2080,yem,2.7425346681783727,64.05827856658496,Fisheries & Mariculture,Non-market Use,-244.74564377982932,38551.04478486436
2085,yem,3.043277434914058,63.85224885250585,Fisheries & Mariculture,Non-market Use,-270.98562764785316,42712.0702873389
2090,yem,3.3561416462378597,63.65971723029451,Fisheries & Mariculture,Non-market Use,-304.8202461625148,47019.378355127024
2095,yem,3.6781679888628136,63.48056288164977,Fisheries & Mariculture,Non-market Use,-337.3206159678645,51427.81600346601
2100,yem,4.005884252448636,63.314673444068724,Fisheries & Mariculture,Non-market Use,-371.7298004178843,55885.24425877946
2030,zaf,2.163837042343466,67.836628,Fisheries & Mariculture,Non-market Use,-20.978208777766984,26732.78347120928
2035,zaf,2.4565394890028807,67.030147,Fisheries & Mariculture,Non-market Use,-52.79630998551457,30638.943435828896
2040,zaf,2.7623932536892326,65.99224000000001,Fisheries & Mariculture,Non-market Use,-86.04827525932126,34909.7352485127
2045,zaf,3.080704809865943,64.739926,Fisheries & Mariculture,Non-market Use,-121.29007468779584,39587.939488729295
2050,zaf,3.4120478152854896,63.382743,Fisheries & Mariculture,Non-market Use,-161.10784988849767,44674.27776789279
2055,zaf,3.7547869172505157,61.938108,Fisheries & Mariculture,Non-market Use,-194.41741552108738,50184.15595711906
2060,zaf,4.104418474301271,60.409942,Fisheries & Mariculture,Non-market Use,-236.78838050752313,56105.52313241059
2065,zaf,4.457868708331205,58.8106079999999,Fisheries & Mariculture,Non-market Use,-267.22954749623005,62438.78832930494
2070,zaf,4.822561784998416,57.33146546600568,Fisheries & Mariculture,Non-market Use,-313.172059883036,69117.0813583421
2075,zaf,5.1963253381018815,55.965416384371856,Fisheries & Mariculture,Non-market Use,-343.6408211710798,76101.33854728621
2080,zaf,5.57668276403087,54.705999776083516,Fisheries & Mariculture,Non-market Use,-388.82219227522626,83342.98128251609
2085,zaf,5.960869676822305,53.54734062099427,Fisheries & Mariculture,Non-market Use,-422.7507097338587,90784.0160277032
2090,zaf,6.345857975801754,52.48410401254732,Fisheries & Mariculture,Non-market Use,-467.5017815052847,98357.41505057435
2095,zaf,6.728387559590059,51.51145404038271,Fisheries & Mariculture,Non-market Use,-509.19285761594074,105987.7939202605
2100,zaf,7.10500549270443,50.625016955348805,Fisheries & Mariculture,Non-market Use,-552.9228874848834,113592.39159167255
2030,aus,2.539893488378035,33.290315,Mangroves,Market,-3.505719294237253,58814.88203595549
2035,aus,2.75220907467629,33.85498,Mangroves,Market,-9.277364450581546,62617.940845988735
2040,aus,2.9613379209999398,34.32925299999999,Mangroves,Market,-15.813697357461455,66391.66263704035
2045,aus,3.1638926693614557,34.697285,Mangroves,Market,-23.211985215619535,70123.87481842496
2050,aus,3.3571881248185558,34.930598,Mangroves,Market,-31.99511199529419,73851.40439979927
2055,aus,3.5403060741582193,35.02683,Mangroves,Market,-39.51569356883099,77602.95117981447
2060,aus,3.7135242961675776,35.013541,Mangroves,Market,-49.35370403313774,81364.9523600343
2065,aus,3.876094331336857,34.921482,Mangroves,Market,-56.26531247580398,85081.94390119465
2070,aus,4.037296979935233,34.83425589293856,Mangroves,Market,-67.11360042736105,88770.40466684739
2075,aus,4.196366670532069,34.751827038144256,Mangroves,Market,-73.80482753725477,92411.88968896322
2080,aus,4.352518323081721,34.67416178062263,Mangroves,Market,-84.25612084277205,95987.44660203859
2085,aus,4.50495336869886,34.60122842813795,Mangroves,Market,-91.47620975547972,99477.7689354704
2090,aus,4.652866180594523,34.53299722964536,Mangroves,Market,-101.43689549805144,102863.36041729419
2095,aus,4.795450849712881,34.4694403550529,Mangroves,Market,-110.34994642306124,106124.70849261219
2100,aus,4.931908230417701,34.41053187629407,Mangroves,Market,-119.62648678920544,109242.46502984481
2030,bhs,0.020906657093800823,0.445260999999999,Mangroves,Market,-0.07163333351521774,39164.98519831732
2035,bhs,0.02234354837628066,0.442368,Mangroves,Market,-0.18256993636880195,42031.190573617576
2040,bhs,0.0238225682479904,0.438442999999999,Mangroves,Market,-0.3020177404244857,45107.783690214404
2045,bhs,0.025328320624502392,0.433284,Mangroves,Market,-0.4329016048180972,48415.024616195544
2050,bhs,0.026849852072616864,0.426799,Mangroves,Market,-0.5850857488289303,51979.588241288606
2055,bhs,0.028361962036230825,0.419049,Mangroves,Market,-0.7146611136207451,55789.343626982096
2060,bhs,0.029862505787165296,0.4103,Mangroves,Market,-0.8823070975537272,59850.461997013634
2065,bhs,0.031356845145867736,0.400918,Mangroves,Market,-1.0035547749205158,64162.32448077558
2070,bhs,0.0328475063713577,0.39220890411357545,Mangroves,Market,-1.1878624691388175,68540.33955733053
2075,bhs,0.03432684604098251,0.38413741119484723,Mangroves,Market,-1.305770003109102,72956.51795953912
2080,bhs,0.03578692323092229,0.37667121423395145,Mangroves,Market,-1.483140259313271,77380.53328951352
2085,bhs,0.03721956410284305,0.3697807841448597,Mangroves,Market,-1.6096034266198547,81780.01575707347
2090,bhs,0.03861643263630678,0.36343917437728646,Mangroves,Market,-1.7788197713497649,86120.90314315366
2095,bhs,0.03996910675262763,0.35762184453618145,Mangroves,Market,-1.9314022293843893,90367.8448819922
2100,bhs,0.04126915894368975,0.3523065013859621,Mangroves,Market,-2.0892261195918116,94484.65351995622
2030,blz,0.017138658141188146,0.591210999999999,Mangroves,Market,-0.5585798214322479,25170.84007601416
2035,blz,0.02025287439479687,0.599851999999999,Mangroves,Market,-1.5721331445476752,29225.16403332586
2040,blz,0.023663988067132453,0.605154,Mangroves,Market,-2.8468395234280623,33742.9636927717
2045,blz,0.027305697098040805,0.607607,Mangroves,Market,-4.423935198053664,38657.54421786719
2050,blz,0.03113980471033504,0.607429999999999,Mangroves,Market,-6.42544594847055,43960.40847613287
2055,blz,0.03513754542983736,0.604987000000001,Mangroves,Market,-8.37769136563203,49647.967810435126
2060,blz,0.03928703581475631,0.600637,Mangroves,Market,-10.973350456204102,55736.92403833945
2065,blz,0.043569790511193994,0.594581,Mangroves,Market,-13.175781549617815,62245.167725053914
2070,blz,0.04808193516684422,0.5888858073808309,Mangroves,Market,-16.416378528204625,69135.81124038399
2075,blz,0.05279928826923946,0.5835420420041584,Mangroves,Market,-18.955663769438285,76370.34504907388
2080,blz,0.057691676708504495,0.5785409498046759,Mangroves,Market,-22.55161215434488,83899.63945462562
2085,blz,0.06272294046754655,0.5738743788248434,Mangroves,Market,-25.57645082078249,91663.9072150623
2090,blz,0.06785110098457522,0.5695347570089673,Mangroves,Market,-29.455625711962917,99592.98127734939
2095,blz,0.07302870552412943,0.565515071671713,Mangroves,Market,-33.244916977077054,107606.93336411775
2100,blz,0.07820335452212006,0.5618088505629093,Mangroves,Market,-37.282118873370955,115617.04776277348
2030,bra,8.683643794732223,219.98681,Mangroves,Market,-11.989559317806505,32711.538726502422
2035,bra,9.736283529240387,215.662394,Mangroves,Market,-32.29148527314835,37328.75592121326
2040,bra,10.81008624586627,210.670582,Mangroves,Market,-55.98670517856797,42332.79313392043
2045,bra,11.876980385685131,205.115032,Mangroves,Market,-83.42060954457429,47663.39358409413
2050,bra,12.937228299714956,199.309975,Mangroves,Market,-116.54209050127079,53310.305653847274
2055,bra,13.989430782526474,193.427095,Mangroves,Market,-146.32021909208981,59265.51321241279
2060,bra,15.033500383780359,187.625721,Mangroves,Market,-185.2921840002416,65509.63643229593
2065,bra,16.069087302119286,182.011177,Mangroves,Market,-215.11890024421612,72018.90480925808
2070,bra,17.120664736925555,176.83697024148006,Mangroves,Market,-260.12223179011494,78797.89089469322
2075,bra,18.18209037859181,172.074440613558,Mangroves,Market,-291.14210971014785,85803.67949796314
2080,bra,19.246697043302742,167.6976334998618,Mangroves,Market,-336.91126474928166,92985.8611103535
2085,bra,20.307348371094957,163.68306348478015,Mangroves,Market,-371.58742763185757,100286.8579149938
2090,bra,21.35650644052634,160.00950360280336,Mangroves,Market,-417.35748498089407,107642.46049560749
2095,bra,22.386310723537115,156.65779747463733,Mangroves,Market,-459.88961841087934,114982.57781246149
2100,bra,23.388667490968032,153.61069199296466,Mangroves,Market,-504.41660043606,122232.19572083319
2030,chn,60.882906835826795,1146.749636,Mangroves,Market,-2.0096781713877205,30524.87998773806
2035,chn,63.27248731758661,1091.65903,Mangroves,Market,-5.057455938092833,33529.5100896665
2040,chn,65.05110143821298,1038.70914,Mangroves,Market,-8.1769138876068,36451.53219971716
2045,chn,66.35896166699999,986.647114,Mangroves,Market,-11.384766626886549,39385.14530505794
2050,chn,67.32197501184746,935.604942999999,Mangroves,Market,-14.9075792759651,42391.88683171695
2055,chn,68.10119633613381,887.408687000001,Mangroves,Market,-17.585035280671107,45483.869315166194
2060,chn,68.73471037814025,842.783736000001,Mangroves,Market,-21.02421331769489,48627.13275308133
2065,chn,69.093767985319,800.2158090000011,Mangroves,Market,-23.01931894746741,51787.79658211562
2070,chn,69.43665458110044,761.8188272449213,Mangroves,Market,-26.3745061623023,54991.371472581865
2075,chn,69.76310657335446,727.1881833962738,Mangroves,Market,-27.982135817476934,58221.477221564135
2080,chn,70.07287187070006,695.9682412494976,Mangroves,Market,-30.832089168515704,61460.57616277974
2085,chn,70.36571020595885,667.8462697188777,Mangroves,Market,-32.42135378965239,64690.11725904805
2090,chn,70.64139344585674,642.5472249797639,Mangroves,Market,-34.85518258808285,67890.70233593373
2095,chn,70.89970588641593,619.829258864559,Mangroves,Market,-36.85136244939285,71042.27260301814
2100,chn,71.14044453350388,599.4798506048857,Mangroves,Market,-38.899080746113526,74124.3131120858
2030,cog,0.11478595316297348,11.621461,Mangroves,Market,-0.03143335488470764,6019.097768469634
2035,cog,0.13927388657322404,12.045011,Mangroves,Market,-0.09086327721438131,7078.930079487318
2040,cog,0.16764700168929966,12.376665,Mangroves,Market,-0.16954954076053155,8330.86017927978
2045,cog,0.20009438362569718,12.622091,Mangroves,Market,-0.27259508490763945,9794.5558061041
2050,cog,0.23659721794316294,12.796559,Mangroves,Market,-0.41060816637174696,11475.510857874187
2055,cog,0.27693255353654445,12.905469,Mangroves,Market,-0.5554293980725525,13378.928266459621
2060,cog,0.3208793207446141,12.950438,Mangroves,Market,-0.7540862784185375,15517.974470353549
2065,cog,0.3685315917636393,12.934565,Mangroves,Market,-0.9377837190292162,17924.561228395618
2070,cog,0.42052403205735983,12.919504132349594,Mangroves,Market,-1.2083741146203695,20568.83966780931
2075,cog,0.47672906449509495,12.905252555670602,Mangroves,Market,-1.4405620306836435,23447.713566277533
2080,cog,0.5369063272478418,12.891807580856332,Mangroves,Market,-1.7667411960576689,26552.297255874746
2085,cog,0.6006930636656899,12.87916667022576,Mangroves,Market,-2.062090752121576,29867.288372416842
2090,cog,0.6675976290704232,12.867327436725136,Mangroves,Market,-2.440143418719274,33370.48568605248
2095,cog,0.7369968666243112,12.85628764317667,Mangroves,Market,-2.8250364781154125,37032.49624285298
2100,cog,0.8081380150335865,12.846045201573991,Mangroves,Market,-3.2443300570846882,40816.67287938728
2030,col,2.1991026775271743,57.018611,Mangroves,Market,-2.1248075654691863,30995.67370170845
2035,col,2.4462658401896302,56.394002,Mangroves,Market,-5.673157775512854,34804.084063777766
2040,col,2.690811240437508,55.57219600000001,Mangroves,Market,-9.737772564752174,38785.665115142016
2045,col,2.9246453533371297,54.532819,Mangroves,Market,-14.344360839488832,42888.98325073831
2050,col,3.146550422322223,53.348143,Mangroves,Market,-19.780519833533766,47090.100610378286
2055,col,3.3575702387353052,52.08693,Mangroves,Market,-24.496238352168067,51379.88554954595
2060,col,3.559229069298789,50.81842,Mangroves,Market,-30.583751258170597,55733.06641865997
2065,col,3.753697337280461,49.607447,Mangroves,Market,-35.02343455643169,60113.319582413504
2070,col,3.948536235036359,48.48443658428588,Mangroves,Market,-41.79275162292992,64590.86411087553
2075,col,4.142701457045377,47.444616588673966,Mangroves,Market,-46.202345312433316,69137.20220641028
2080,col,4.3350971605015065,46.48362592364344,Mangroves,Market,-52.8349231299,73720.88244836856
2085,col,4.524585124309597,45.59748399423072,Mangroves,Market,-57.63272868528258,78307.78610084811
2090,col,4.70999498737163,44.78256311537008,Mangroves,Market,-64.05584377695696,82861.48730144299
2095,col,4.8901354573144324,44.03556365410276,Mangroves,Market,-69.89674341346588,87343.68373885988
2100,col,5.063806356304529,43.3534916592201,Mangroves,Market,-75.96807821830801,91714.69222621302
2030,dom,0.6809607530963461,13.605327,Mangroves,Market,-0.9282118951639463,39168.644074088086
2035,dom,0.7479386301139422,13.592163,Mangroves,Market,-2.417495349520931,43015.02667173566
2040,dom,0.8153821573044928,13.539076,Mangroves,Market,-4.068233179608555,47025.325781606494
2045,dom,0.882151926967396,13.448394,Mangroves,Market,-5.905523958794535,51162.16210604921
2050,dom,0.9480605627488098,13.33164,Mangroves,Market,-8.052850273673158,55404.39053894581
2055,dom,1.0137698619835827,13.1934,Mangroves,Market,-9.92389598255822,59798.396167443
2060,dom,1.0797662058455184,13.039716,Mangroves,Market,-12.342793282319917,64369.94786806661
2065,dom,1.1465838162796156,12.870055,Mangroves,Market,-14.165308842551717,69176.89907559521
2070,dom,1.2139885848618184,12.710974151821462,Mangroves,Market,-16.884378786121108,74077.28141296539
2075,dom,1.281599734670028,12.562128814467876,Mangroves,Market,-18.719214199079133,79040.82625316267
2080,dom,1.3490110100359611,12.42319880738239,Mangroves,Market,-21.405613864889883,84034.35178225745
2085,dom,1.415794127827137,12.293887259010674,Mangroves,Market,-23.407558523603154,89022.05564155383
2090,dom,1.4815027830729903,12.173919546164148,Mangroves,Market,-26.030396729422172,93965.87790872049
2095,dom,1.5456771688764623,12.063042318862172,Mangroves,Market,-28.43864630784468,98825.93114700189
2100,dom,1.607848956934873,11.961022605790253,Mangroves,Market,-30.9364229708593,103560.9922515327
2085,ecu,1.3310084547777865,19.057711773691988,Mangroves,Market,-2.3111808734996955,51550.59931831889
2090,ecu,1.411815015032311,18.783515001421392,Mangroves,Market,-7.831287583224934,55486.01641970744
2095,ecu,1.4918132452160024,18.531280072589617,Mangroves,Market,-13.21155234576979,59436.140869654126
2100,ecu,1.5703065036632204,18.300207128996984,Mangroves,Market,-19.557561849079296,63362.00760163932
2030,egy,8.708304773816822,183.488565,Mangroves,Market,-0.034217973177819765,41111.48566788448
2035,egy,10.221131794229986,188.169675,Mangroves,Market,-0.09563465743247551,46909.155510689074
2040,egy,11.824761942557195,192.031397,Mangroves,Market,-0.1714323456675196,53014.423644752234
2045,egy,13.504787342413586,195.18917,Mangroves,Market,-0.2636249463595035,59383.722427524895
2050,egy,15.253836522160366,197.617954,Mangroves,Market,-0.37916374174255424,66045.83600783128
2055,egy,17.078024452588792,199.49619,Mangroves,Market,-0.49044844998525483,73021.2027363778
2060,egy,18.974000464772146,200.615357,Mangroves,Market,-0.6382358661678545,80424.74696775684
2065,egy,20.92367094650616,200.998176,Mangroves,Market,-0.7619432165978043,88244.07097285887
2070,egy,22.966179088380404,201.36254802911262,Mangroves,Market,-0.9440933611875499,96380.76646934982
2075,egy,25.090076648990742,201.7083683560508,Mangroves,Market,-1.0844663190720605,104783.93082685566
2080,egy,27.28148455108985,202.03553735979685,Mangroves,Market,-1.2837684163724046,113393.67720091663
2085,egy,29.52412832991326,202.34396057737354,Mangroves,Market,-1.4491719888384131,122141.46209957924
2090,egy,31.799438758411117,202.6335487492462,Mangroves,Market,-1.6615793580439493,130950.66265336706
2095,egy,34.08672124470934,202.90421786232432,Mangroves,Market,-1.8675697385919785,139737.4105952317
2100,egy,36.36339549322331,203.1558891905347,Mangroves,Market,-2.0862640529266567,148411.68160378007
2030,irn,3.2762433094383496,103.294673,Mangroves,Market,-0.39427537189916995,19346.385362943787
2035,irn,3.4950536384144386,102.219966,Mangroves,Market,-1.012763069941128,20951.311373483364
2040,irn,3.6996004530926463,100.633024,Mangroves,Market,-1.6775756424958324,22630.273062361535
2045,irn,3.8937904670276526,98.684343,Mangroves,Market,-2.399079172756734,24399.06616386523
2050,irn,4.086147418884218,96.60197900000001,Mangroves,Market,-3.2351102861105403,26274.9168321933
2055,irn,4.286615670437891,94.618495,Mangroves,Market,-3.9456575620853847,28268.806257857366
2060,irn,4.499732050332817,92.80778900000011,Mangroves,Market,-4.888442448924194,30389.113667571866
2065,irn,4.720936816648872,91.05531500000001,Mangroves,Market,-5.575366325837377,32642.00703763372
2070,irn,4.941411953380693,89.42190179052947,Mangroves,Market,-6.632348385263105,34945.45309711926
2075,irn,5.160037746599709,87.90221681962021,Mangroves,Market,-7.303565032689509,37287.011912804905
2080,irn,5.3756530746855375,86.49135035569721,Mangroves,Market,-8.326657372686858,39652.96261931026
2085,irn,5.587064788784208,85.18478896160336,Mangroves,Market,-9.051226537862474,42028.40510015285
2090,irn,5.793057948016478,83.97839134029994,Mangroves,Market,-10.031379204222711,44397.38917998802
2095,irn,5.992406800507839,82.86836637062852,Mangroves,Market,-10.91507165275756,46743.07049710534
2100,irn,6.183886383124621,81.85125316942344,Mangroves,Market,-11.83252086967555,49047.8915213389
2030,jam,0.05788581854636032,2.605489999999999,Mangroves,Market,-0.10352423571956733,18025.021098564277
2035,jam,0.06594778277333256,2.536261,Mangroves,Market,-0.27893196129454173,21057.453921354332
2040,jam,0.07458609660279987,2.461506,Mangroves,Market,-0.4858053672682627,24494.113323678128
2045,jam,0.08358059265886192,2.383114999999999,Mangroves,Market,-0.7287965411287609,28298.855340882994
2050,jam,0.09289905689793318,2.304611,Mangroves,Market,-1.0254549277979965,32465.66594570674
2055,jam,0.10255717748308373,2.229835,Mangroves,Market,-1.302583389582649,36974.705439083395
2060,jam,0.11262044868732435,2.161781,Mangroves,Market,-1.6670151166704505,41803.84462207316
2065,jam,0.1231505569770954,2.101298,Mangroves,Market,-1.9679926636287464,46941.52532065195
2070,jam,0.1340895052784741,2.045446752076505,Mangroves,Market,-2.4079930280315662,52409.66541041441
2075,jam,0.14537324037991994,1.9939414051818571,Mangroves,Market,-2.73947483670454,58179.72695796663
2080,jam,0.15692688436070973,1.9465223445516766,Mangroves,Market,-3.2081048022911447,64214.17177578418
2085,jam,0.1686651227012973,1.9029540049407654,Mangroves,Market,-3.5900813337553865,70466.34532021912
2090,jam,0.18049287264005295,1.8630229132572764,Mangroves,Market,-4.078267505852359,76880.62981086985
2095,jam,0.19230623923208173,1.826535937747834,Mangroves,Market,-4.546096311249496,83392.89138070917
2100,jam,0.20399375784779505,1.7933187235481434,Mangroves,Market,-5.038642622805057,89931.23611494058
2030,jpn,6.058731276223251,96.43999099999999,Mangroves,Market,-0.0021313311556784118,45736.56607963174
2035,jpn,6.171230301258511,92.954799,Mangroves,Market,-0.005214603361736208,48351.83160182412
2040,jpn,6.2610099285952066,89.435694,Mangroves,Market,-0.008261199844769461,51005.898338531086
2045,jpn,6.341642675743228,86.1483079999999,Mangroves,Market,-0.011347529895582903,53655.68373520269
2050,jpn,6.42040888501341,83.172694,Mangroves,Market,-0.014734174059214894,56288.07475793442
2055,jpn,6.492418396083278,80.41215700000001,Mangroves,Market,-0.017299159866619018,58896.97001182733
2060,jpn,6.547215218487841,77.734792,Mangroves,Market,-0.02055696181046727,61464.30297437435
2065,jpn,6.573245398304557,75.0409,Mangroves,Market,-0.022416495537243005,63949.499031994426
2070,jpn,6.59807238447929,72.57039134830566,Mangroves,Market,-0.02553680901647615,66402.80511396335
2075,jpn,6.621681522775838,70.30696319092327,Mangroves,Market,-0.027009640820723962,68813.26689814594
2080,jpn,6.644058826977501,68.23595410104657,Mangroves,Market,-0.02962621184822086,71169.80402201499
2085,jpn,6.665190992664151,66.34418557747297,Mangroves,Market,-0.031067095685661912,73461.29398156884
2090,jpn,6.685065410366416,64.61982188353973,Mangroves,Market,-0.033278155464766604,75676.65906397827
2095,jpn,6.703670178078783,63.052246133810506,Mangroves,Market,-0.035079683318051814,77804.95537033888
2100,jpn,6.7209941131143225,61.63195080533986,Mangroves,Market,-0.03692204364146175,79835.46293002149
2030,khm,0.51955948374494,20.742696,Mangroves,Market,-2.3096021499337,21103.618036550208
2035,khm,0.6186592208512953,20.651101,Mangroves,Market,-6.4954736922076535,25176.07880523237
2040,khm,0.7226008614181171,20.447703,Mangroves,Market,-11.669307748403194,29622.649044990805
2045,khm,0.829876897738261,20.158903,Mangroves,Market,-17.921248060805148,34419.45741508497
2050,khm,0.9402540927702446,19.817535,Mangroves,Market,-25.674617272702772,39567.37819436727
2055,khm,1.053126192740736,19.436076,Mangroves,Market,-33.0615004091627,45070.77891235153
2060,khm,1.1672010481864696,19.002906,Mangroves,Market,-42.6615253231344,50959.781966107505
2065,khm,1.2811540027394421,18.518886,Mangroves,Market,-50.52631157489401,57248.506832849285
2070,khm,1.3999781932013518,18.07077897670398,Mangroves,Market,-61.98918836132844,63943.28373164268
2075,khm,1.5229891230712385,17.656528830106726,Mangroves,Market,-70.73584444217241,71008.76073850815
2080,khm,1.6493741567432951,17.274261185268823,Mangroves,Market,-83.04620181224088,78398.3885714844
2085,khm,1.7781958767828674,16.92226921524513,Mangroves,Market,-93.1851089938554,86054.27312362813
2090,khm,1.9083988145596262,16.599000892012242,Mangroves,Market,-106.10215423254128,93907.366488018
2095,khm,2.0388196864442465,16.303047531603774,Mangroves,Market,-118.54073576389104,101878.02810672396
2100,khm,2.1682011608961798,16.033133514607613,Mangroves,Market,-131.6567414473274,109876.97505607666
2030,pan,0.2844376120043239,5.794318000000001,Mangroves,Market,-1.3040424167501545,33239.71216150677
2035,pan,0.3058606021688609,5.831255000000001,Mangroves,Market,-3.4247240941570403,35588.90257837893
2040,pan,0.32732492327634927,5.843638,Mangroves,Market,-5.806265468454294,38082.68959604479
2045,pan,0.34879182756777205,5.835653000000001,Mangroves,Market,-8.500436451894721,40717.92714968404
2050,pan,0.3703149161097695,5.807453000000001,Mangroves,Market,-11.723984130003538,43528.082158480334
2055,pan,0.391797965300783,5.76393,Mangroves,Market,-14.527633264210365,46494.433368130325
2060,pan,0.4132073937496638,5.705196,Mangroves,Market,-18.24377782869795,49639.41936065305
2065,pan,0.43443922830305,5.632357,Mangroves,Market,-20.95046181228077,52970.97760600538
2070,pan,0.4556458786690364,5.56404339798758,Mangroves,Market,-25.16363601555286,56351.34395070599
2075,pan,0.4767170846819297,5.5001102007127765,Mangroves,Market,-27.854898009752276,59761.72784363137
2080,pan,0.4975379646087315,5.440422654855761,Mangroves,Market,-31.997977089426865,63181.823931891035
2085,pan,0.5179899582727189,5.38485577220955,Mangroves,Market,-34.944406091014045,66589.97853859128
2090,pan,0.5379518658899108,5.333293892092902,Mangroves,Market,-38.96384606132995,69963.38862971934
2095,pan,0.5573009715228696,5.285630278842049,Mangroves,Market,-42.60680917493115,73278.33144119487
2100,pan,0.5759142379644168,5.241766752414145,Mangroves,Market,-46.41091936907168,76510.42212718344
2030,per,1.239227477050633,39.75769200000001,Mangroves,Market,-0.005684701514626894,24724.502677424385
2035,per,1.3823295616537863,39.5500139999999,Mangroves,Market,-0.015597803728830961,27686.12954041364
2040,per,1.5312345078837573,39.211423,Mangroves,Market,-0.027538503896037334,30890.516002530363
2045,per,1.6838585608836443,38.760054,Mangroves,Market,-0.04183024700681367,34317.46715879445
2050,per,1.8398060709970698,38.22769400000001,Mangroves,Market,-0.05968103701847465,37965.14249271412
2055,per,1.9985143364905296,37.644158,Mangroves,Market,-0.07619090473100001,41821.2516610642
2060,per,2.1594734089180254,37.015646,Mangroves,Market,-0.09843242143761463,45892.87778884898
2065,per,2.3226569116358022,36.351131,Mangroves,Market,-0.11588803090592213,50193.1526811264
2070,per,2.4893958603270816,35.73117482726046,Mangroves,Market,-0.1427371167428014,54653.469462075496
2075,per,2.6586989418170064,35.15386458725268,Mangroves,Market,-0.16152990810184548,59246.13710774466
2080,per,2.829470868702115,34.61743656497074,Mangroves,Market,-0.18969944841414554,63939.06874503655
2085,per,3.000521075770536,34.120267214281114,Mangroves,Market,-0.21129381154183338,68695.99574413625
2090,per,3.170574873527672,33.660864938121364,Mangroves,Market,-0.2401862227796503,73476.79983839423
2095,per,3.338286991652485,33.23786260108127,Mangroves,Market,-0.26734110489311064,78237.96419652451
2100,per,3.5022573769239527,32.85001072155086,Mangroves,Market,-0.2960835889014694,82933.1405155104
2030,phl,4.694194348237184,164.256327,Mangroves,Market,-11.903478592137539,21531.284541971403
2035,phl,5.234438336221783,166.081756,Mangroves,Market,-31.159517682803436,23737.54357317542
2040,phl,5.7771553512009,167.214079,Mangroves,Market,-52.60115286711043,26012.698443785772
2045,phl,6.321385581998345,167.689425,Mangroves,Market,-76.56013296415124,28373.13642992274
2050,phl,6.867604610728442,167.365827,Mangroves,Market,-104.59965932799062,30874.201029243955
2055,phl,7.415414677804664,166.372414,Mangroves,Market,-129.35187621429137,33524.923862871045
2060,phl,7.966847815897338,164.906753,Mangroves,Market,-161.02488263696839,36326.04808477604
2065,phl,8.519111060953202,163.138451,Mangroves,Market,-185.30000145628892,39252.232952677616
2070,phl,9.080129976692868,161.47657759739172,Mangroves,Market,-220.77196718200918,42253.749434360674
2075,phl,9.646622515034817,159.9182095200895,Mangroves,Market,-245.54425904503682,45312.32465670122
2080,phl,10.215022200899122,158.4606213261653,Mangroves,Market,-280.8931004355933,48407.55466410494
2085,phl,10.78150786141135,157.1012774375021,Mangroves,Market,-308.00622900051314,51517.067115225946
2090,phl,11.342039829863515,155.83782476785024,Mangroves,Market,-342.8017971660633,54616.736308301406
2095,phl,11.89240232036396,154.66808591519788,Mangroves,Market,-375.05395361655246,57680.94936594962
2100,phl,12.428251498316325,153.59005289080736,Mangroves,Market,-408.43296922834577,60682.92087795053
2030,sur,0.016133557061813592,0.769513999999999,Mangroves,Market,-0.2141543685098533,12722.193463489664
2035,sur,0.01798210469245057,0.773467,Mangroves,Market,-0.5753887184921861,14174.14225285015
2040,sur,0.019882673943485214,0.775578,Mangroves,Market,-0.9965558940006455,15703.172395589176
2045,sur,0.021806836248101633,0.775697,Mangroves,Market,-1.4864773337113584,17300.91756933749
2050,sur,0.023748905892936652,0.7742150000000001,Mangroves,Market,-2.08210766347015,18965.821525053365
2055,sur,0.025715312516466384,0.770702,Mangroves,Market,-2.6226960929670136,20725.577509083098
2060,sur,0.027709244369174848,0.7657209999999991,Mangroves,Market,-3.3379674238433843,22581.763557065286
2065,sur,0.029741700915231945,0.7593240000000011,Mangroves,Market,-3.89635443556819,24554.756207185117
2070,sur,0.031814160135524405,0.7532976198346425,Mangroves,Market,-4.739861376090422,26597.13963107971
2075,sur,0.033914354837586314,0.7476337286958692,Mangroves,Market,-5.329870013251989,28697.947088679146
2080,sur,0.0360288128805451,0.7423247179490096,Mangroves,Market,-6.1994733739700445,30844.54275859746
2085,sur,0.03814296642757409,0.7373634840575861,Mangroves,Market,-6.8661531167958465,33022.68889405627
2090,sur,0.040241289304108405,0.7327434127057019,Mangroves,Market,-7.745813679356186,35216.65188537874
2095,sur,0.04230746150082224,0.7284583640682035,Mangroves,Market,-8.568694045758429,37409.34787492402
2100,sur,0.044324559093008496,0.7245026591825953,Mangroves,Market,-9.433255504371289,39582.52747778641
2030,aus,2.539893488378035,33.290315,Mangroves,Non-market Use,-0.9032528122397891,58814.88203595549
2035,aus,2.75220907467629,33.85498,Mangroves,Non-market Use,-2.250172498570602,62617.940845988735
2040,aus,2.9613379209999398,34.32925299999999,Mangroves,Non-market Use,-3.6344535216358778,66391.66263704035
2045,aus,3.1638926693614557,34.697285,Mangroves,Non-market Use,-5.08654136707061,70123.87481842496
2050,aus,3.3571881248185558,34.930598,Mangroves,Non-market Use,-6.722492240370084,73851.40439979927
2055,aus,3.5403060741582193,35.02683,Mangroves,Non-market Use,-8.024411493948286,77602.95117981447
2060,aus,3.7135242961675776,35.013541,Mangroves,Non-market Use,-9.715974211621443,81364.9523600343
2065,aus,3.876094331336857,34.921482,Mangroves,Non-market Use,-10.81300623692758,85081.94390119465
2070,aus,4.037296979935233,34.83425589293856,Mangroves,Non-market Use,-12.573750940258133,88770.40466684739
2075,aus,4.196366670532069,34.751827038144256,Mangroves,Non-market Use,-13.541069928194172,92411.88968896322
2080,aus,4.352518323081721,34.67416178062263,Mangroves,Non-market Use,-15.12329536687616,95987.44660203859
2085,aus,4.50495336869886,34.60122842813795,Mangroves,Non-market Use,-16.11602296576326,99477.7689354704
2090,aus,4.652866180594523,34.53299722964536,Mangroves,Non-market Use,-17.53681256844057,102863.36041729419
2095,aus,4.795450849712881,34.4694403550529,Mangroves,Non-market Use,-18.755149497748874,106124.70849261219
2100,aus,4.931908230417701,34.41053187629407,Mangroves,Non-market Use,-20.008680345607306,109242.46502984481
2030,ben,0.3546032204564866,29.437378,Mangroves,Non-market Use,-0.005864111905848294,9952.837501508715
2035,ben,0.43888464192022947,30.944002,Mangroves,Non-market Use,-0.014766592541865076,11693.138027174873
2040,ben,0.5375190603434936,32.301941,Mangroves,Non-market Use,-0.024180800476594138,13689.077013005093
2045,ben,0.6511480792573454,33.43675099999999,Mangroves,Non-market Use,-0.034390802372247224,15985.060330091781
2050,ben,0.7800873326169679,34.368729,Mangroves,Non-market Use,-0.04617710841641408,18590.279801661047
2055,ben,0.9254355764074088,35.0773519999999,Mangroves,Non-market Use,-0.05630875679639869,21561.106987471805
2060,ben,1.0868461698113883,35.614166,Mangroves,Non-market Use,-0.06940603275577194,24885.155260821124
2065,ben,1.2642133714786812,36.006835,Mangroves,Non-market Use,-0.07910726374819747,28567.468881977966
2070,ben,1.4602102793447116,36.38398350596205,Mangroves,Non-market Use,-0.09359356281948666,32582.217925014047
2075,ben,1.6746785973628167,36.745024564100895,Mangroves,Non-market Use,-0.10317151093024479,36918.61865546069
2080,ben,1.9069820318720563,37.08939138832969,Mangroves,Non-market Use,-0.11725115569883851,41557.0102673233
2085,ben,2.155949052978017,37.41653883245772,Mangroves,Non-market Use,-0.1275868527438919,46468.111309022184
2090,ben,2.4198281518000164,37.725944818971676,Mangroves,Non-market Use,-0.14116118847069714,51612.52613143896
2095,ben,2.696259823369962,38.017111719195725,Mangroves,Non-market Use,-0.1535359628652923,56940.56161005348
2100,ben,2.9822692399089616,38.28956767975598,Mangroves,Non-market Use,-0.1663320333875214,62392.40719279429
2030,bgd,5.431266203943127,198.396591,Mangroves,Non-market Use,-0.6643682288499952,19377.9804637818
2035,bgd,6.08302615019111,196.092233,Mangroves,Non-market Use,-1.6815481833834856,21980.76748357563
2040,bgd,6.733893590787288,193.032804,Mangroves,Non-market Use,-2.7573383541090593,24743.445400347304
2045,bgd,7.356824065678982,189.393574,Mangroves,Non-market Use,-3.910495551202868,27579.80600023973
2050,bgd,7.9402226954069155,185.262633,Mangroves,Non-market Use,-5.226231322499611,30461.516001319338
2055,bgd,8.492422097392724,180.753927,Mangroves,Non-market Use,-6.3011847130565535,33426.47900131908
2060,bgd,9.02377072078885,176.005054,Mangroves,Non-market Use,-7.70029316239553,36513.15908297484
2065,bgd,9.541193178411053,171.297294,Mangroves,Non-market Use,-8.648475966562758,39707.992565998
2070,bgd,10.060930036426056,166.94454841712957,Mangroves,Non-market Use,-10.142120111956812,43006.13739144765
2075,bgd,10.58013383446557,162.92567870597568,Mangroves,Non-market Use,-11.013430971022055,46387.881163981736
2080,bgd,11.095798423803018,159.22145130232897,Mangroves,Non-market Use,-12.394645937324654,49830.79478300435
2085,bgd,11.604784342649396,155.81438377762913,Mangroves,Non-market Use,-13.306068883679444,53309.89670475275
2090,bgd,12.103847557507795,152.68860681823722,Mangroves,Non-market Use,-14.57773631041787,56797.885163595696
2095,bgd,12.589671269187816,149.82974049872666,Mangroves,Non-market Use,-15.690403193542188,60265.4377186935
2100,bgd,13.058900403294526,147.22478349314724,Mangroves,Non-market Use,-16.838400661994527,63681.57542492825
2030,bhs,0.020906657093800823,0.445260999999999,Mangroves,Non-market Use,-0.03376819228820807,39164.98519831732
2035,bhs,0.02234354837628066,0.442368,Mangroves,Non-market Use,-0.08381819795501912,42031.190573617576
2040,bhs,0.0238225682479904,0.438442999999999,Mangroves,Non-market Use,-0.13529122638070676,45107.783690214404
2045,bhs,0.025328320624502392,0.433284,Mangroves,Non-market Use,-0.189695997312201,48415.024616195544
2050,bhs,0.026849852072616864,0.426799,Mangroves,Non-market Use,-0.25157745536681303,51979.588241288606
2055,bhs,0.028361962036230825,0.419049,Mangroves,Non-market Use,-0.3021988970025849,55789.343626982096
2060,bhs,0.029862505787165296,0.4103,Mangroves,Non-market Use,-0.368226208568427,59850.461997013634
2065,bhs,0.031356845145867736,0.400918,Mangroves,Non-market Use,-0.4137450647489712,64162.32448077558
2070,bhs,0.0328475063713577,0.39220890411357545,Mangroves,Non-market Use,-0.4846492029891879,68540.33955733053
2075,bhs,0.03432684604098251,0.38413741119484723,Mangroves,Non-market Use,-0.5267231487894508,72956.51795953912
2080,bhs,0.03578692323092229,0.37667121423395145,Mangroves,Non-market Use,-0.5924643076574471,77380.53328951352
2085,bhs,0.03721956410284305,0.3697807841448597,Mangroves,Non-market Use,-0.6364855065129577,81780.01575707347
2090,bhs,0.03861643263630678,0.36343917437728646,Mangroves,Non-market Use,-0.6971854991046617,86120.90314315366
2095,bhs,0.03996910675262763,0.35762184453618145,Mangroves,Non-market Use,-0.7505269067552969,90367.8448819922
2100,bhs,0.04126915894368975,0.3523065013859621,Mangroves,Non-market Use,-0.8054752242414136,94484.65351995622
2030,blz,0.017138658141188146,0.591210999999999,Mangroves,Non-market Use,-0.042370760822458275,25170.84007601416
2035,blz,0.02025287439479687,0.599851999999999,Mangroves,Non-market Use,-0.10902968477510291,29225.16403332586
2040,blz,0.023663988067132453,0.605154,Mangroves,Non-market Use,-0.18183379966576357,33742.9636927717
2045,blz,0.027305697098040805,0.607607,Mangroves,Non-market Use,-0.2623997744862224,38657.54421786719
2050,blz,0.03113980471033504,0.607429999999999,Mangroves,Non-market Use,-0.35700103672572864,43960.40847613287
2055,blz,0.03513754542983736,0.604987000000001,Mangroves,Non-market Use,-0.43781645592120333,49647.967810435126
2060,blz,0.03928703581475631,0.600637,Mangroves,Non-market Use,-0.5439507324397238,55736.92403833945
2065,blz,0.043569790511193994,0.594581,Mangroves,Non-market Use,-0.6204691648881744,62245.167725053914
2070,blz,0.04808193516684422,0.5888858073808309,Mangroves,Non-market Use,-0.738822714641719,69135.81124038399
2075,blz,0.05279928826923946,0.5835420420041584,Mangroves,Non-market Use,-0.8135680141977274,76370.34504907388
2080,blz,0.057691676708504495,0.5785409498046759,Mangroves,Non-market Use,-0.9281828059096795,83899.63945462562
2085,blz,0.06272294046754655,0.5738743788248434,Mangroves,Non-market Use,-1.0090127571729868,91663.9072150623
2090,blz,0.06785110098457522,0.5695347570089673,Mangroves,Non-market Use,-1.1188817230940615,99592.98127734939
2095,blz,0.07302870552412943,0.565515071671713,Mangroves,Non-market Use,-1.2178845898133086,107606.93336411775
2100,blz,0.07820335452212006,0.5618088505629093,Mangroves,Non-market Use,-1.3208132476878063,115617.04776277348
2030,bra,8.683643794732223,219.98681,Mangroves,Non-market Use,-0.864730898872617,32711.538726502422
2035,bra,9.736283529240387,215.662394,Mangroves,Non-market Use,-2.1946835488241727,37328.75592121326
2040,bra,10.81008624586627,210.670582,Mangroves,Non-market Use,-3.6073740669881507,42332.79313392043
2045,bra,11.876980385685131,205.115032,Mangroves,Non-market Use,-5.132062558242821,47663.39358409413
2050,bra,12.937228299714956,199.309975,Mangroves,Non-market Use,-6.889937964593022,53310.305653847274
2055,bra,13.989430782526474,193.427095,Mangroves,Non-market Use,-8.328338408943953,59265.51321241279
2060,bra,15.033500383780359,187.625721,Mangroves,Non-market Use,-10.215387107335456,65509.63643229593
2065,bra,16.069087302119286,182.011177,Mangroves,Non-market Use,-11.481187170890738,72018.90480925808
2070,bra,17.120664736925555,176.83697024148006,Mangroves,Non-market Use,-13.504916659771755,78797.89089469322
2075,bra,18.18209037859181,172.074440613558,Mangroves,Non-market Use,-14.663525419070051,85803.67949796314
2080,bra,19.246697043302742,167.6976334998618,Mangroves,Non-market Use,-16.53401034815836,92985.8611103535
2085,bra,20.307348371094957,163.68306348478015,Mangroves,Non-market Use,-17.748366288084803,100286.8579149938
2090,bra,21.35650644052634,160.00950360280336,Mangroves,Non-market Use,-19.468221674051737,107642.46049560749
2095,bra,22.386310723537115,156.65779747463733,Mangroves,Non-market Use,-20.96677337098465,114982.57781246149
2100,bra,23.388667490968032,153.61069199296466,Mangroves,Non-market Use,-22.51704877126382,122232.19572083319
2030,chn,60.882906835826795,1146.749636,Mangroves,Non-market Use,-0.07990745843299304,30524.87998773806
2035,chn,63.27248731758661,1091.65903,Mangroves,Non-market Use,-0.19408846760273243,33529.5100896665
2040,chn,65.05110143821298,1038.70914,Mangroves,Non-market Use,-0.3060363297855432,36451.53219971716
2045,chn,66.35896166699999,986.647114,Mangroves,Non-market Use,-0.4187472014289696,39385.14530505794
2050,chn,67.32197501184746,935.604942999999,Mangroves,Non-market Use,-0.5413148579721361,42391.88683171695
2055,chn,68.10119633613381,887.408687000001,Mangroves,Non-market Use,-0.6348017597842244,45483.869315166194
2060,chn,68.73471037814025,842.783736000001,Mangroves,Non-market Use,-0.7537900806016784,48627.13275308133
2065,chn,69.093767985319,800.2158090000011,Mangroves,Non-market Use,-0.8271566898555129,51787.79658211562
2070,chn,69.43665458110044,761.8188272449213,Mangroves,Non-market Use,-0.9451733589230471,54991.371472581865
2075,chn,69.76310657335446,727.1881833962738,Mangroves,Non-market Use,-1.0061201413142078,58221.477221564135
2080,chn,70.07287187070006,695.9682412494976,Mangroves,Non-market Use,-1.107514413092712,61460.57616277974
2085,chn,70.36571020595885,667.8462697188777,Mangroves,Non-market Use,-1.1679094754511312,64690.11725904805
2090,chn,70.64139344585674,642.5472249797639,Mangroves,Non-market Use,-1.2555557382657814,67890.70233593373
2095,chn,70.89970588641593,619.829258864559,Mangroves,Non-market Use,-1.3288256645165728,71042.27260301814
2100,chn,71.14044453350388,599.4798506048857,Mangroves,Non-market Use,-1.4034787049283979,74124.3131120858
2030,civ,0.7645430370957431,52.02046300000001,Mangroves,Non-market Use,-0.007902510981991698,11859.27740787829
2035,civ,0.9046117034161352,53.6708639999999,Mangroves,Non-market Use,-0.020433199636200782,13577.095437863558
2040,civ,1.0597839708923273,54.986079,Mangroves,Non-market Use,-0.03425675138628391,15498.844241687328
2045,civ,1.22800424567407,55.948571,Mangroves,Non-market Use,-0.049742010491922936,17619.58843727954
2050,civ,1.4084202083600408,56.671344,Mangroves,Non-market Use,-0.06811901263832018,19916.01752816682
2055,civ,1.600737307392428,57.207693,Mangroves,Non-market Use,-0.08401896718772146,22384.47792750535
2060,civ,1.804247365621604,57.565195,Mangroves,Non-market Use,-0.1050397219145359,25030.164518469865
2065,civ,2.019821503612155,57.73067,Mangroves,Non-market Use,-0.12048938736103335,27891.95493764226
2070,civ,2.249086195051324,57.88832313549858,Mangroves,Non-market Use,-0.144375273008282,30919.41962077269
2075,civ,2.4909379191012784,58.03808660357616,Mangroves,Non-market Use,-0.15975146838336152,34096.3855100493
2080,civ,2.7439157170410007,58.17989580831555,Mangroves,Non-market Use,-0.18323806287168073,37402.217487224836
2085,civ,3.0061933965613137,58.313689407157774,Mangroves,Non-market Use,-0.20006565633033668,40811.78493635385
2090,civ,3.275581714279595,58.43940935505315,Mangroves,Non-market Use,-0.22287612971917214,44295.55506315455
2095,civ,3.5495416504555912,58.55700094636313,Mangroves,Non-market Use,-0.24360045571404068,47819.82432939281
2100,civ,3.8252095591304545,58.66641285447079,Mangroves,Non-market Use,-0.2652259007790581,51347.09505261272
2030,cog,0.11478595316297348,11.621461,Mangroves,Non-market Use,-0.0025454676243195653,6019.097768469634
2035,cog,0.13927388657322404,12.045011,Mangroves,Non-market Use,-0.00655491750095993,7078.930079487318
2040,cog,0.16764700168929966,12.376665,Mangroves,Non-market Use,-0.010961125141832853,8330.86017927978
2045,cog,0.20009438362569718,12.622091,Mangroves,Non-market Use,-0.015898650250470926,9794.5558061041
2050,cog,0.23659721794316294,12.796559,Mangroves,Non-market Use,-0.021778373272178866,11475.510857874187
2055,cog,0.27693255353654445,12.905469,Mangroves,Non-market Use,-0.02688580027564467,13378.928266459621
2060,cog,0.3208793207446141,12.950438,Mangroves,Non-market Use,-0.033660783304624166,15517.974470353549
2065,cog,0.3685315917636393,12.934565,Mangroves,Non-market Use,-0.0386615601815898,17924.561228395618
2070,cog,0.42052403205735983,12.919504132349594,Mangroves,Non-market Use,-0.04639146613473503,20568.83966780931
2075,cog,0.47672906449509495,12.905252555670602,Mangroves,Non-market Use,-0.05139187806221105,23447.713566277533
2080,cog,0.5369063272478418,12.891807580856332,Mangroves,Non-market Use,-0.05902181727943955,26552.297255874746
2085,cog,0.6006930636656899,12.87916667022576,Mangroves,Non-market Use,-0.0645117367094586,29867.288372416842
2090,cog,0.6675976290704232,12.867327436725136,Mangroves,Non-market Use,-0.07194790525006765,33370.48568605248
2095,cog,0.7369968666243112,12.85628764317667,Mangroves,Non-market Use,-0.07871944265433375,37032.49624285298
2100,cog,0.8081380150335865,12.846045201573991,Mangroves,Non-market Use,-0.08579278302316624,40816.67287938728
2030,col,2.1991026775271743,57.018611,Mangroves,Non-market Use,-0.13214421101108745,30995.67370170845
2035,col,2.4462658401896302,56.394002,Mangroves,Non-market Use,-0.3319535127110398,34804.084063777766
2040,col,2.690811240437508,55.57219600000001,Mangroves,Non-market Use,-0.5402944424154345,38785.665115142016
2045,col,2.9246453533371297,54.532819,Mangroves,Non-market Use,-0.7613949941941249,42888.98325073831
2050,col,3.146550422322223,53.348143,Mangroves,Non-market Use,-1.0123866786647393,47090.100610378286
2055,col,3.3575702387353052,52.08693,Mangroves,Non-market Use,-1.213955298939065,51379.88554954595
2060,col,3.559229069298789,50.81842,Mangroves,Non-market Use,-1.4758311517811762,55733.06641865997
2065,col,3.753697337280461,49.607447,Mangroves,Non-market Use,-1.6471282753329497,60113.319582413504
2070,col,3.948536235036359,48.48443658428588,Mangroves,Non-market Use,-1.921601743712365,64590.86411087553
2075,col,4.142701457045377,47.444616588673966,Mangroves,Non-market Use,-2.0743367683825804,69137.20220641028
2080,col,4.3350971605015065,46.48362592364344,Mangroves,Non-market Use,-2.323026567539106,73720.88244836856
2085,col,4.524585124309597,45.59748399423072,Mangroves,Non-market Use,-2.4807196982240853,78307.78610084811
2090,col,4.70999498737163,44.78256311537008,Mangroves,Non-market Use,-2.7055836008982173,82861.48730144299
2095,col,4.8901354573144324,44.03556365410276,Mangroves,Non-market Use,-2.899329525500102,87343.68373885988
2100,col,5.063806356304529,43.3534916592201,Mangroves,Non-market Use,-3.098962795305734,91714.69222621302
2030,com,0.019111317642575572,1.419503,Mangroves,Non-market Use,-1.1677237755906111e-4,11562.26487893679
2035,com,0.02329424111578424,1.452683,Mangroves,Non-market Use,-2.4513603900831147e-4,13731.084327682092
2040,com,0.027779174041673647,1.477546,Mangroves,Non-market Use,-3.261087560052962e-4,16052.411684095821
2045,com,0.03250147130401697,1.493277,Mangroves,Non-market Use,-3.610766077697107e-4,18529.16160725333
2050,com,0.037412150700210665,1.502721,Mangroves,Non-market Use,-3.429542726994685e-4,21132.694650847476
2055,com,0.04249989221540884,1.507148999999999,Mangroves,Non-market Use,-2.965812173223983e-4,23865.794249741823
2060,com,0.04772297554332414,1.506713,Mangroves,Non-market Use,-1.8334434220993953e-4,26727.673976443253
2065,com,0.05309200874818321,1.501228,Mangroves,Non-market Use,-9.57528540099863e-5,29755.197448043666
2030,cri,0.22935917494147057,5.714681,Mangroves,Non-market Use,-0.02463846390095173,33287.80558495974
2035,cri,0.2477531813571447,5.659395000000001,Mangroves,Non-market Use,-0.061482250242165096,36227.00348882983
2040,cri,0.26444808157885424,5.579778,Mangroves,Non-market Use,-0.09940681389770442,39131.510495726456
2045,cri,0.2789683483411859,5.476208000000009,Mangroves,Non-market Use,-0.13914462886072532,41965.83053221795
2050,cri,0.29150864192822673,5.351755,Mangroves,Non-market Use,-0.1837822901808895,44770.45681775918
2055,cri,0.3023171542021886,5.21436,Mangroves,Non-market Use,-0.21927687922637362,47545.710941876154
2060,cri,0.31167058085259597,5.071476,Mangroves,Non-market Use,-0.2650805159540968,50283.09562261774
2065,cri,0.3196599950837899,4.92783100000001,Mangroves,Non-market Use,-0.29475926832083676,52954.36945696334
2070,cri,0.3274445004469059,4.795233434755651,Mangroves,Non-market Use,-0.3421458572035624,55616.511463766685
2075,cri,0.33499888934744376,4.672994824918617,Mangroves,Non-market Use,-0.3682718699719413,58254.31043839174
2080,cri,0.34229819284174623,4.560490202914771,Mangroves,Non-market Use,-0.4107556968281271,60852.018797626675
2085,cri,0.3493178147662043,4.457152773701241,Mangroves,Non-market Use,-0.43748969937809457,63393.50139880973
2090,cri,0.3560336669157753,4.362469138673943,Mangroves,Non-market Use,-0.4755675890560409,65862.39647917866
2095,cri,0.3624223042591582,4.275975026191238,Mangroves,Non-market Use,-0.5082158832464921,68242.28658846051
2100,cri,0.3684610591516766,4.197251478803027,Mangroves,Non-market Use,-0.5417507359275532,70516.87710486464
2030,dji,0.02531570213182291,1.476122999999999,Mangroves,Non-market Use,-0.004960301575395955,12780.75763976315
2035,dji,0.028659421400017,1.47797,Mangroves,Non-market Use,-0.012367809329800123,14449.322786390547
2040,dji,0.0320790667500653,1.474683999999999,Mangroves,Non-market Use,-0.019999472931096534,16207.833628088636
2045,dji,0.035533554891101486,1.465015,Mangroves,Non-market Use,-0.028034703303490324,18069.881929464027
2050,dji,0.038998220990272725,1.449606999999999,Mangroves,Non-market Use,-0.03710544909926428,20040.555601037388
2055,dji,0.042518234380032424,1.428774,Mangroves,Non-market Use,-0.04442753191481382,22165.800943154132
2060,dji,0.04610146997689381,1.403997,Mangroves,Non-market Use,-0.05394401605028893,24455.51660916826
2065,dji,0.04972430303131712,1.376307,Mangroves,Non-market Use,-0.0603268256038293,26905.31812576714
2070,dji,0.053436455947141526,1.3505203040252223,Mangroves,Non-market Use,-0.0703872977518455,29463.05443423887
2075,dji,0.05721577628361261,1.3265485174070084,Mangroves,Non-market Use,-0.07616440103456178,32113.702840701044
2080,dji,0.06103757903328317,1.3043103579380424,Mangroves,Non-market Use,-0.08535787027298439,34839.3921740527
2085,dji,0.06487483557186356,1.2837311949846717,Mangroves,Non-market Use,-0.0913482437180692,37619.486976791944
2090,dji,0.068698423499122,1.2647426304850011,Mangroves,Non-market Use,-0.09973068363958111,40430.74861719144
2095,dji,0.07247743626584925,1.2472821185275749,Mangroves,Non-market Use,-0.10702014203257018,43247.57570297637
2100,dji,0.07617954975069037,1.2312926205369676,Mangroves,Non-market Use,-0.11452266332482945,46042.32363301129
2030,dom,0.6809607530963461,13.605327,Mangroves,Non-market Use,-0.032676123196445826,39168.644074088086
2035,dom,0.7479386301139422,13.592163,Mangroves,Non-market Use,-0.08200270534769873,43015.02667173566
2040,dom,0.8153821573044928,13.539076,Mangroves,Non-market Use,-0.13355095846391363,47025.325781606494
2045,dom,0.882151926967396,13.448394,Mangroves,Non-market Use,-0.18849538307311312,51162.16210604921
2050,dom,0.9480605627488098,13.33164,Mangroves,Non-market Use,-0.2509915075585879,55404.39053894581
2055,dom,1.0137698619835827,13.1934,Mangroves,Non-market Use,-0.3024703299362074,59798.396167443
2060,dom,1.0797662058455184,13.039716,Mangroves,Non-market Use,-0.3691756699035184,64369.94786806661
2065,dom,1.1465838162796156,12.870055,Mangroves,Non-market Use,-0.41570440478941717,69176.89907559521
2070,dom,1.2139885848618184,12.710974151821462,Mangroves,Non-market Use,-0.48755656480921616,74077.28141296539
2075,dom,1.281599734670028,12.562128814467876,Mangroves,Non-market Use,-0.5310487297081355,79040.82625316267
2080,dom,1.3490110100359611,12.42319880738239,Mangroves,Non-market Use,-0.5981684369759751,84034.35178225745
2085,dom,1.415794127827137,12.293887259010674,Mangroves,Non-market Use,-0.6438821135841726,89022.05564155383
2090,dom,1.4815027830729903,12.173919546164148,Mangroves,Non-market Use,-0.706285455953504,93965.87790872049
2095,dom,1.5456771688764623,12.063042318862172,Mangroves,Non-market Use,-0.7614745670219257,98825.93114700189
2100,dom,1.607848956934873,11.961022605790253,Mangroves,Non-market Use,-0.8183346502157258,103560.9922515327
2030,ecu,0.5029045386766711,22.148377,Mangroves,Non-market Use,-0.07191678427584886,16734.712432516106
2035,ecu,0.5704417424566508,22.127966,Mangroves,Non-market Use,-0.19930185286788699,19002.181120772424
2040,ecu,0.6411964504159533,22.007437,Mangroves,Non-market Use,-0.3520856360357487,21479.013453889704
2045,ecu,0.7135974906578656,21.799422,Mangroves,Non-market Use,-0.5329433001260065,24135.70851230113
2050,ecu,0.7870971518596169,21.515577,Mangroves,Non-market Use,-0.7581896395072167,26976.52972318404
2055,ecu,0.8614339718277071,21.174346,Mangroves,Non-market Use,-0.9542331140735981,30004.17844557357
2060,ecu,0.9365064040833166,20.79176,Mangroves,Non-market Use,-1.2245865440500354,33223.7196352561
2065,ecu,1.0123144486264453,20.392899,Mangroves,Non-market Use,-1.4145592158058464,36620.49573865117
2070,ecu,1.0901617538393031,20.021250063900457,Mangroves,Non-market Use,-1.7279333048176797,40174.13108647005
2075,ecu,1.1695832371207153,19.675578209302113,Mangroves,Non-market Use,-1.914266506114745,43864.11310787882
2080,ecu,1.2500570545847094,19.354746895352772,Mangroves,Non-market Use,-2.2211945577292096,47665.81610887961
2085,ecu,1.3310084547777865,19.057711773691988,Mangroves,Non-market Use,-2.426478956441103,51550.59931831889
2090,ecu,1.411815015032311,18.783515001421392,Mangroves,Non-market Use,-2.721933799168734,55486.01641970744
2095,ecu,1.4918132452160024,18.531280072589617,Mangroves,Non-market Use,-2.9852474327890985,59436.140869654126
2100,ecu,1.5703065036632204,18.300207128996984,Mangroves,Non-market Use,-3.262493139525078,63362.00760163932
2030,egy,8.708304773816822,183.488565,Mangroves,Non-market Use,-0.0013473488879003042,41111.48566788448
2035,egy,10.221131794229986,188.169675,Mangroves,Non-market Use,-0.0034226994378477858,46909.155510689074
2040,egy,11.824761942557195,192.031397,Mangroves,Non-market Use,-0.005630049078758882,53014.423644752234
2045,egy,13.504787342413586,195.18917,Mangroves,Non-market Use,-0.008013249605709864,59383.722427524895
2050,egy,15.253836522160366,197.617954,Mangroves,Non-market Use,-0.01075418044010313,66045.83600783128
2055,egy,17.078024452588792,199.49619,Mangroves,Non-market Use,-0.013034928067052835,73021.2027363778
2060,egy,18.974000464772146,200.615357,Mangroves,Non-market Use,-0.01600866772439364,80424.74696775684
2065,egy,20.92367094650616,200.998176,Mangroves,Non-market Use,-0.018095556034075876,88244.07097285887
2070,egy,22.966179088380404,201.36254802911262,Mangroves,Non-market Use,-0.021330233843808485,96380.76646934982
2075,egy,25.090076648990742,201.7083683560508,Mangroves,Non-market Use,-0.023306815991312894,104783.93082685566
2080,egy,27.28148455108985,202.03553735979685,Mangroves,Non-market Use,-0.02636269621090169,113393.67720091663
2085,egy,29.52412832991326,202.34396057737354,Mangroves,Non-market Use,-0.0284607570928279,122141.46209957924
2090,egy,31.799438758411117,202.6335487492462,Mangroves,Non-market Use,-0.0313297000982382,130950.66265336706
2095,egy,34.08672124470934,202.90421786232432,Mangroves,Non-market Use,-0.03388079210010668,139737.4105952317
2100,egy,36.36339549322331,203.1558891905347,Mangroves,Non-market Use,-0.03651882309405233,148411.68160378007
2030,gab,0.11413420984926691,4.005381,Mangroves,Non-market Use,-0.009489237520630595,19648.46478758418
2035,gab,0.1289596552220132,4.083545,Mangroves,Non-market Use,-0.011926054918975365,21810.81592463127
2040,gab,0.14461081686267827,4.142689000000001,Mangroves,Non-market Use,-0.0025261893310669146,24147.46224938342
2030,gha,0.5213913255841751,61.211171,Mangroves,Non-market Use,-0.023888861989441897,6794.988985084754
2035,gha,0.6244603154705874,63.461477,Mangroves,Non-market Use,-0.061493489522616775,7837.924502813354
2040,gha,0.7403280716430616,65.404849,Mangroves,Non-market Use,-0.10279784846451462,9002.652136995177
2045,gha,0.8686234841880695,66.98786099999991,Mangroves,Non-market Use,-0.14901862404312552,10297.70562829103
2050,gha,1.0094461191799726,68.242553,Mangroves,Non-market Use,-0.20379102301495483,11729.533306477404
2055,gha,1.162605895931354,69.208485,Mangroves,Non-market Use,-0.2524929234869029,13300.6508407321
2060,gha,1.3272881829247138,69.897463,Mangroves,Non-market Use,-0.3161409811614403,15012.374985454368
2065,gha,1.5030856644013006,70.336118,Mangroves,Non-market Use,-0.36543162040919214,16869.251561437886
2070,gha,1.692213198091762,70.75545547079238,Mangroves,Non-market Use,-0.4386082215094936,18850.78855805958
2075,gha,1.8939313629603791,71.15509101818823,Mangroves,Non-market Use,-0.48952673680086195,20947.661055428503
2080,gha,2.107152660930236,71.53465638214135,Mangroves,Non-market Use,-0.5633811590662597,23147.212371378762
2085,gha,2.3304242220840266,71.89380000021868,Mangroves,Non-market Use,-0.6198603704389362,25433.354712601576
2090,gha,2.5619203174412126,72.2321875484094,Mangroves,Non-market Use,-0.6933606917027824,27786.564954122157
2095,gha,2.7994462758131218,72.54950245811268,Mangroves,Non-market Use,-0.7617233964436562,30183.987671570227
2100,gha,3.040455084033007,72.84544640818847,Mangroves,Non-market Use,-0.832978245212664,32599.65436865431
2030,gnb,0.023411733333641358,3.568298,Mangroves,Non-market Use,-0.1578336229435145,5287.891352007293
2035,gnb,0.02867706782861486,3.63739400000001,Mangroves,Non-market Use,-0.40307166147832185,6343.331702872438
2040,gnb,0.03475934925398128,3.680417,Mangroves,Non-market Use,-0.669033103625713,7585.938788222896
2045,gnb,0.04165948377954395,3.701766,Mangroves,Non-market Use,-0.9630600194677678,9024.020846226233
2050,gnb,0.04936164828642922,3.705672,Mangroves,Non-market Use,-1.307667662268566,10662.941506805062
2055,gnb,0.05787692592838559,3.693006999999999,Mangroves,Non-market Use,-1.6073784774067306,12523.842302594847
2060,gnb,0.06722713448606263,3.666020999999999,Mangroves,Non-market Use,-1.9988562756457153,14629.13213505039
2065,gnb,0.07746775943357237,3.626279,Mangroves,Non-market Use,-2.293665921291775,17013.12379771939
2070,gnb,0.08867829759127432,3.588933387136054,Mangroves,Non-market Use,-2.7368587058202976,19644.018005754864
2075,gnb,0.1008357259005792,3.553917698026689,Mangroves,Non-market Use,-3.033511917673511,22518.437146486227
2080,gnb,0.11389187844120296,3.5211699784741475,Mangroves,Non-market Use,-3.471664036974272,25626.45126025016
2085,gnb,0.1277710838614552,3.49063260025738,Mangroves,Non-market Use,-3.796222861635072,28950.85347250986
2090,gnb,0.1423684903882042,3.462252091635207,Mangroves,Non-market Use,-4.224468639663261,32466.61856652547
2095,gnb,0.15754925969940692,3.435978980859782,Mangroves,Non-market Use,-4.617440668659291,36140.60051380186
2100,gnb,0.17314879223322402,3.411767652057448,Mangroves,Non-market Use,-5.025953745432058,39931.51990007666
2030,gnq,0.06447495372236213,3.39421,Mangroves,Non-market Use,-0.0033299830790006982,15861.325809764117
2035,gnq,0.07623356346841766,3.514952,Mangroves,Non-market Use,-0.008433567569365271,18066.769271714285
2040,gnq,0.0890790164688773,3.606967999999999,Mangroves,Non-market Use,-0.013834207956100292,20523.473033824914
2045,gnq,0.10296995932642117,3.667773,Mangroves,Non-market Use,-0.019661978073034637,23274.877363306416
2050,gnq,0.11778034619535627,3.705597,Mangroves,Non-market Use,-0.02639384536531803,26287.727184177154
2055,gnq,0.13327362528308045,3.719835,Mangroves,Non-market Use,-0.031866408935127745,29560.755004317314
2060,gnq,0.14915453851269636,3.70978,Mangroves,Non-market Use,-0.03909573392235507,33093.09451941771
2065,gnq,0.16530135667706203,3.674441,Mangroves,Non-market Use,-0.04389925744363511,36939.05260594824
2070,gnq,0.1823014186694247,3.641188754051709,Mangroves,Non-market Use,-0.05167372205311175,41010.633879524474
2075,gnq,0.20006305769792454,3.609971708177967,Mangroves,Non-market Use,-0.056034181811103485,45285.50279368678
2080,gnq,0.21847231677463272,3.5807417075671477,Mangroves,Non-market Use,-0.06318914846487889,49735.14761240785
2085,gnq,0.23739300297343666,3.553453872449439,Mangroves,Non-market Use,-0.06775493849046771,54324.851936868676
2090,gnq,0.2566673493530065,3.5280664829549493,Mangroves,Non-market Use,-0.07430699938696575,59013.84679493544
2095,gnq,0.27611732883094203,3.504540872539021,Mangroves,Non-market Use,-0.07998651134636299,63755.65829071933
2100,gnq,0.2955466443873349,3.4828413295926666,Mangroves,Non-market Use,-0.08587079063803484,68498.65939578613
2030,gtm,0.5999840871940109,25.76571,Mangroves,Non-market Use,-0.02457496326421675,19640.579217614246
2035,gtm,0.6861358167575498,26.011545,Mangroves,Non-market Use,-0.060185732334233424,22191.403154025087
2040,gtm,0.7753228955767705,26.122207,Mangroves,Non-market Use,-0.09583532959044756,24905.47549406592
2045,gtm,0.8654807281590275,26.089229,Mangroves,Non-market Use,-0.13238585840760694,27764.93343410272
2050,gtm,0.9556139431479702,25.938863,Mangroves,Non-market Use,-0.17235653046122437,30754.417254617645
2055,gtm,1.0461574513588212,25.695909,Mangroves,Non-market Use,-0.20448928636647545,33898.586378739325
2060,gtm,1.136988164825009,25.380174,Mangroves,Non-market Use,-0.24457842334434166,37203.13139033595
2065,gtm,1.2284343181240602,25.020612,Mangroves,Non-market Use,-0.272254087573661,40666.69102939381
2070,gtm,1.3222952892633362,24.68386733357861,Mangroves,Non-market Use,-0.31319579441187695,44255.14646007113
2075,gtm,1.4180103893167118,24.369139679009475,Mangroves,Non-market Use,-0.3382925921345256,47945.569477132165
2080,gtm,1.51495146534093,24.075686840148936,Mangroves,Non-market Use,-0.375277878857881,51711.48788129743
2085,gtm,1.612427578620621,23.802821820023617,Mangroves,Non-market Use,-0.40081990540399487,55523.07288406041
2090,gtm,1.7096913216171363,23.54991013137883,Mangroves,Non-market Use,-0.43431318775446015,59347.42339998333
2095,gtm,1.805946753000896,23.316367329400357,Mangroves,Non-market Use,-0.4637631004794078,63148.947647870125
2100,gtm,1.9003588829395306,23.101656753133188,Mangroves,Non-market Use,-0.4935727048360754,66889.83926974001
2030,guy,0.07691404567044105,0.748008999999999,Mangroves,Non-market Use,-0.01116488884887346,92058.38181664833
2035,guy,0.06926464488083894,0.7317449999999991,Mangroves,Non-market Use,-0.02560198523970428,84436.15711673863
2040,guy,0.06313909400388093,0.7161130000000001,Mangroves,Non-market Use,-0.03842296321087431,78360.94752840562
2045,guy,0.05819602570639565,0.700866,Mangroves,Non-market Use,-0.05041143480589256,73526.11773100393
2050,guy,0.05420843937596969,0.686095999999999,Mangroves,Non-market Use,-0.06297429602719806,69704.33912324978
2055,guy,0.05100305210236376,0.6720889999999999,Mangroves,Non-market Use,-0.07151126656710205,66701.51747320396
2060,guy,0.048456833019308,0.659242,Mangroves,Non-market Use,-0.08295159622623467,64366.37214304077
2065,guy,0.04647551622363228,0.647983,Mangroves,Non-market Use,-0.08890507608214074,62572.855530102235
2070,guy,0.044670227281149215,0.63746962468843,Mangroves,Non-market Use,-0.09982492252469224,60905.207911256235
2075,guy,0.043026387197973026,0.6276711842766688,Mangroves,Non-market Use,-0.10389734670892815,59355.73876971896
2080,guy,0.04153100329531825,0.6185593446423534,Mangroves,Non-market Use,-0.11243004762663177,57917.41266018833
2085,guy,0.04017249809812568,0.6101079903156227,Mangroves,Non-market Use,-0.11623088213422161,56583.795286877576
2090,guy,0.03894055968645184,0.602293099278306,Mangroves,Non-market Use,-0.12298382468472914,55349.00487991689
2095,guy,0.03782601079638452,0.5950926287328278,Mangroves,Non-market Use,-0.12811147191612604,54207.66834933097
2100,guy,0.03682069433650822,0.5884864110775708,Mangroves,Non-market Use,-0.1333815765526803,53154.88175303843
2030,hnd,0.24345384846465332,14.606827,Mangroves,Non-market Use,-0.08507707339276609,13390.658731043039
2035,hnd,0.29404346778782375,14.714894,Mangroves,Non-market Use,-0.22002552120218527,16028.224834507546
2040,hnd,0.3504108437769002,14.74258,Mangroves,Non-market Use,-0.36861775936248203,19033.72338232127
2045,hnd,0.4111048287970214,14.698715,Mangroves,Non-market Use,-0.5339456975655632,22360.444487579363
2050,hnd,0.4752858050682112,14.59986,Mangroves,Non-market Use,-0.7283508768709412,25983.623797574586
2055,hnd,0.5426042260798828,14.454841,Mangroves,Non-market Use,-0.8953612632712253,29912.216064136057
2060,hnd,0.6127790423144325,14.275117,Mangroves,Non-market Use,-1.113963315087033,34149.70478355844
2065,hnd,0.6857071552051015,14.071302,Mangroves,Non-market Use,-1.2724254868467162,38703.4724865052
2070,hnd,0.7632342230435663,13.880442247587917,Mangroves,Non-market Use,-1.516373739101968,43599.518033244734
2075,hnd,0.8449849112409343,13.702080269677477,Mangroves,Non-market Use,-1.6721488179240174,48816.88168169256
2080,hnd,0.9304638165742042,13.53579189063024,Mangroves,Non-market Use,-1.909463584138343,54325.364063276254
2085,hnd,1.0190529693618249,13.38118454560105,Mangroves,Non-market Use,-2.078387139382779,60085.13792043285
2090,hnd,1.1100126850904715,13.237895730796852,Mangroves,Non-market Use,-2.306819400679488,66046.63361657332
2095,hnd,1.2024861337120551,13.105591582056029,Mangroves,Non-market Use,-2.5133985558047907,72150.73819906366
2100,hnd,1.2955078837958018,12.98396557391943,Mangroves,Non-market Use,-2.728221241333502,78329.3381233588
2030,hti,0.17864609318157984,15.393235,Mangroves,Non-market Use,-0.016264237555376603,9727.885037965398
2035,hti,0.22543756035703105,15.388419,Mangroves,Non-market Use,-0.042006880714942935,12249.604463047994
2040,hti,0.2806911188934612,15.332519,Mangroves,Non-market Use,-0.07033893435309428,15269.939668463036
2045,hti,0.3446462454519842,15.230642,Mangroves,Non-market Use,-0.10195538993439819,18828.132241822186
2050,hti,0.417609714879502,15.084507,Mangroves,Non-market Use,-0.13927668750872374,22978.330087587092
2055,hti,0.5000106623607121,14.898046,Mangroves,Non-market Use,-0.17197894132889163,27787.74995984604
2060,hti,0.5918324818497708,14.677027,Mangroves,Non-market Use,-0.21471309777002312,33303.19478851148
2065,hti,0.692714210350181,14.434373,Mangroves,Non-market Use,-0.24676686043956675,39536.70287570067
2070,hti,0.8048880071390647,14.207662888432793,Mangroves,Non-market Use,-0.2951033143260526,46555.765671919864
2075,hti,0.9283666033798258,13.996258248550562,Mangroves,Non-market Use,-0.3274963654455669,54372.824957828074
2080,hti,1.062875853763564,13.799569175096707,Mangroves,Non-market Use,-0.3754766530188356,62979.94823656161
2085,hti,1.2078151825058958,13.61705152169925,Mangroves,Non-market Use,-0.41105015271569256,72345.3967796112
2090,hti,1.3622251976584132,13.448204382904736,Mangroves,Non-market Use,-0.45810418853822676,82410.69349717973
2095,hti,1.5247653517269322,13.292567794484576,Mangroves,Non-market Use,-0.5013436557534241,93088.44734103602
2100,hti,1.693704417800728,13.149720637179364,Mangroves,Non-market Use,-0.5463686427335446,104261.18723540947
2030,idn,11.325349788983965,308.65983,Mangroves,Non-market Use,-1.2693377969007955,25447.54225154237
2035,idn,12.270365992471831,305.830237,Mangroves,Non-market Use,-3.0484574383785663,27867.16800641165
2040,idn,13.191854821599005,302.177569,Mangroves,Non-market Use,-4.764945868391985,30366.85687892077
2045,idn,14.069183142501538,297.658723,Mangroves,Non-market Use,-6.466944269877653,32926.53194083571
2050,idn,14.898056275732653,292.39994,Mangroves,Non-market Use,-8.27791152179058,35545.663986176005
2055,idn,15.66960477460874,286.517043,Mangroves,Non-market Use,-9.66861456182757,38210.2186787723
2060,idn,16.377479982556277,280.119902,Mangroves,Non-market Use,-11.378445705930652,40908.33075005122
2065,idn,17.018227483498507,273.354291,Mangroves,Non-market Use,-12.481016125517735,43624.73984851992
2070,idn,17.650752597559134,267.0821969944035,Mangroves,Non-market Use,-14.139001543633979,46376.45556267505
2075,idn,18.272258962751664,261.2765515786752,Mangroves,Non-market Use,-15.07351419013376,49147.90273474576
2080,idn,18.879905477203767,255.91263000807453,Mangroves,Non-market Use,-16.495671684457168,51922.34202518867
2085,idn,19.470826779647304,250.9678751591411,Mangroves,Non-market Use,-17.411597637503085,54682.015084796556
2090,idn,20.042154768459962,246.42173883135712,Mangroves,Non-market Use,-18.642684071411303,57408.314855449535
2095,idn,20.591040947319364,242.25553882028615,Mangroves,Non-market Use,-19.69091859305512,60081.979176753215
2100,idn,21.114679365919184,238.4523303646986,Mangroves,Non-market Use,-20.74165133047525,62683.305246304844
2030,ind,46.903417143230975,1612.14253,Mangroves,Non-market Use,-1.660308448853421,20338.699540013386
2035,ind,52.4386431461675,1594.675807,Mangroves,Non-market Use,-4.1065460663293285,23017.83885738315
2040,ind,57.943021336136574,1570.023735,Mangroves,Non-market Use,-6.59247393299738,25866.821603251035
2045,ind,63.251393068489655,1539.493031,Mangroves,Non-market Use,-9.173540657171309,28833.83655426519
2050,ind,68.32080799596818,1504.980714,Mangroves,Non-market Use,-12.04924974275661,31900.193216974287
2055,ind,73.14362241270418,1468.261304,Mangroves,Non-market Use,-14.309325315784392,35051.35661063287
2060,ind,77.7274800245657,1430.166586,Mangroves,Non-market Use,-17.217476632887738,38289.47604100333
2065,ind,82.11360224534106,1391.607973,Mangroves,Non-market Use,-19.082309111110487,41624.4666324301
2070,ind,86.5155496718658,1355.9648877023194,Mangroves,Non-market Use,-22.06689533121206,45066.57119048091
2075,ind,90.9093753467055,1323.0626277331075,Mangroves,Non-market Use,-23.686830981004526,48595.34254178832
2080,ind,95.26984974372859,1292.7422851335948,Mangroves,Non-market Use,-26.336653431540643,52187.53379060519
2085,ind,99.57067313127523,1264.859463666976,Mangroves,Non-market Use,-27.982881328712175,55817.26801435375
2090,ind,103.78471501666077,1239.2831285202449,Mangroves,Non-market Use,-30.33878522907704,59456.27750035854
2095,ind,107.88427814667966,1215.8945755275595,Mangroves,Non-market Use,-32.34739576556853,63074.21184905147
2100,ind,111.84138391128495,1194.5865085166383,Mangroves,Non-market Use,-34.40728494968881,66639.01216883698
2030,irn,3.2762433094383496,103.294673,Mangroves,Non-market Use,-0.031656115061929856,19346.385362943787
2035,irn,3.4950536384144386,102.219966,Mangroves,Non-market Use,-0.07757692844243856,20951.311373483364
2040,irn,3.6996004530926463,100.633024,Mangroves,Non-market Use,-0.1235566392004687,22630.273062361535
2045,irn,3.8937904670276526,98.684343,Mangroves,Non-market Use,-0.1708657198786652,24399.06616386523
2050,irn,4.086147418884218,96.60197900000001,Mangroves,Non-market Use,-0.22337367959730178,26274.9168321933
2055,irn,4.286615670437891,94.618495,Mangroves,Non-market Use,-0.26465274082711976,28268.806257857366
2060,irn,4.499732050332817,92.80778900000011,Mangroves,Non-market Use,-0.3179369074451908,30389.113667571866
2065,irn,4.720936816648872,91.05531500000001,Mangroves,Non-market Use,-0.3525633999134563,32642.00703763372
2070,irn,4.941411953380693,89.42190179052947,Mangroves,Non-market Use,-0.40753516439990245,34945.45309711926
2075,irn,5.160037746599709,87.90221681962021,Mangroves,Non-market Use,-0.4377811626366018,37287.011912804905
2080,irn,5.3756530746855375,86.49135035569721,Mangroves,Non-market Use,-0.486711032380195,39652.96261931026
2085,irn,5.587064788784208,85.18478896160336,Mangroves,Non-market Use,-0.5174712788565867,42028.40510015285
2090,irn,5.793057948016478,83.97839134029994,Mangroves,Non-market Use,-0.5610876303231771,44397.38917998802
2095,irn,5.992406800507839,82.86836637062852,Mangroves,Non-market Use,-0.5984092825399295,46743.07049710534
2100,irn,6.183886383124621,81.85125316942344,Mangroves,Non-market Use,-0.6366433863798052,49047.8915213389
2030,jam,0.05788581854636032,2.605489999999999,Mangroves,Non-market Use,-0.012579577152728586,18025.021098564277
2035,jam,0.06594778277333256,2.536261,Mangroves,Non-market Use,-0.03146408604313097,21057.453921354332
2040,jam,0.07458609660279987,2.461506,Mangroves,Non-market Use,-0.051103178821317624,24494.113323678128
2045,jam,0.08358059265886192,2.383114999999999,Mangroves,Non-market Use,-0.0719570241142457,28298.855340882994
2050,jam,0.09289905689793318,2.304611,Mangroves,Non-market Use,-0.09564857939687174,32465.66594570674
2055,jam,0.10255717748308373,2.229835,Mangroves,Non-market Use,-0.11488183490665135,36974.705439083395
2060,jam,0.11262044868732435,2.161781,Mangroves,Non-market Use,-0.13977988336413555,41803.84462207316
2065,jam,0.1231505569770954,2.101298,Mangroves,Non-market Use,-0.15648248051049712,46941.52532065195
2070,jam,0.1340895052784741,2.045446752076505,Mangroves,Non-market Use,-0.18278237739306047,52409.66541041441
2075,jam,0.14537324037991994,1.9939414051818571,Mangroves,Non-market Use,-0.19796547703432674,58179.72695796663
2080,jam,0.15692688436070973,1.9465223445516766,Mangroves,Non-market Use,-0.22207632519891296,64214.17177578418
2085,jam,0.1686651227012973,1.9029540049407654,Mangroves,Non-market Use,-0.23785726895395612,70466.34532021912
2090,jam,0.18049287264005295,1.8630229132572764,Mangroves,Non-market Use,-0.25990255083582414,76880.62981086985
2095,jam,0.19230623923208173,1.826535937747834,Mangroves,Non-market Use,-0.2791120177294165,83392.89138070917
2100,jam,0.20399375784779505,1.7933187235481434,Mangroves,Non-market Use,-0.29889412651705827,89931.23611494058
2030,jpn,6.058731276223251,96.43999099999999,Mangroves,Non-market Use,-4.901976735207269e-4,45736.56607963174
2035,jpn,6.171230301258511,92.954799,Mangroves,Non-market Use,-0.001188461485169433,48351.83160182412
2040,jpn,6.2610099285952066,89.435694,Mangroves,Non-market Use,-0.0018723154541446171,51005.898338531086
2045,jpn,6.341642675743228,86.1483079999999,Mangroves,Non-market Use,-0.0025604195203368244,53655.68373520269
2050,jpn,6.42040888501341,83.172694,Mangroves,Non-market Use,-0.003309960458604882,56288.07475793442
2055,jpn,6.492418396083278,80.41215700000001,Mangroves,Non-market Use,-0.003871314509013997,58896.97001182733
2060,jpn,6.547215218487841,77.734792,Mangroves,Non-market Use,-0.004594014495128871,61464.30297437435
2065,jpn,6.573245398304557,75.0409,Mangroves,Non-market Use,-0.005021237507431853,63949.499031994426
2070,jpn,6.59807238447929,72.57039134830566,Mangroves,Non-market Use,-0.005734022141026846,66402.80511396335
2075,jpn,6.621681522775838,70.30696319092327,Mangroves,Non-market Use,-0.006077002430330135,68813.26689814594
2080,jpn,6.644058826977501,68.23595410104657,Mangroves,Non-market Use,-0.0066796396776391724,71169.80402201499
2085,jpn,6.665190992664151,66.34418557747297,Mangroves,Non-market Use,-0.007017068703858949,73461.29398156884
2090,jpn,6.685065410366416,64.61982188353973,Mangroves,Non-market Use,-0.00752997518739859,75676.65906397827
2095,jpn,6.703670178078783,63.052246133810506,Mangroves,Non-market Use,-0.007950511860240346,77804.95537033888
2100,jpn,6.7209941131143225,61.63195080533986,Mangroves,Non-market Use,-0.008380796733665796,79835.46293002149
2030,khm,0.51955948374494,20.742696,Mangroves,Non-market Use,-0.11574798407544891,21103.618036550208
2035,khm,0.6186592208512953,20.651101,Mangroves,Non-market Use,-0.29641695775340865,25176.07880523237
2040,khm,0.7226008614181171,20.447703,Mangroves,Non-market Use,-0.49086868692099334,29622.649044990805
2045,khm,0.829876897738261,20.158903,Mangroves,Non-market Use,-0.7027467903002497,34419.45741508497
2050,khm,0.9402540927702446,19.817535,Mangroves,Non-market Use,-0.9482078028865952,39567.37819436727
2055,khm,1.053126192740736,19.436076,Mangroves,Non-market Use,-1.15274296634462,45070.77891235153
2060,khm,1.1672010481864696,19.002906,Mangroves,Non-market Use,-1.4201393524583392,50959.781966107505
2065,khm,1.2811540027394421,18.518886,Mangroves,Non-market Use,-1.6057599423379063,57248.506832849285
2070,khm,1.3999781932013518,18.07077897670398,Mangroves,Non-market Use,-1.8967702012488634,63943.28373164268
2075,khm,1.5229891230712385,17.656528830106726,Mangroves,Non-market Use,-2.071842926844142,71008.76073850815
2080,khm,1.6493741567432951,17.274261185268823,Mangroves,Non-market Use,-2.3463514658439584,78398.3885714844
2085,khm,1.7781958767828674,16.92226921524513,Mangroves,Non-market Use,-2.532236940206793,86054.27312362813
2090,khm,1.9083988145596262,16.599000892012242,Mangroves,Non-market Use,-2.7893664296757437,93907.366488018
2095,khm,2.0388196864442465,16.303047531603774,Mangroves,Non-market Use,-3.017068953563239,101878.02810672396
2100,khm,2.1682011608961798,16.033133514607613,Mangroves,Non-market Use,-3.2529060334678306,109876.97505607666
2030,lka,0.5473987799616254,22.64833,Mangroves,Non-market Use,-0.02365995770200386,17367.83386097464
2035,lka,0.6070326264670685,22.400952,Mangroves,Non-market Use,-0.059176830125341126,19485.92346087848
2040,lka,0.6693851461547466,22.112799,Mangroves,Non-market Use,-0.09607927103887541,21782.3635224627
2045,lka,0.7341987429567363,21.787123,Mangroves,Non-market Use,-0.1352984134564701,24265.174123302106
2050,lka,0.8013735181209346,21.436009,Mangroves,Non-market Use,-0.17997282781252658,26937.514770700163
2055,lka,0.8699326045642763,21.058246,Mangroves,Non-market Use,-0.2163441091130197,29786.981051526003
2060,lka,0.9391410328962885,20.657308,Mangroves,Non-market Use,-0.2636317106351378,32803.227096113435
2065,lka,1.008620614984009,20.234737,Mangroves,Non-market Use,-0.295578656887539,35990.34064013994
2070,lka,1.0795094480148972,19.84150655601448,Mangroves,Non-market Use,-0.3458865840078042,39310.039782271844
2075,lka,1.1513873411241569,19.476212068456206,Mangroves,Non-market Use,-0.3750789917892318,42742.944233477065
2080,lka,1.223792040959637,19.137563390299174,Mangroves,Non-market Use,-0.4213907042902323,46266.22412741239
2085,lka,1.2962229595030874,18.82437720749541,Mangroves,Non-market Use,-0.45182649067701686,49853.71926590852
2090,lka,1.368145886702613,18.535570121610288,Mangroves,Non-market Use,-0.49431344440824926,53476.149173504666
2095,lka,1.4389986561796129,18.27015237786065,Mangroves,Non-market Use,-0.531411250491969,57101.41612192868
2100,lka,1.5081977052469053,18.027222187523062,Mangroves,Non-market Use,-0.569649583330436,60695.00036181656
2030,mdg,0.3628145794989585,57.503786,Mangroves,Non-market Use,-0.32383132822055277,5265.737985662547
2035,mdg,0.46273530906752663,59.75377,Mangroves,Non-market Use,-0.8361727708845744,6447.760537945868
2040,mdg,0.5839023827599406,61.632299,Mangroves,Non-market Use,-1.401917091131448,7869.400026031185
2045,mdg,0.7267274260249619,63.165612,Mangroves,Non-market Use,-2.0359226110350988,9533.805755581054
2050,mdg,0.8922826422695174,64.395723,Mangroves,Non-market Use,-2.7880377429446526,11454.710654503984
2055,mdg,1.0822244194893877,65.329568,Mangroves,Non-market Use,-3.447130174621607,13661.771253655501
2060,mdg,1.2986243661112,65.986185,Mangroves,Non-market Use,-4.316266665290034,16191.544027489168
2065,mdg,1.5434156837512978,66.36189999999999,Mangroves,Non-market Use,-4.971601587353867,19088.754923740602
2070,mdg,1.819803552571361,66.72086154923298,Mangroves,Non-market Use,-5.968107088057933,22332.102763410785
2075,mdg,2.1285340130452073,67.06276986909224,Mangroves,Non-market Use,-6.633926268391876,25924.869745015843
2080,mdg,2.469579245522319,67.38733803884111,Mangroves,Non-market Use,-7.628620285805545,29861.41071392606
2085,mdg,2.8419927460256873,67.69429239556001,Mangroves,Non-market Use,-8.364345502314501,34125.7490967181
2090,mdg,3.2437804957272376,67.98337291749878,Mangroves,Non-market Use,-9.34444020115887,38690.38858618282
2095,mdg,3.671798424301536,68.25433359008484,Mangroves,Non-market Use,-10.246217860708928,43515.444399875254
2100,mdg,4.121686674208144,68.50694275386843,Mangroves,Non-market Use,-11.188282077079165,48548.19641747699
2030,mex,4.915473631804545,152.576934,Mangroves,Non-market Use,-1.090474165732022,25277.886570666735
2035,mex,5.359999015634803,152.594193,Mangroves,Non-market Use,-2.7033076065915123,27528.679612086496
2040,mex,5.7959714555643735,152.1555,Mangroves,Non-market Use,-4.348605293931981,29818.862746355837
2045,mex,6.212247931502995,151.339146,Mangroves,Non-market Use,-6.061104511708958,32095.431545728312
2050,mex,6.604879288820989,150.231439,Mangroves,Non-market Use,-7.970262415741594,34335.423508571126
2055,mex,6.969788292197979,148.889292,Mangroves,Non-market Use,-9.47231205212176,36516.278606006446
2060,mex,7.303659074863805,147.409673,Mangroves,Non-market Use,-11.39505557759624,38604.35888920514
2065,mex,7.603367891084358,145.736824,Mangroves,Non-market Use,-12.619290171844817,40602.183188926036
2070,mex,7.899775013629342,144.16565224062032,Mangroves,Non-market Use,-14.579564170408345,42594.72854402923
2075,mex,8.191528636591123,142.69322084552076,Mangroves,Non-market Use,-15.639509657512722,44571.186755079405
2080,mex,8.477250125876546,141.3167943471832,Mangroves,Non-market Use,-17.375665975677144,46520.33742689874
2085,mex,8.755544232870237,140.03383019268355,Mangroves,Non-market Use,-18.45087337762425,48430.646215608554
2090,mex,9.025009897666058,138.84197089317206,Mangroves,Non-market Use,-19.991278361077352,50290.37200933429
2095,mex,9.284251533065238,137.73903678302943,Mangroves,Non-market Use,-21.30272130532876,52087.68177543555
2100,mex,9.531890669170243,136.72301935747527,Mangroves,Non-market Use,-22.647045585243703,53810.77160533445
2030,mmr,0.7679641359304782,54.863617,Mangroves,Non-market Use,-0.27629813154269073,10027.112849011077
2035,mmr,0.8793190817198404,53.775706,Mangroves,Non-market Use,-0.6967612064232608,11722.144158667583
2040,mmr,0.998014755136077,52.609245,Mangroves,Non-market Use,-1.1384435008032183,13609.70177835945
2045,mmr,1.122182281755759,51.400842,Mangroves,Non-market Use,-1.610678573715029,15674.49937091012
2050,mmr,1.2515615459253977,50.160199,Mangroves,Non-market Use,-2.151428548714191,17927.511427190482
2055,mmr,1.3861808210855897,48.914367,Mangroves,Non-market Use,-2.5890044590471195,20376.838036457382
2060,mmr,1.5260872296373302,47.642896,Mangroves,Non-market Use,-3.1632974231862128,23049.4519695203
2065,mmr,1.670639906927097,46.3556119999999,Mangroves,Non-market Use,-3.5443720732852566,25952.890746088557
2070,mmr,1.820972530981154,45.16573479866601,Mangroves,Non-market Use,-4.156375154103704,29055.28131742724
2075,mmr,1.9762086174650852,44.067417538961365,Mangroves,Non-market Use,-4.500862664111614,32342.328096565183
2080,mmr,2.1353189912637958,43.05534242725228,Mangroves,Non-market Use,-5.0615279054618005,35794.547927894055
2085,mmr,2.2971268203631676,42.124677701562604,Mangroves,Non-market Use,-5.42046238330733,39387.13408997069
2090,mmr,2.4603166231029516,41.27103904559621,Mangroves,Non-market Use,-5.932125247083208,43089.96970942739
2095,mmr,2.623447369209907,40.49045501563416,Mangroves,Non-market Use,-6.37541430716184,46867.80751651733
2100,mmr,2.784969670706942,39.77933609705861,Mangroves,Non-market Use,-6.8335396801443204,50680.62760268941
2030,moz,0.6518252226377326,68.95959299999991,Mangroves,Non-market Use,-0.4786563054355195,8059.907530111899
2035,moz,0.8264475420217703,71.901769,Mangroves,Non-market Use,-1.2409972675179202,9773.836454274313
2040,moz,1.031933266071312,74.257716,Mangroves,Non-market Use,-2.0858866769152837,11783.974435297825
2045,moz,1.2681108701008978,76.06049400000009,Mangroves,Non-market Use,-3.0350433416432407,14098.369786199231
2050,moz,1.5357573099877362,77.281198,Mangroves,Non-market Use,-4.16637169278591,16757.345399590224
2055,moz,1.8342272453310857,78.06427000000001,Mangroves,Non-market Use,-5.1556588086093464,19757.844829499372
2060,moz,2.163512184809884,78.492873,Mangroves,Non-market Use,-6.460413556299588,23112.48733035843
2065,moz,2.5220582166697114,78.606618,Mangroves,Non-market Use,-7.42870335828407,26828.040382476214
2070,moz,2.919125667203423,78.71483233783152,Mangroves,Non-market Use,-8.913355040785708,30921.538862751295
2075,moz,3.354518099306196,78.81749231746866,Mangroves,Non-market Use,-9.888479944577123,35386.76425733228
2080,moz,3.827053815762912,78.9145754158807,Mangroves,Non-market Use,-11.361065609287643,40207.3650874928
2085,moz,4.334441745071525,79.00606029125969,Mangroves,Non-market Use,-12.434467879390716,45355.760400226936
2090,moz,4.873182721064531,79.09192679083185,Mangroves,Non-market Use,-13.876566443734967,50792.32639146407
2095,moz,5.438505272794635,79.17215595824908,Mangroves,Non-market Use,-15.196011235899956,56464.95178168642
2100,moz,6.024344550255139,79.2467300405566,Mangroves,Non-market Use,-16.57407649618904,62309.04023174673
2030,mrt,0.1410547348511709,9.510854,Mangroves,Non-market Use,-1.1959277111656254e-5,10723.384927683299
2035,mrt,0.16885398996780132,9.909952000000011,Mangroves,Non-market Use,-3.0189064116234188e-5,12326.567891669973
2040,mrt,0.20014514492127,10.24213,Mangroves,Non-market Use,-4.952203810136875e-5,14144.763618032444
2045,mrt,0.234722273344788,10.500674,Mangroves,Non-market Use,-7.049358652314875e-5,16188.866336717265
2050,mrt,0.27240036326819345,10.705829,Mangroves,Non-market Use,-9.472519831700253e-5,18437.62388877945
2055,mrt,0.3129911851218435,10.863391,Mangroves,Non-market Use,-1.1507519968469042e-4,20889.22834157114
2060,mrt,0.35630168293687325,10.976731,Mangroves,Non-market Use,-1.4157285574142867e-4,23547.16104704614
2065,mrt,0.4023849471047209,11.04715,Mangroves,Non-market Use,-1.6041572088469695e-4,26437.662012963832
2070,mrt,0.4518263392380936,11.114477220923744,Mangroves,Non-market Use,-1.894408690200447e-4,29522.41053386424
2075,mrt,0.5044207281832354,11.178649635668918,Mangroves,Non-market Use,-2.0748865479975625e-4,32787.66583445486
2080,mrt,0.559875281345747,11.239606848648815,Mangroves,Non-market Use,-2.3513195581429481e-4,36214.6733944466
2085,mrt,0.6178056964448534,11.29729119016543,Mangroves,Non-market Use,-2.543953575658627e-4,39779.501316846974
2090,mrt,0.6777349035124356,11.351647807016128,Mangroves,Non-market Use,-2.8054130182152983e-4,43453.0147576752
2095,mrt,0.7390946069969334,11.40262474913538,Mangroves,Non-market Use,-3.0393330294363496e-4,47201.00660064288
2100,mrt,0.8012299571026151,11.450173052080594,Mangroves,Non-market Use,-3.281443680661242e-4,50984.49813968723
2030,mus,0.06642778089541258,1.140719,Mangroves,Non-market Use,-0.0012435715766080217,47080.81316596039
2035,mus,0.07040266218587526,1.110981,Mangroves,Non-market Use,-0.0031106404346141455,51143.635941417306
2040,mus,0.07399331628572865,1.08003,Mangroves,Non-market Use,-0.005036100369788503,55195.12759501711
2045,mus,0.07719974319497272,1.04814,Mangroves,Non-market Use,-0.007058766944425214,59234.427743581735
2050,mus,0.0799975461871241,1.016077,Mangroves,Non-market Use,-0.009341648103157634,63206.231153028464
2055,mus,0.08243908896780566,0.9843390000000001,Mangroves,Non-market Use,-0.011120698359806046,67116.4836406839
2060,mus,0.08461430790154499,0.953585999999999,Mangroves,Non-market Use,-0.013453149104144163,70982.96442964551
2065,mus,0.0866466317230245,0.9243880000000001,Mangroves,Non-market Use,-0.014899096254565255,74850.67096423991
2070,mus,0.08862371239844923,0.8974992172548685,Mangroves,Non-market Use,-0.01730518141359513,78711.9944874344
2075,mus,0.09053947437405276,0.8727666142899906,Mangroves,Non-market Use,-0.01853300979959104,82544.90405768971
2080,mus,0.09238791708841515,0.8500517425705729,Mangroves,Non-market Use,-0.020650652790973487,86326.51700790951
2085,mus,0.09416314559879084,0.8292294479650945,Mangroves,Non-market Use,-0.021896671875373024,90033.31460965292
2090,mus,0.09585940130883462,0.8101867176122338,Mangroves,Non-market Use,-0.02376041226724428,93641.3766036805
2095,mus,0.09747109257875056,0.7928216532692287,Mangroves,Non-market Use,-0.025324137382216026,97126.63150805408
2100,mus,0.09899282499461516,0.7770425580319872,Mangroves,Non-market Use,-0.026936556122912216,100465.11917433438
2030,mys,2.3607441835185834,42.68212,Mangroves,Non-market Use,-0.3844224052928368,39653.91985182847
2035,mys,2.5000779594660663,42.816839,Mangroves,Non-market Use,-0.9391863679450703,41892.994481967326
2040,mys,2.629746754801508,42.725021,Mangroves,Non-market Use,-1.4908821725232528,44192.96495548652
2045,mys,2.749605231470589,42.421119,Mangroves,Non-market Use,-2.0546512343818097,46572.39042867392
2050,mys,2.8609160138201863,41.931209,Mangroves,Non-market Use,-2.6775721691199195,49059.893644203294
2055,mys,2.966794786389707,41.311859,Mangroves,Non-market Use,-3.1584376705033272,51676.13062654269
2060,mys,3.0698576341568464,40.612901,Mangroves,Non-market Use,-3.7814234539506977,54431.40549169099
2065,mys,3.1704679022573963,39.857,Mangroves,Non-market Use,-4.172075700862558,57323.40163348678
2070,mys,3.2691801490391645,39.15225967994382,Mangroves,Non-market Use,-4.806599257972031,60216.13300614067
2075,mys,3.3656086540107797,38.49641613358163,Mangroves,Non-market Use,-5.13757645514054,63094.509244677814
2080,mys,3.4593662821981117,37.88738410373422,Mangroves,Non-market Use,-5.692139014760494,65942.79582452249
2085,mys,3.550066975347498,37.32324589491438,Mangroves,Non-market Use,-6.0251068251283275,68744.7466623145
2090,mys,3.637328315952643,36.80224127198905,Mangroves,Non-market Use,-6.511244025409821,71483.74977185059
2095,mys,3.7207741412821798,36.32275827012675,Mangroves,Non-market Use,-6.920461608305467,74142.98431439676
2100,mys,3.8000371832633517,35.88332484860275,Mangroves,Non-market Use,-7.339891074379476,76705.58709834082
2030,nga,6.536748406812837,510.225273,Mangroves,Non-market Use,-0.5618994858375629,10490.225091649245
2035,nga,8.052130378359957,544.6212219999991,Mangroves,Non-market Use,-1.3191465379922542,12081.76517364796
2040,nga,9.830786710553612,577.4223020000001,Mangroves,Non-market Use,-2.0183509917859372,13884.692653057404
2045,nga,11.89345845649909,608.080367,Mangroves,Non-market Use,-2.6805774339766693,15918.948248335117
2050,nga,14.26275761623324,635.681993,Mangroves,Non-market Use,-3.3410689847087625,18224.459751328126
2055,nga,16.959189012188165,660.151932,Mangroves,Non-market Use,-3.8548631775750852,20824.489276585082
2060,nga,19.998343868793782,680.539640000001,Mangroves,Non-market Use,-4.421317517615719,23772.459193923245
2065,nga,23.384379845898103,696.729725,Mangroves,Non-market Use,-4.8435957376337475,27096.523018454955
2070,nga,27.145758007058625,712.4762108274637,Mangroves,Non-market Use,-5.32914045985222,30697.315993299544
2075,nga,31.282343639181317,727.7310832290133,Mangroves,Non-market Use,-5.689298853715508,34563.05381658274
2080,nga,35.784449936060255,742.4469400164684,Mangroves,Non-market Use,-6.068134662560353,38674.59884291617
2085,nga,40.63154870381221,756.5772311681854,Mangroves,Non-market Use,-6.386461867421363,43004.938491693174
2090,nga,45.791221672954634,770.0764995741488,Mangroves,Non-market Use,-6.680546070836896,47518.86823557766
2095,nga,51.21844642347466,782.9006207219265,Mangroves,Non-market Use,-6.937220885738169,52172.92299612298
2100,nga,56.85530701665276,795.00703958891,Mangroves,Non-market Use,-7.15381798005154,56915.59487266578
2030,nic,0.17606847401625522,8.820995000000002,Mangroves,Non-market Use,-0.0565939892171869,15492.092597486724
2035,nic,0.2117798239633347,8.810926,Mangroves,Non-market Use,-0.14674325727798623,18637.987218220667
2040,nic,0.2515781020007057,8.764918,Mangroves,Non-market Use,-0.24635653250085165,22235.683935003217
2045,nic,0.2944417724039744,8.68591900000001,Mangroves,Non-market Use,-0.35750452925579407,26236.04131977767
2050,nic,0.34001435767977073,8.586637000000001,Mangroves,Non-market Use,-0.48861431366884134,30618.052704884074
2055,nic,0.3882251904835938,8.471738,Mangroves,Non-market Use,-0.601353409895577,35399.97659597149
2060,nic,0.4391064637168273,8.351045000000001,Mangroves,Non-market Use,-0.749370938010642,40579.693339839396
2065,nic,0.49271706683322186,8.230559,Mangroves,Non-market Use,-0.8563447695353817,46156.79148201137
2070,nic,0.5498652034156958,8.117748713971087,Mangroves,Non-market Use,-1.0218164098886733,52176.52659216584
2075,nic,0.6102850488547287,8.012340640562744,Mangroves,Non-market Use,-1.1269436618368773,58615.794442183644
2080,nic,0.6736184074104605,7.914081243893701,Mangroves,Non-market Use,-1.2879820481380635,65439.6815957856
2085,nic,0.7394121810404817,7.822735933911367,Mangroves,Non-market Use,-1.4021117001936454,72600.84535180301
2090,nic,0.8071184258569193,7.738088129798236,Mangroves,Non-market Use,-1.5571354318341646,80039.23958076199
2095,nic,0.876097310069186,7.659938401173277,Mangroves,Non-market Use,-1.6971929852244338,87682.24360588551
2100,nic,0.9456232016024908,7.588103682304866,Mangroves,Non-market Use,-1.8429833353932508,95445.23937622283
2035,nzl,0.3364057931621327,6.045119,Mangroves,Non-market Use,-8.354454673521421e-4,43886.275091371135
2040,nzl,0.3562787746537374,6.085608000000001,Mangroves,Non-market Use,-0.01691571119528498,46109.90424005634
2045,nzl,0.37466522435584076,6.11068,Mangroves,Non-market Use,-0.04318035762139176,48228.026933720896
2050,nzl,0.39132002632723756,6.116635,Mangroves,Non-market Use,-0.08221375353663396,50257.61066002802
2055,nzl,0.4060070154897436,6.102266,Mangroves,Non-market Use,-0.11804184070773685,52198.81908336785
2060,nzl,0.4184810759021541,6.070444,Mangroves,Non-market Use,-0.17165745869334517,54014.31259071766
2065,nzl,0.4285501082734678,6.025995,Mangroves,Non-market Use,-0.20717902547873565,55649.440962427514
2070,nzl,0.4383458455321993,5.984077641209233,Mangroves,Non-market Use,-0.27205835003729356,57245.50333198607
2075,nzl,0.4478381425233631,5.944642693721587,Mangroves,Non-market Use,-0.3060900965122697,58796.30402008791
2080,nzl,0.45699722392934367,5.907644014608618,Mangroves,Non-market Use,-0.3691710579803105,60295.6812689259
2085,nzl,0.46579383645271794,5.873038457742551,Mangroves,Non-market Use,-0.406889776879122,61737.54712479586
2090,nzl,0.4741994015206662,5.840785789765356,Mangroves,Non-market Use,-0.46645060489530044,63115.92787011767
2095,nzl,0.4821861674212584,5.810848611974325,Mangroves,Non-market Use,-0.5177905275757311,64425.004637587255
2100,nzl,0.4897273597604663,5.783192287911394,Mangroves,Non-market Use,-0.5723840434987685,65659.15382701915
2030,omn,0.5704091060313208,6.896304000000001,Mangroves,Non-market Use,-0.004064672197210753,65997.85619002204
2035,omn,0.6236997122312621,6.880418,Mangroves,Non-market Use,-0.009978716792127546,72221.94791095649
2040,omn,0.6746586462249382,6.810482,Mangroves,Non-market Use,-0.015918841283274792,78806.57287362621
2045,omn,0.7226292329828286,6.713394,Mangroves,Non-market Use,-0.022025440848806338,85502.01158847322
2050,omn,0.7689771662257455,6.610222,Mangroves,Non-market Use,-0.028778176497759482,92266.93599472621
2055,omn,0.8172249364652989,6.52291,Mangroves,Non-market Use,-0.034035050025707725,99218.73693618787
2060,omn,0.8694567731430077,6.452412000000001,Mangroves,Non-market Use,-0.04082232039167584,106552.38026945398
2065,omn,0.9247447658910721,6.382848,Mangroves,Non-market Use,-0.04517043670439551,114389.83092883043
2070,omn,0.9806082881675118,6.3174746766042835,Mangroves,Non-market Use,-0.052138112320455655,122369.6956594571
2075,omn,1.036728706156805,6.256176370240249,Mangroves,Non-market Use,-0.0558901832345602,130442.39461006847
2080,omn,1.0927646740329648,6.198845258236476,Mangroves,Non-market Use,-0.062046425383332486,138553.74361671778
2085,omn,1.1483550308990103,6.145381037843362,Mangroves,Non-market Use,-0.06584652480910488,146645.43871551545
2090,omn,1.203122196946009,6.095690632939366,Mangroves,Non-market Use,-0.07129813552700902,154655.65204862252
2095,omn,1.2566760357890028,6.049687923218899,Mangroves,Non-market Use,-0.07593314044714941,162519.73357904938
2100,omn,1.308618137460642,6.00729349475571,Mangroves,Non-market Use,-0.0806828916105167,170171.00987011025
2030,pak,8.563741933303522,429.949597,Mangroves,Non-market Use,-0.39807380635757333,16784.63561692494
2035,pak,10.527645289175775,445.348908,Mangroves,Non-market Use,-1.019795153527157,19869.558900665907
2040,pak,12.776454125430703,458.123757,Mangroves,Non-market Use,-1.694078158717862,23381.563330367717
2045,pak,15.287709759509431,468.261235,Mangroves,Non-market Use,-2.43664748718495,27301.470268904468
2050,pak,18.043309243522856,476.335285,Mangroves,Non-market Use,-3.303888076989777,31594.98693070545
2055,pak,21.040128210830215,482.800274,Mangroves,Non-market Use,-4.03994636482532,36255.64721466621
2060,pak,24.265209729186015,487.768657,Mangroves,Non-market Use,-5.001632348631969,41280.229139520554
2065,pak,27.726089035782653,491.451556,Mangroves,Non-market Use,-5.688451482111589,46693.24751515743
2070,pak,31.48285917807042,494.9767274050454,Mangroves,Non-market Use,-6.750894846037756,52505.752040367144
2075,pak,35.524140475538175,498.3403186104249,Mangroves,Non-market Use,-7.416131421931006,58692.610198386545
2080,pak,39.830843340433006,501.53863092410336,Mangroves,Non-market Use,-8.437928705078269,65217.83844266892
2085,pak,44.37561317410619,504.5681263142374,Mangroves,Non-market Use,-9.15391810740978,72034.12574001159
2090,pak,49.12249079434404,507.4254339043722,Mangroves,Non-market Use,-10.128213537818189,79082.67335581267
2095,pak,54.026833663958826,510.10735619970063,Mangroves,Non-market Use,-11.003468553575942,86293.39959358092
2100,pak,59.035536628613734,512.6108750283538,Mangroves,Non-market Use,-11.91226713571854,93585.54759124832
2030,pan,0.2844376120043239,5.794318000000001,Mangroves,Non-market Use,-0.06756398836709394,33239.71216150677
2035,pan,0.3058606021688609,5.831255000000001,Mangroves,Non-market Use,-0.1697343891948744,35588.90257837893
2040,pan,0.32732492327634927,5.843638,Mangroves,Non-market Use,-0.27669087194761927,38082.68959604479
2045,pan,0.34879182756777205,5.835653000000001,Mangroves,Non-market Use,-0.3911672683040173,40717.92714968404
2050,pan,0.3703149161097695,5.807453000000001,Mangroves,Non-market Use,-0.5228822317328434,43528.082158480334
2055,pan,0.391797965300783,5.76393,Mangroves,Non-market Use,-0.6305818970234057,46494.433368130325
2060,pan,0.4132073937496638,5.705196,Mangroves,Non-market Use,-0.7726428334452856,49639.41936065305
2065,pan,0.43443922830305,5.632357,Mangroves,Non-market Use,-0.8692628547236425,52970.97760600538
2070,pan,0.4556458786690364,5.56404339798758,Mangroves,Non-market Use,-1.0229527484923921,56351.34395070599
2075,pan,0.4767170846819297,5.5001102007127765,Mangroves,Non-market Use,-1.1119135303450793,59761.72784363137
2080,pan,0.4975379646087315,5.440422654855761,Mangroves,Non-market Use,-1.2544953286450402,63181.823931891035
2085,pan,0.5179899582727189,5.38485577220955,Mangroves,Non-market Use,-1.3479320623350208,66589.97853859128
2090,pan,0.5379518658899108,5.333293892092902,Mangroves,Non-market Use,-1.479485656538472,69963.38862971934
2095,pan,0.5573009715228696,5.285630278842049,Mangroves,Non-market Use,-1.5944953403382116,73278.33144119487
2100,pan,0.5759142379644168,5.241766752414145,Mangroves,Non-market Use,-1.7134631473561037,76510.42212718344
2030,per,1.239227477050633,39.75769200000001,Mangroves,Non-market Use,-4.521516125915331e-4,24724.502677424385
2035,per,1.3823295616537863,39.5500139999999,Mangroves,Non-market Use,-0.0011337110220146468,27686.12954041364
2040,per,1.5312345078837573,39.211423,Mangroves,Non-market Use,-0.0018444883440804488,30890.516002530363
2045,per,1.6838585608836443,38.760054,Mangroves,Non-market Use,-0.0026013530345397984,34317.46715879445
2050,per,1.8398060709970698,38.22769400000001,Mangroves,Non-market Use,-0.0034648028718022176,37965.14249271412
2055,per,1.9985143364905296,37.644158,Mangroves,Non-market Use,-0.0041660601594021825,41821.2516610642
2060,per,2.1594734089180254,37.015646,Mangroves,Non-market Use,-0.00508086753687975,45892.87778884898
2065,per,2.3226569116358022,36.351131,Mangroves,Non-market Use,-0.005695592606185265,50193.1526811264
2070,per,2.4893958603270816,35.73117482726046,Mangroves,Non-market Use,-0.006670045481107417,54653.469462075496
2075,per,2.6586989418170064,35.15386458725268,Mangroves,Non-market Use,-0.007229910520584638,59246.13710774466
2080,per,2.829470868702115,34.61743656497074,Mangroves,Non-market Use,-0.008125699390218687,63939.06874503655
2085,per,3.000521075770536,34.120267214281114,Mangroves,Non-market Use,-0.008709397633919345,68695.99574413625
2090,per,3.170574873527672,33.660864938121364,Mangroves,Non-market Use,-0.009529924430974362,73476.79983839423
2095,per,3.338286991652485,33.23786260108127,Mangroves,Non-market Use,-0.01024459199618226,78237.96419652451
2100,per,3.5022573769239527,32.85001072155086,Mangroves,Non-market Use,-0.010981937239299288,82933.1405155104
2030,phl,4.694194348237184,164.256327,Mangroves,Non-market Use,-0.27401337346693916,21531.284541971403
2035,phl,5.234438336221783,166.081756,Mangroves,Non-market Use,-0.6830219913874002,23737.54357317542
2040,phl,5.7771553512009,167.214079,Mangroves,Non-market Use,-1.1040458628897993,26012.698443785772
2045,phl,6.321385581998345,167.689425,Mangroves,Non-market Use,-1.5469628458176892,28373.13642992274
2050,phl,6.867604610728442,167.365827,Mangroves,Non-market Use,-2.048206514067695,30874.201029243955
2055,phl,7.415414677804664,166.372414,Mangroves,Non-market Use,-2.4511228990749085,33524.923862871045
2060,phl,7.966847815897338,164.906753,Mangroves,Non-market Use,-2.9760559633985886,36326.04808477604
2065,phl,8.519111060953202,163.138451,Mangroves,Non-market Use,-3.323907957633585,39252.232952677616
2070,phl,9.080129976692868,161.47657759739172,Mangroves,Non-market Use,-3.877058017010747,42253.749434360674
2075,phl,9.646622515034817,159.9182095200895,Mangroves,Non-market Use,-4.189255456394672,45312.32465670122
2080,phl,10.215022200899122,158.4606213261653,Mangroves,Non-market Use,-4.69225354874563,48407.55466410494
2085,phl,10.78150786141135,157.1012774375021,Mangroves,Non-market Use,-5.015188888067775,51517.067115225946
2090,phl,11.342039829863515,155.83782476785024,Mangroves,Non-market Use,-5.471679830338938,54616.736308301406
2095,phl,11.89240232036396,154.66808591519788,Mangroves,Non-market Use,-5.866664402687042,57680.94936594962
2100,phl,12.428251498316325,153.59005289080736,Mangroves,Non-market Use,-6.273435488048485,60682.92087795053
2030,sau,4.68547702875605,51.3083549999999,Mangroves,Non-market Use,-0.03796272840285459,62149.40311203626
2035,sau,4.8326136328524925,51.20038,Mangroves,Non-market Use,-0.09199244090943452,64359.05392893888
2040,sau,4.9503740052282925,50.895884,Mangroves,Non-market Use,-0.14480021539650187,66448.32686702984
2045,sau,5.050998242433715,50.489567,Mangroves,Non-market Use,-0.19784135688839002,68474.77848246181
2050,sau,5.138637333733636,50.021689,Mangroves,Non-market Use,-0.25553051242979685,70448.1310009809
2055,sau,5.214536575907517,49.475763,Mangroves,Non-market Use,-0.2987067255841798,72414.62875536879
2060,sau,5.276375672391914,48.798165,Mangroves,Non-market Use,-0.35438594159379216,74431.53627517135
2065,sau,5.321589524692382,47.984712,Mangroves,Non-market Use,-0.38749289144820415,76486.249730763
2070,sau,5.36491075479935,47.22481370189783,Mangroves,Non-market Use,-0.44258494678386023,78497.47948384876
2075,sau,5.406286022176106,46.51631063129621,Mangroves,Non-market Use,-0.4692493462948433,80458.9306742017
2080,sau,5.445664030480708,45.85720782349256,Mangroves,Non-market Use,-0.5159047814389425,82364.34299680027
2085,sau,5.482995632995737,45.245665430033405,Mangroves,Non-market Use,-0.5421640760042276,84207.52366893634
2090,sau,5.518233934356393,44.67999012829219,Mangroves,Non-market Use,-0.581936081201601,85982.38073050349
2095,sau,5.551334388283704,44.158627277724335,Mangroves,Non-market Use,-0.6146030131927159,87682.95642896122
2100,sau,5.582254891039069,43.680153771748955,Mangroves,Non-market Use,-0.6480217361014835,89303.46043436903
2030,sdn,0.6259430268390698,91.147048,Mangroves,Non-market Use,-0.0011187950840083752,6301.213345197022
2035,sdn,0.7448019909545898,94.400626,Mangroves,Non-market Use,-0.002694934216553329,7209.806048180328
2040,sdn,0.8841364148310111,96.937165,Mangroves,Non-market Use,-0.00422108333740681,8300.513363828877
2045,sdn,1.0445844921013292,98.89410400000001,Mangroves,Non-market Use,-0.005742442759332372,9573.26732137075
2050,sdn,1.2270265232395865,100.201284,Mangroves,Non-market Use,-0.0073883048846391285,11052.774235212246
2055,sdn,1.431248485798298,101.033792,Mangroves,Non-market Use,-0.008606892021259763,12733.13033051935
2060,sdn,1.6577442777331957,101.428301,Mangroves,Non-market Use,-0.010174348132521376,14629.646170677705
2065,sdn,1.9050128366298,101.401662,Mangroves,Non-market Use,-0.011087432097906615,16745.931908525094
2070,sdn,2.174956335071695,101.37636159661143,Mangroves,Non-market Use,-0.012620647585340788,19043.366752527367
2075,sdn,2.466930491323613,101.3523987737804,Mangroves,Non-market Use,-0.013341685929441214,21513.86589352944
2080,sdn,2.779702010024627,101.32977256841494,Mangroves,Non-market Use,-0.014624832763196411,24144.302053213298
2085,sdn,3.111397516702239,101.30848207032052,Mangroves,Non-market Use,-0.015329360302484114,26916.16825914931
2090,sdn,3.4594687438706933,101.28852642213901,Mangroves,Non-market Use,-0.016411984583974443,29805.39254907279
2095,sdn,3.820677950642992,101.26990481929118,Mangroves,Non-market Use,-0.01729309966142703,32782.33485531502
2100,sdn,4.191107095420968,101.25261650992265,Mangroves,Non-market Use,-0.01819402292338508,35811.99117785999
2030,sen,0.4597382639996,36.054076,Mangroves,Non-market Use,-0.27261555721945807,10101.537710462362
2035,sen,0.5585347160149609,37.7355520000001,Mangroves,Non-market Use,-0.6904150087936703,11709.586600440047
2040,sen,0.6720242966658415,39.231061,Mangroves,Non-market Use,-1.1367503741326936,13533.405957403429
2045,sen,0.8001906150736564,40.491427,Mangroves,Non-market Use,-1.62454981589053,15591.641731525704
2050,sen,0.9430966467192875,41.5104169999999,Mangroves,Non-market Use,-2.192133854680708,17900.66081285512
2055,sen,1.1015446819756234,42.347248,Mangroves,Non-market Use,-2.6817700631272077,20467.017515959036
2060,sen,1.2754001431026953,43.024147,Mangroves,Non-market Use,-3.3174924229125073,23292.638981062188
2065,sen,1.4644042267544108,43.54135100000001,Mangroves,Non-market Use,-3.790662280289896,26390.622390394616
2070,sen,1.6705665527089049,44.03860136634602,Mangroves,Non-market Use,-4.500201298268778,29725.287670478356
2075,sen,1.8933746745076458,44.51506047436674,Mangroves,Non-market Use,-4.9704934843217625,33283.56407477189
2080,sen,2.1318701891937284,44.969918120631,Mangroves,Non-market Use,-5.664457948662034,37046.100324892985
2085,sen,2.3846110556595246,45.40239380051678,Mangroves,Non-market Use,-6.174678350315628,40986.9337484199
2090,sen,2.649646246700185,45.811738923905345,Mangroves,Non-market Use,-6.847062039504437,45073.337085802
2095,sen,2.9245056894381625,46.197238960265864,Mangroves,Non-market Use,-7.4612391941250715,49265.873513107166
2100,sen,3.2062080936767106,46.55821550458838,Mangroves,Non-market Use,-8.097796413356255,53518.68479960372
2030,slb,0.014680818926380151,1.372868,Mangroves,Non-market Use,-0.023498925009797285,9128.44787889764
2035,slb,0.020416223998431526,1.418502999999999,Mangroves,Non-market Use,-0.06068933678617234,12252.012449705946
2040,slb,0.027866366252358367,1.455528999999999,Mangroves,Non-market Use,-0.10178226875489257,16251.938548284674
2045,slb,0.03725793480393565,1.482684,Mangroves,Non-market Use,-0.14775883222378747,21271.390512122056
2050,slb,0.048756583962256385,1.502371,Mangroves,Non-market Use,-0.20129574299636577,27394.18311452638
2055,slb,0.062494285264109016,1.515212,Mangroves,Non-market Use,-0.24958042158938182,34717.00864293015
2060,slb,0.0784846741450289,1.521234,Mangroves,Non-market Use,-0.309906961863925,43304.583942676756
2065,slb,0.09673286389334174,1.519423999999999,Mangroves,Non-market Use,-0.35838459809677364,53285.15626134523
2070,slb,0.1180993241702041,1.517706545901549,Mangroves,Non-market Use,-0.4258203735144254,64943.159776065746
2075,slb,0.14281228896331472,1.5160813232446304,Mangroves,Non-market Use,-0.476651620201937,78392.76577070972
2080,slb,0.1710363455630928,1.5145480344042461,Mangroves,Non-market Use,-0.5449681931802821,93711.69657551359
2085,slb,0.20284998277767508,1.5131063984995672,Mangroves,Non-market Use,-0.6009542678507754,110929.20832552662
2090,slb,0.2382229235762399,1.5117561513081657,Mangroves,Non-market Use,-0.6693679338601731,130014.13703487009
2095,slb,0.27699477313057325,1.510497045185302,Mangroves,Non-market Use,-0.7341940052883653,150863.8595462815
2100,slb,0.31885676214162806,1.5093288489882266,Mangroves,Non-market Use,-0.8008906421502229,173295.14196667713
2030,sle,0.08670910981236112,14.863246,Mangroves,Non-market Use,-0.19448375944744964,5521.349821177582
2035,sle,0.1067561217266464,15.16746,Mangroves,Non-market Use,-0.49553530549320923,6630.874227320964
2040,sle,0.12952948639517314,15.34769,Mangroves,Non-market Use,-0.819984822334787,7914.1423899277725
2045,sle,0.1548015212538828,15.434238,Mangroves,Non-market Use,-1.175373451466804,9361.517855980768
2050,sle,0.18239343710984454,15.44472,Mangroves,Non-market Use,-1.5875808326249574,10971.19546489381
2055,sle,0.21225780009554615,15.38374,Mangroves,Non-market Use,-1.9419016210419258,12758.085569609024
2060,sle,0.2445639126304159,15.262545,Mangroves,Non-market Use,-2.401261264798237,14746.82617746754
2065,sle,0.27946356309049303,15.084406,Mangroves,Non-market Use,-2.743422881097315,16969.52776430357
2070,sle,0.31734945367476186,14.917149166332202,Mangroves,Non-market Use,-3.2563735593510974,19393.424867326787
2075,sle,0.3581070879432095,14.760452269988432,Mangroves,Non-market Use,-3.596068659570541,22010.79546002261
2080,sle,0.40154416029277396,14.614015330678184,Mangroves,Non-market Use,-4.09726183251352,24808.24983495711
2085,sle,0.44738494093053077,14.477559656896823,Mangroves,Non-market Use,-4.465361962756902,27766.30866951451
2090,sle,0.4952668357642127,14.350826959316572,Mangroves,Non-market Use,-4.950402091433758,30859.15575355166
2095,sle,0.5447395788468438,14.233578533540008,Mangroves,Non-market Use,-5.393097335453345,34054.60252083234
2100,sle,0.5952674488333908,14.125594508585383,Mangroves,Non-market Use,-5.851682088177516,37314.29542890342
2030,slv,0.14750694242235196,6.027293,Mangroves,Non-market Use,-0.010161788147345203,20843.722767990315
2035,slv,0.169305155092796,5.894678,Mangroves,Non-market Use,-0.025556414611005718,24394.978077895215
2040,slv,0.19293148230221613,5.757728,Mangroves,Non-market Use,-0.041729709033975285,28382.078868416127
2045,slv,0.2173266214080192,5.616192,Mangroves,Non-market Use,-0.05900546110226918,32686.003512214025
2050,slv,0.24229893977134426,5.473626,Mangroves,Non-market Use,-0.07866364962223418,37287.433984845025
2055,slv,0.2680339864552155,5.333979999999999,Mangroves,Non-market Use,-0.0948403698903048,42210.11129050586
2060,slv,0.29471883141661626,5.20390600000001,Mangroves,Non-market Use,-0.11570130432684822,47440.03480550478
2065,slv,0.32281202418424976,5.092686000000009,Mangroves,Non-market Use,-0.13003990106072746,52948.60363076784
2070,slv,0.35204456205958995,4.989285187211692,Mangroves,Non-market Use,-0.15225084131324512,58775.01705301264
2075,slv,0.38224639927331344,4.893315454347663,Mangroves,Non-market Use,-0.16555737191199052,64886.142942948965
2080,slv,0.4132174216159208,4.804420811917983,Mangroves,Non-market Use,-0.18619610873921413,71240.05154023864
2085,slv,0.4447283953113631,4.722275180125015,Mangroves,Non-market Use,-0.20013612679732357,77786.03145276605
2090,slv,0.47652270027315163,4.646580387761332,Mangroves,Non-market Use,-0.2192406612140235,84464.86755544349
2095,slv,0.5083188729466314,4.577064360856009,Mangroves,Non-market Use,-0.23608058518313296,91209.39942453564
2100,slv,0.5398139593335748,4.5134794856028115,Mangroves,Non-market Use,-0.25342180349093857,97945.36934007455
2030,sur,0.016133557061813592,0.769513999999999,Mangroves,Non-market Use,-0.05616455163618809,12722.193463489664
2035,sur,0.01798210469245057,0.773467,Mangroves,Non-market Use,-0.14013847346294217,14174.14225285015
2040,sur,0.019882673943485214,0.775578,Mangroves,Non-market Use,-0.22664071998428895,15703.172395589176
2045,sur,0.021806836248101633,0.775697,Mangroves,Non-market Use,-0.3175684073516295,17300.91756933749
2050,sur,0.023748905892936652,0.7742150000000001,Mangroves,Non-market Use,-0.42024484187183997,18965.821525053365
2055,sur,0.025715312516466384,0.770702,Mangroves,Non-market Use,-0.5015418192073092,20725.577509083098
2060,sur,0.027709244369174848,0.7657209999999991,Mangroves,Non-market Use,-0.6078376868309374,22581.763557065286
2065,sur,0.029741700915231945,0.7593240000000011,Mangroves,Non-market Use,-0.6762453214205976,24554.756207185117
2070,sur,0.031814160135524405,0.7532976198346425,Mangroves,Non-market Use,-0.7873841299856724,26597.13963107971
2075,sur,0.033914354837586314,0.7476337286958692,Mangroves,Non-market Use,-0.8472989086749384,28697.947088679146
2080,sur,0.0360288128805451,0.7423247179490096,Mangroves,Non-market Use,-0.9468999414312848,30844.54275859746
2085,sur,0.03814296642757409,0.7373634840575861,Mangroves,Non-market Use,-1.0083795653987953,33022.68889405627
2090,sur,0.040241289304108405,0.7327434127057019,Mangroves,Non-market Use,-1.09755305931209,35216.65188537874
2095,sur,0.04230746150082224,0.7284583640682035,Mangroves,Non-market Use,-1.1736602633022717,37409.34787492402
2100,sur,0.044324559093008496,0.7245026591825953,Mangroves,Non-market Use,-1.252105139559859,39582.52747778641
2030,tgo,0.10899777051800028,16.678927,Mangroves,Non-market Use,-3.6073508202918715e-4,5460.9211491365895
2035,tgo,0.13468483322419977,17.249138,Mangroves,Non-market Use,-9.240046844525008e-4,6509.205461628859
2040,tgo,0.164657555285584,17.718718,Mangroves,Non-market Use,-0.0015369318709465593,7728.297662913427
2045,tgo,0.19899597665724023,18.074122,Mangroves,Non-market Use,-0.0022169227866473185,9134.333074275843
2050,tgo,0.2376680813571335,18.341722,Mangroves,Non-market Use,-0.003016535664824736,10724.406684655922
2055,tgo,0.28075326902071024,18.528816,Mangroves,Non-market Use,-0.003710031575933655,12510.362871002158
2060,tgo,0.3282918797853343,18.63982,Mangroves,Non-market Use,-0.004618521247104477,14506.373964901131
2065,tgo,0.38048753529674767,18.677037,Mangroves,Non-market Use,-0.00529527963918189,16738.557567420237
2070,tgo,0.43795714592231555,18.712463743483976,Mangroves,Non-market Use,-0.0063224104914111744,19183.541457840776
2075,tgo,0.5006255076833296,18.74608958251177,Mangroves,Non-market Use,-0.00699996675001227,21835.865434404164
2080,tgo,0.5682814761248853,18.77790438724666,Mangroves,Non-market Use,-0.00801243585766644,24684.361039650103
2085,tgo,0.6405630669597908,18.807898551034942,Mangroves,Non-market Use,-0.008753413806291108,27711.620209089077
2090,tgo,0.7169461834068759,18.83606299523453,Mangroves,Non-market Use,-0.009740261480169387,30893.625983648097
2095,tgo,0.7967380845152983,18.862389173789126,Mangroves,Non-market Use,-0.0106425433399872,34199.5876702119
2100,tgo,0.8790766221075005,18.88686907754477,Mangroves,Non-market Use,-0.011581692385707394,37592.01818868153
2030,tha,2.3565626576249143,61.42874,Mangroves,Non-market Use,-0.4042745127726396,27414.20850412838
2035,tha,2.4564636298146,59.127137,Mangroves,Non-market Use,-0.9883446106154642,29712.7098605839
2040,tha,2.5454617674924704,56.820715,Mangroves,Non-market Use,-1.569552866365142,32064.821205865836
2045,tha,2.6228235466240895,54.53480200000001,Mangroves,Non-market Use,-2.162714211411773,34451.97743166406
2050,tha,2.6915580828507184,52.2776789999999,Mangroves,Non-market Use,-2.8161959772632663,36911.00581824122
2055,tha,2.753540863760397,50.0666129999999,Mangroves,Non-market Use,-3.3205932783986647,39460.3610225932
2060,tha,2.8108891064525148,47.938537,Mangroves,Non-market Use,-3.9702567658089185,42104.22867809399
2065,tha,2.8656116665213736,45.90488300000001,Mangroves,Non-market Use,-4.378024883385417,44861.520536316515
2070,tha,2.918610173607799,44.0548700034445,Mangroves,Non-market Use,-5.036735594290335,47648.1654494045
2075,tha,2.9697478859275726,42.372859425153685,Mangroves,Non-market Use,-5.382119137011549,50448.00829814829
2080,tha,3.018890833508959,40.844945154382536,Mangroves,Non-market Use,-5.956998625393579,53243.82249197332
2085,tha,3.065908393781627,39.458762074277445,Mangroves,Non-market Use,-6.3037127161958715,56017.47065224456
2090,tha,3.1106738620793273,38.20331904739593,Mangroves,Non-market Use,-6.8071398354871215,58750.08850453093
2095,tha,3.153065013625312,37.068853203855305,Mangroves,Non-market Use,-7.231148507274379,61422.28965488415
2100,tha,3.1929646535607628,36.04670281917145,Mangroves,Non-market Use,-7.665080749451239,64014.38834534224
2030,tls,0.016476362635580576,1.938647,Mangroves,Non-market Use,-0.0013906368083937916,8043.717448268009
2035,tls,0.020796753810713556,1.947521,Mangroves,Non-market Use,-0.0034329041124860744,10060.145497788246
2040,tls,0.025897647600952693,1.944815,Mangroves,Non-market Use,-0.0055123077773453185,12487.06166144538
2045,tls,0.031770749870053724,1.932078,Mangroves,Non-market Use,-0.007665070632530319,15348.256506960839
2050,tls,0.03836001421207177,1.910232,Mangroves,Non-market Use,-0.009985206670126685,18655.952520503215
2055,tls,0.04569148177536205,1.881365999999999,Mangroves,Non-market Use,-0.011955835039792776,22456.689513679183
2060,tls,0.05377149513469962,1.848106,Mangroves,Non-market Use,-0.014253601704054684,26776.781836051094
2065,tls,0.06257864810021872,1.813183,Mangroves,Non-market Use,-0.016052302093514135,31612.38890071853
2070,tls,0.07231582833991115,1.7806330811027342,Mangroves,Non-market Use,-0.018317437950949377,37022.13986281241
2075,tls,0.08297587981105085,1.7503498916199796,Mangroves,Non-market Use,-0.020044853905572087,43008.02305167979
2080,tls,0.09452780103802706,1.722235514590043,Mangroves,Non-market Use,-0.022111898652307144,49556.35846137449
2085,tls,0.10691385504155529,1.6961999383293618,Mangroves,Non-market Use,-0.023841356093278414,56635.546451879694
2090,tls,0.1200473006495705,1.6721605743347059,Mangroves,Non-market Use,-0.02572457586378093,64194.25161720467
2095,tls,0.13381095844054205,1.6500418189082078,Mangroves,Non-market Use,-0.02746024894849058,72160.1981448909
2100,tls,0.14805681165185156,1.6297746552351688,Mangroves,Non-market Use,-0.029130703612643857,80439.74390583497
2030,tza,1.6832979001603126,154.926012,Mangroves,Non-market Use,-0.17759783134841287,7975.690414602632
2035,tza,2.096012125692669,163.812307,Mangroves,Non-market Use,-0.45792024130215686,9394.536251315836
2040,tza,2.5882673630247894,172.033339,Mangroves,Non-market Use,-0.7663747980267855,11048.950117578925
2045,tza,3.165221238739762,179.177707,Mangroves,Non-market Use,-1.1125971737919484,12976.00438882286
2050,tza,3.8324004572862567,185.014429,Mangroves,Non-market Use,-1.5266844361304968,15218.874679894592
2055,tza,4.598833231068434,189.580423,Mangroves,Non-market Use,-1.8919179207024055,17826.569595624063
2060,tza,5.467954823296682,193.127668,Mangroves,Non-market Use,-2.3784183366275107,20810.875677576212
2065,tza,6.439008151169815,195.843027,Mangroves,Non-market Use,-2.7443035593546283,24172.25134270364
2070,tza,7.52533557535007,198.45888688629088,Mangroves,Non-market Use,-3.305349000327878,27884.177861939435
2075,tza,8.728116532940351,200.97017083227115,Mangroves,Non-market Use,-3.677997054917011,31943.88414971328
2080,tza,10.045637772120298,203.37195118093564,Mangroves,Non-market Use,-4.2397397353635435,36339.712634395466
2085,tza,11.472840491157271,205.65946539867772,Mangroves,Non-market Use,-4.653058939326901,41050.032336607415
2090,tza,13.000935587832608,207.82813167299483,Mangroves,Non-market Use,-5.207703524108141,46042.3755793069
2095,tza,14.61711961334222,209.87356408330083,Mangroves,Non-market Use,-5.717762013868114,51272.8774852487
2100,tza,16.30442355367244,211.79158727515227,Mangroves,Non-market Use,-6.251798976909346,56686.0934734851
2030,usa,30.497112514304206,392.274604,Mangroves,Non-market Use,-0.2784124961091461,61710.44323700841
2035,usa,32.03182948179051,397.0025,Mangroves,Non-market Use,-0.6816866397776642,63954.691973892455
2040,usa,33.53813929191153,401.171601,Mangroves,Non-market Use,-1.0845319993065619,66173.73032647757
2045,usa,35.00865608375228,404.260551,Mangroves,Non-market Use,-1.4987630519057438,68451.50265458516
2050,usa,36.446788716196615,406.044541,Mangroves,Non-market Use,-1.9595579279198014,70850.95804770051
2055,usa,37.8585432739446,406.64523,Mangroves,Non-market Use,-2.323371654045163,73383.55041980675
2060,usa,39.245948839665196,406.411009,Mangroves,Non-market Use,-2.794192468146093,76009.76410618977
2065,usa,40.591879955632464,405.502667,Mangroves,Non-market Use,-3.1009986152090945,78681.7695010012
2070,usa,41.914365004612684,404.64167076559255,Mangroves,Non-market Use,-3.5877096596354874,81303.40690531494
2075,usa,43.2080644757752,403.82772204193503,Mangroves,Non-market Use,-3.8566454910030883,83863.32329930857
2080,usa,44.467603820200644,403.0605390137047,Mangroves,Non-market Use,-4.290974956481147,86350.10929547789
2085,usa,45.687609113050115,402.33985614238264,Mangroves,Non-market Use,-4.564999520972813,88752.38067197207
2090,usa,46.86274393340998,401.66542401299597,Mangroves,Non-market Use,-4.953017249787009,91058.86249458377
2095,usa,47.98774712413636,401.0370091901948,Mangroves,Non-market Use,-5.285566261127814,93258.47499344779
2100,usa,49.057471071879796,400.4543940835474,Mangroves,Non-market Use,-5.6263948999417,95340.42030940068
2030,vnm,3.946396500115882,105.995262,Mangroves,Non-market Use,-0.4658615927488989,25643.680167546314
2035,vnm,4.244315603336698,104.556598,Mangroves,Non-market Use,-1.1608294131775692,28004.788901794192
2040,vnm,4.508951862653056,102.768093,Mangroves,Non-market Use,-1.8733273410495048,30318.115954031866
2045,vnm,4.741239004907522,100.772993,Mangroves,Non-market Use,-2.6168359916235384,32564.18968717245
2050,vnm,4.951124232995528,98.686986,Mangroves,Non-market Use,-3.4495298346505066,34781.07878387077
2055,vnm,5.1498348591934375,96.590101,Mangroves,Non-market Use,-4.107574203048577,37022.45123268048
2060,vnm,5.3465500207681185,94.53687999999991,Mangroves,Non-market Use,-4.962528325152612,39335.17530785058
2065,vnm,5.545433838235214,92.5310300000001,Mangroves,Non-market Use,-5.518185746586806,41750.33323018977
2070,vnm,5.741401741766758,90.66590394338381,Mangroves,Non-market Use,-6.409442262115973,44186.30769879641
2075,vnm,5.933616291788995,88.93455864108128,Mangroves,Non-market Use,-6.897773906763832,46629.79437674667
2080,vnm,6.121229840091208,87.33062399903824,Mangroves,Non-market Use,-7.696533573838769,49066.65078475042
2085,vnm,6.303390456333371,85.84826382680954,Mangroves,Non-market Use,-8.196512708653756,51482.01709086726
2090,vnm,6.479248114833471,84.48214030974677,Mangroves,Non-market Use,-8.912100691899429,53860.45428935315
2095,vnm,6.6479610822745965,83.22738184090156,Mangroves,Non-market Use,-9.524845131393826,56186.09825403844
2100,vnm,6.808702442148115,82.0795539401647,Mangroves,Non-market Use,-10.154783752790921,58442.827741061024
2030,yem,0.5937670836535153,60.928096,Mangroves,Non-market Use,-0.005478368346834301,9193.28567779296
2035,yem,0.7392475494688953,62.438104,Mangroves,Non-market Use,-0.014554693932680378,11118.16071755204
2040,yem,0.9024271948959636,63.49724,Mangroves,Non-market Use,-0.024983749931355746,13284.999416940238
2045,yem,1.081364634186225,64.221574,Mangroves,Non-market Use,-0.03699354781390372,15667.42902726121
2050,yem,1.2745559319983288,64.718744,Mangroves,Non-market Use,-0.0514533873102968,18240.150274412114
2055,yem,1.4813497023245576,64.9957859999999,Mangroves,Non-market Use,-0.06445488421698814,21011.43650132678
2060,yem,1.701437281860599,65.020098,Mangroves,Non-market Use,-0.08158848815312189,24011.872484961106
2065,yem,1.93465901717319,64.758694,Mangroves,Non-market Use,-0.09495722616373345,27285.31134667578
2070,yem,2.186589729596146,64.51135859050774,Mangroves,Non-market Use,-0.11505760689743719,30811.224465716485
2075,yem,2.45634062252115,64.27793577310607,Mangroves,Non-market Use,-0.12910464611224143,34574.038995457624
2080,yem,2.7425346681783727,64.05827856658496,Mangroves,Non-market Use,-0.14971909498817423,38551.04478486436
2085,yem,3.043277434914058,63.85224885250585,Mangroves,Non-market Use,-0.1655267719762046,42712.0702873389
2090,yem,3.3561416462378597,63.65971723029451,Mangroves,Non-market Use,-0.18630809281801658,47019.378355127024
2095,yem,3.6781679888628136,63.48056288164977,Mangroves,Non-market Use,-0.20573293791895772,51427.81600346601
2100,yem,4.005884252448636,63.314673444068724,Mangroves,Non-market Use,-0.22610873766111148,55885.24425877946
2030,zaf,2.163837042343466,67.836628,Mangroves,Non-market Use,-9.697159981544584e-5,26732.78347120928
2035,zaf,2.4565394890028807,67.030147,Mangroves,Non-market Use,-5.353100044302838e-4,30638.943435828896
2040,zaf,2.7623932536892326,65.99224000000001,Mangroves,Non-market Use,-0.0012977289286528792,34909.7352485127
2045,zaf,3.080704809865943,64.739926,Mangroves,Non-market Use,-0.0023915661929033564,39587.939488729295
2050,zaf,3.4120478152854896,63.382743,Mangroves,Non-market Use,-0.003941316859427431,44674.27776789279
2055,zaf,3.7547869172505157,61.938108,Mangroves,Non-market Use,-0.0053894751934784844,50184.15595711906
2060,zaf,4.104418474301271,60.409942,Mangroves,Non-market Use,-0.007529993070993217,56105.52313241059
2065,zaf,4.457868708331205,58.8106079999999,Mangroves,Non-market Use,-0.009071093524557957,62438.78832930494
2070,zaf,4.822561784998416,57.33146546600568,Mangroves,Non-market Use,-0.011760677350328451,69117.0813583421
2075,zaf,5.1963253381018815,55.965416384371856,Mangroves,Non-market Use,-0.013360926460999869,76101.33854728621
2080,zaf,5.57668276403087,54.705999776083516,Mangroves,Non-market Use,-0.016124211934079393,83342.98128251609
2085,zaf,5.960869676822305,53.54734062099427,Mangroves,Non-market Use,-0.0179705591622613,90784.0160277032
2090,zaf,6.345857975801754,52.48410401254732,Mangroves,Non-market Use,-0.020723197961655834,98357.41505057435
2095,zaf,6.728387559590059,51.51145404038271,Mangroves,Non-market Use,-0.023204301609979733,105987.7939202605
2100,zaf,7.10500549270443,50.625016955348805,Mangroves,Non-market Use,-0.025861056771361666,113592.39159167255
2030,aus,2.539893488378035,33.290315,Mangroves,Non-use,-1.6848449416078524,58814.88203595549
2035,aus,2.75220907467629,33.85498,Mangroves,Non-use,-4.510585323041074,62617.940845988735
2040,aus,2.9613379209999398,34.32925299999999,Mangroves,Non-use,-7.79264086752348,66391.66263704035
2045,aus,3.1638926693614557,34.697285,Mangroves,Non-use,-11.614780540406933,70123.87481842496
2050,aus,3.3571881248185558,34.930598,Mangroves,Non-use,-16.29420259650815,73851.40439979927
2055,aus,3.5403060741582193,35.02683,Mangroves,Non-use,-20.59332435259534,77602.95117981447
2060,aus,3.7135242961675776,35.013541,Mangroves,Non-use,-26.33425059689179,81364.9523600343
2065,aus,3.876094331336857,34.921482,Mangroves,Non-use,-30.859422570779973,85081.94390119465
2070,aus,4.037296979935233,34.83425589293856,Mangroves,Non-use,-37.688922098775315,88770.40466684739
2075,aus,4.196366670532069,34.751827038144256,Mangroves,Non-use,-42.52144237613318,92411.88968896322
2080,aus,4.352518323081721,34.67416178062263,Mangroves,Non-use,-49.625401243410586,95987.44660203859
2085,aus,4.50495336869886,34.60122842813795,Mangroves,Non-use,-55.120395498209916,99477.7689354704
2090,aus,4.652866180594523,34.53299722964536,Mangroves,Non-use,-62.35826507202964,102863.36041729419
2095,aus,4.795450849712881,34.4694403550529,Mangroves,Non-use,-69.1580391220063,106124.70849261219
2100,aus,4.931908230417701,34.41053187629407,Mangroves,Non-use,-76.31449093251254,109242.46502984481
2030,ben,0.3546032204564866,29.437378,Mangroves,Non-use,-0.0028834761198086424,9952.837501508715
2035,ben,0.43888464192022947,30.944002,Mangroves,Non-use,-0.00854117353626834,11693.138027174873
2040,ben,0.5375190603434936,32.301941,Mangroves,Non-use,-0.016394602895911273,13689.077013005093
2045,ben,0.6511480792573454,33.43675099999999,Mangroves,Non-use,-0.02726282953984873,15985.060330091781
2050,ben,0.7800873326169679,34.368729,Mangroves,Non-use,-0.04262824997496323,18590.279801661047
2055,ben,0.9254355764074088,35.0773519999999,Mangroves,Non-use,-0.06036861790738502,21561.106987471805
2060,ben,1.0868461698113883,35.614166,Mangroves,Non-use,-0.08599940543839969,24885.155260821124
2065,ben,1.2642133714786812,36.006835,Mangroves,Non-use,-0.11268215756392598,28567.468881977966
2070,ben,1.4602102793447116,36.38398350596205,Mangroves,Non-use,-0.15227237443241604,32582.217925014047
2075,ben,1.6746785973628167,36.745024564100895,Mangroves,Non-use,-0.1904783602015044,36918.61865546069
2080,ben,1.9069820318720563,37.08939138832969,Mangroves,Non-use,-0.24404298713647296,41557.0102673233
2085,ben,2.155949052978017,37.41653883245772,Mangroves,Non-use,-0.2974055457827145,46468.111309022184
2090,ben,2.4198281518000164,37.725944818971676,Mangroves,Non-use,-0.36606702350705156,51612.52613143896
2095,ben,2.696259823369962,38.017111719195725,Mangroves,Non-use,-0.43999031356013507,56940.56161005348
2100,ben,2.9822692399089616,38.28956767975598,Mangroves,Non-use,-0.5231895932234732,62392.40719279429
2030,bgd,5.431266203943127,198.396591,Mangroves,Non-use,-0.40914997193190683,19377.9804637818
2035,bgd,6.08302615019111,196.092233,Mangroves,Non-use,-1.2014872732129889,21980.76748357563
2040,bgd,6.733893590787288,193.032804,Mangroves,Non-use,-2.265133364051248,24743.445400347304
2045,bgd,7.356824065678982,189.393574,Mangroves,Non-use,-3.6503531884209095,27579.80600023973
2050,bgd,7.9402226954069155,185.262633,Mangroves,Non-use,-5.483675020216819,30461.516001319338
2055,bgd,8.492422097392724,180.753927,Mangroves,Non-use,-7.374495742241225,33426.47900131908
2060,bgd,9.02377072078885,176.005054,Mangroves,Non-use,-9.99748950409101,36513.15908297484
2065,bgd,9.541193178411053,171.297294,Mangroves,Non-use,-12.390902404261343,39707.992565998
2070,bgd,10.060930036426056,166.94454841712957,Mangroves,Non-use,-15.957364861905738,43006.13739144765
2075,bgd,10.58013383446557,162.92567870597568,Mangroves,Non-use,-18.936979272661116,46387.881163981736
2080,bgd,11.095798423803018,159.22145130232897,Mangroves,Non-use,-23.177230681343904,49830.79478300435
2085,bgd,11.604784342649396,155.81438377762913,Mangroves,Non-use,-26.92758134916678,53309.89670475275
2090,bgd,12.103847557507795,152.68860681823722,Mangroves,Non-use,-31.77135436266608,56797.885163595696
2095,bgd,12.589671269187816,149.82974049872666,Mangroves,Non-use,-36.64820937426967,60265.4377186935
2100,bgd,13.058900403294526,147.22478349314724,Mangroves,Non-use,-41.943484673176755,63681.57542492825
2030,bhs,0.020906657093800823,0.445260999999999,Mangroves,Non-use,-0.021872785752479522,39164.98519831732
2035,bhs,0.02234354837628066,0.442368,Mangroves,Non-use,-0.059852737932176936,42031.190573617576
2040,bhs,0.0238225682479904,0.438442999999999,Mangroves,Non-use,-0.10650649717023679,45107.783690214404
2045,bhs,0.025328320624502392,0.433284,Mangroves,Non-use,-0.16466221237721124,48415.024616195544
2050,bhs,0.026849852072616864,0.426799,Mangroves,Non-use,-0.2408827815447093,51979.588241288606
2055,bhs,0.028361962036230825,0.419049,Mangroves,Non-use,-0.3190428981634082,55789.343626982096
2060,bhs,0.029862505787165296,0.4103,Mangroves,Non-use,-0.42837713655041326,59850.461997013634
2065,bhs,0.031356845145867736,0.400918,Mangroves,Non-use,-0.5299042475720693,64162.32448077558
2070,bhs,0.0328475063713577,0.39220890411357545,Mangroves,Non-use,-0.6801150244475379,68540.33955733053
2075,bhs,0.03432684604098251,0.38413741119484723,Mangroves,Non-use,-0.8060506834868688,72956.51795953912
2080,bhs,0.03578692323092229,0.37667121423395145,Mangroves,Non-use,-0.9840099002196911,77380.53328951352
2085,bhs,0.03721956410284305,0.3697807841448597,Mangroves,Non-use,-1.141859907449997,81780.01575707347
2090,bhs,0.03861643263630678,0.36343917437728646,Mangroves,Non-use,-1.3445805002204962,86120.90314315366
2095,bhs,0.03996910675262763,0.35762184453618145,Mangroves,Non-use,-1.5486148713294323,90367.8448819922
2100,bhs,0.04126915894368975,0.3523065013859621,Mangroves,Non-use,-1.7696605622482715,94484.65351995622
2030,blz,0.017138658141188146,0.591210999999999,Mangroves,Non-use,-0.07381066200844544,25170.84007601416
2035,blz,0.02025287439479687,0.599851999999999,Mangroves,Non-use,-0.2295802968903633,29225.16403332586
2040,blz,0.023663988067132453,0.605154,Mangroves,Non-use,-0.45960108637159336,33742.9636927717
2045,blz,0.027305697098040805,0.607607,Mangroves,Non-use,-0.7884865084327395,38657.54421786719
2050,blz,0.03113980471033504,0.607429999999999,Mangroves,Non-use,-1.2636333865495988,43960.40847613287
2055,blz,0.03513754542983736,0.604987000000001,Mangroves,Non-use,-1.8098988462730723,49647.967810435126
2060,blz,0.03928703581475631,0.600637,Mangroves,Non-use,-2.6067931493672187,55736.92403833945
2065,blz,0.043569790511193994,0.594581,Mangroves,Non-use,-3.4247065059846338,62245.167725053914
2070,blz,0.04808193516684422,0.5888858073808309,Mangroves,Non-use,-4.6651280238129615,69135.81124038399
2075,blz,0.05279928826923946,0.5835420420041584,Mangroves,Non-use,-5.836981965384825,76370.34504907388
2080,blz,0.057691676708504495,0.5785409498046759,Mangroves,Non-use,-7.515138391201261,83899.63945462562
2085,blz,0.06272294046754655,0.5738743788248434,Mangroves,Non-use,-9.156586821209428,91663.9072150623
2090,blz,0.06785110098457522,0.5695347570089673,Mangroves,Non-use,-11.302271128797926,99592.98127734939
2095,blz,0.07302870552412943,0.565515071671713,Mangroves,Non-use,-13.59971381433872,107606.93336411775
2100,blz,0.07820335452212006,0.5618088505629093,Mangroves,Non-use,-16.191643839665677,115617.04776277348
2030,bra,8.683643794732223,219.98681,Mangroves,Non-use,-0.8901816251200149,32711.538726502422
2035,bra,9.736283529240387,215.662394,Mangroves,Non-use,-2.5802165602584086,37328.75592121326
2040,bra,10.81008624586627,210.670582,Mangroves,Non-use,-4.813757075549559,42332.79313392043
2045,bra,11.876980385685131,205.115032,Mangroves,Non-use,-7.717987289797373,47663.39358409413
2050,bra,12.937228299714956,199.309975,Mangroves,Non-use,-11.601065539768804,53310.305653847274
2055,bra,13.989430782526474,193.427095,Mangroves,Non-use,-15.606537413638398,59265.51321241279
2060,bra,15.033500383780359,187.625721,Mangroves,Non-use,-21.184091486931194,65509.63643229593
2065,bra,16.069087302119286,182.011177,Mangroves,Non-use,-26.206824787509824,72018.90480925808
2070,bra,17.120664736925555,176.83697024148006,Mangroves,Non-use,-33.77095668610953,78797.89089469322
2075,bra,18.18209037859181,172.074440613558,Mangroves,Non-use,-39.98172078325522,85803.67949796314
2080,bra,19.246697043302742,167.6976334998618,Mangroves,Non-use,-48.92346412468902,92985.8611103535
2085,bra,20.307348371094957,163.68306348478015,Mangroves,Non-use,-56.722326101407766,100286.8579149938
2090,bra,21.35650644052634,160.00950360280336,Mangroves,Non-use,-66.88300249643959,107642.46049560749
2095,bra,22.386310723537115,156.65779747463733,Mangroves,Non-use,-77.0634560932188,114982.57781246149
2100,bra,23.388667490968032,153.61069199296466,Mangroves,Non-use,-88.1222729999,122232.19572083319
2030,chn,60.882906835826795,1146.749636,Mangroves,Non-use,-0.14589278052395513,30524.87998773806
2035,chn,63.27248731758661,1091.65903,Mangroves,Non-use,-0.38732791588812737,33529.5100896665
2040,chn,65.05110143821298,1038.70914,Mangroves,Non-use,-0.6606234535954844,36451.53219971716
2045,chn,66.35896166699999,986.647114,Mangroves,Non-use,-0.9717220038547649,39385.14530505794
2050,chn,67.32197501184746,935.604942999999,Mangroves,Non-use,-1.3451655626479428,42391.88683171695
2055,chn,68.10119633613381,887.408687000001,Mangroves,Non-use,-1.6839172104383775,45483.869315166194
2060,chn,68.73471037814025,842.783736000001,Mangroves,Non-use,-2.126819203027407,48627.13275308133
2065,chn,69.093767985319,800.2158090000011,Mangroves,Non-use,-2.472778761311101,51787.79658211562
2070,chn,69.43665458110044,761.8188272449213,Mangroves,Non-use,-2.9849849805966877,54991.371472581865
2075,chn,69.76310657335446,727.1881833962738,Mangroves,Non-use,-3.3468224683990435,58221.477221564135
2080,chn,70.07287187070006,695.9682412494976,Mangroves,Non-use,-3.869068136911224,61460.57616277974
2085,chn,70.36571020595885,667.8462697188777,Mangroves,Non-use,-4.272335717919886,64690.11725904805
2090,chn,70.64139344585674,642.5472249797639,Mangroves,Non-use,-4.795340460248357,67890.70233593373
2095,chn,70.89970588641593,619.829258864559,Mangroves,Non-use,-5.2833548561405905,71042.27260301814
2100,chn,71.14044453350388,599.4798506048857,Mangroves,Non-use,-5.7921523758497955,74124.3131120858
2030,civ,0.7645430370957431,52.02046300000001,Mangroves,Non-use,-0.001794232771876935,11859.27740787829
2035,civ,0.9046117034161352,53.6708639999999,Mangroves,Non-use,-0.005583757370868637,13577.095437863558
2040,civ,1.0597839708923273,54.986079,Mangroves,Non-use,-0.011223165755442337,15498.844241687328
2045,civ,1.22800424567407,55.948571,Mangroves,Non-use,-0.01942871101893837,17619.58843727954
2050,civ,1.4084202083600408,56.671344,Mangroves,Non-use,-0.03147563719155634,19916.01752816682
2055,civ,1.600737307392428,57.207693,Mangroves,Non-use,-0.045576424794811984,22384.47792750535
2060,civ,1.804247365621604,57.565195,Mangroves,Non-use,-0.06642960221429035,25030.164518469865
2065,civ,2.019821503612155,57.73067,Mangroves,Non-use,-0.08842455120558122,27891.95493764226
2070,civ,2.249086195051324,57.88832313549858,Mangroves,Non-use,-0.12208822919144688,30919.41962077269
2075,civ,2.4909379191012784,58.03808660357616,Mangroves,Non-use,-0.15456343974394654,34096.3855100493
2080,civ,2.7439157170410007,58.17989580831555,Mangroves,Non-use,-0.2014027970830606,37402.217487224836
2085,civ,3.0061933965613137,58.313689407157774,Mangroves,Non-use,-0.24802755051546754,40811.78493635385
2090,civ,3.275581714279595,58.43940935505315,Mangroves,Non-use,-0.309414558210953,44295.55506315455
2095,civ,3.5495416504555912,58.55700094636313,Mangroves,Non-use,-0.37597560815518805,47819.82432939281
2100,civ,3.8252095591304545,58.66641285447079,Mangroves,Non-use,-0.4517921028991866,51347.09505261272
2030,cog,0.11478595316297348,11.621461,Mangroves,Non-use,-3.673780887953427e-4,6019.097768469634
2035,cog,0.13927388657322404,12.045011,Mangroves,Non-use,-0.0010893750595947838,7078.930079487318
2040,cog,0.16764700168929966,12.376665,Mangroves,Non-use,-0.0020989114407466776,8330.86017927978
2045,cog,0.20009438362569718,12.622091,Mangroves,Non-use,-0.0035047222799797287,9794.5558061041
2050,cog,0.23659721794316294,12.796559,Mangroves,Non-use,-0.005509745986544599,11475.510857874187
2055,cog,0.27693255353654445,12.905469,Mangroves,Non-use,-0.0077720557436625455,13378.928266459621
2060,cog,0.3208793207446141,12.950438,Mangroves,Non-use,-0.011067525185186543,15517.974470353549
2065,cog,0.3685315917636393,12.934565,Mangroves,Non-use,-0.014405067500476303,17924.561228395618
2070,cog,0.42052403205735983,12.919504132349594,Mangroves,Non-use,-0.01947323111266108,20568.83966780931
2075,cog,0.47672906449509495,12.905252555670602,Mangroves,Non-use,-0.02415996624586653,23447.713566277533
2080,cog,0.5369063272478418,12.891807580856332,Mangroves,Non-use,-0.030891398026135004,26552.297255874746
2085,cog,0.6006930636656899,12.87916667022576,Mangroves,Non-use,-0.03736725619446161,29867.288372416842
2090,cog,0.6675976290704232,12.867327436725136,Mangroves,Non-use,-0.04584429879936285,33370.48568605248
2095,cog,0.7369968666243112,12.85628764317667,Mangroves,Non-use,-0.054844585194362375,37032.49624285298
2100,cog,0.8081380150335865,12.846045201573991,Mangroves,Non-use,-0.0649590013514125,40816.67287938728
2030,col,2.1991026775271743,57.018611,Mangroves,Non-use,-0.10266001784042238,30995.67370170845
2035,col,2.4462658401896302,56.394002,Mangroves,Non-use,-0.28904498949105195,34804.084063777766
2040,col,2.690811240437508,55.57219600000001,Mangroves,Non-use,-0.5234362257711033,38785.665115142016
2045,col,2.9246453533371297,54.532819,Mangroves,Non-use,-0.8145587125007754,42888.98325073831
2050,col,3.146550422322223,53.348143,Mangroves,Non-use,-1.1877899498150426,47090.100610378286
2055,col,3.3575702387353052,52.08693,Mangroves,Non-use,-1.5525223969250368,51379.88554954595
2060,col,3.559229069298789,50.81842,Mangroves,Non-use,-2.045720734156324,55733.06641865997
2065,col,3.753697337280461,49.607447,Mangroves,Non-use,-2.4610667841636382,60113.319582413504
2070,col,3.948536235036359,48.48443658428588,Mangroves,Non-use,-3.0834603182813423,64590.86411087553
2075,col,4.142701457045377,47.444616588673966,Mangroves,Non-use,-3.5614244203803795,69137.20220641028
2080,col,4.3350971605015065,46.48362592364344,Mangroves,Non-use,-4.251638999020223,73720.88244836856
2085,col,4.524585124309597,45.59748399423072,Mangroves,Non-use,-4.821960418952001,78307.78610084811
2090,col,4.70999498737163,44.78256311537008,Mangroves,Non-use,-5.564605500939089,82861.48730144299
2095,col,4.8901354573144324,44.03556365410276,Mangroves,Non-use,-6.286080404397535,87343.68373885988
2100,col,5.063806356304529,43.3534916592201,Mangroves,Non-use,-7.056458650711985,91714.69222621302
2030,com,0.019111317642575572,1.419503,Mangroves,Non-use,-6.969771461409229e-5,11562.26487893679
2035,com,0.02329424111578424,1.452683,Mangroves,Non-use,-1.7877254746381246e-4,13731.084327682092
2040,com,0.027779174041673647,1.477546,Mangroves,Non-use,-2.853985902866345e-4,16052.411684095821
2045,com,0.03250147130401697,1.493277,Mangroves,Non-use,-3.7373369127458863e-4,18529.16160725333
2050,com,0.037412150700210665,1.502721,Mangroves,Non-use,-4.140935477016764e-4,21132.694650847476
2055,com,0.04249989221540884,1.507148999999999,Mangroves,Non-use,-4.130536187943081e-4,23865.794249741823
2060,com,0.04772297554332414,1.506713,Mangroves,Non-use,-2.9172137905426144e-4,26727.673976443253
2065,com,0.05309200874818321,1.501228,Mangroves,Non-use,-1.7287560776131213e-4,29755.197448043666
2030,cri,0.22935917494147057,5.714681,Mangroves,Non-use,-0.02623222983493334,33287.80558495974
2035,cri,0.2477531813571447,5.659395000000001,Mangroves,Non-use,-0.07220608927734277,36227.00348882983
2040,cri,0.26444808157885424,5.579778,Mangroves,Non-use,-0.12769432003247863,39131.510495726456
2045,cri,0.2789683483411859,5.476208000000009,Mangroves,Non-use,-0.19392183879826255,41965.83053221795
2050,cri,0.29150864192822673,5.351755,Mangroves,Non-use,-0.2762509963625927,44770.45681775918
2055,cri,0.3023171542021886,5.21436,Mangroves,Non-use,-0.35367482044399134,47545.710941876154
2060,cri,0.31167058085259597,5.071476,Mangroves,Non-use,-0.4566250056559411,50283.09562261774
2065,cri,0.3196599950837899,4.92783100000001,Mangroves,Non-use,-0.5397030981537186,52954.36945696334
2070,cri,0.3274445004469059,4.795233434755651,Mangroves,Non-use,-0.6638603237038836,55616.511463766685
2075,cri,0.33499888934744376,4.672994824918617,Mangroves,Non-use,-0.7548917168920508,58254.31043839174
2080,cri,0.34229819284174623,4.560490202914771,Mangroves,Non-use,-0.8867952520705951,60852.018797626675
2085,cri,0.3493178147662043,4.457152773701241,Mangroves,Non-use,-0.9917551696690117,63393.50139880973
2090,cri,0.3560336669157753,4.362469138673943,Mangroves,Non-use,-1.1285459573192995,65862.39647917866
2095,cri,0.3624223042591582,4.275975026191238,Mangroves,Non-use,-1.258633618751157,68242.28658846051
2100,cri,0.3684610591516766,4.197251478803027,Mangroves,Non-use,-1.395946188572695,70516.87710486464
2030,dji,0.02531570213182291,1.476122999999999,Mangroves,Non-use,-0.007897225273898998,12780.75763976315
2035,dji,0.028659421400017,1.47797,Mangroves,Non-use,-0.021882773968806217,14449.322786390547
2040,dji,0.0320790667500653,1.474683999999999,Mangroves,Non-use,-0.03906045692447108,16207.833628088636
2045,dji,0.035533554891101486,1.465015,Mangroves,Non-use,-0.06012410027445219,18069.881929464027
2050,dji,0.038998220990272725,1.449606999999999,Mangroves,Non-use,-0.08698972251315078,20040.555601037388
2055,dji,0.042518234380032424,1.428774,Mangroves,Non-use,-0.11359132045680569,22165.800943154132
2060,dji,0.04610146997689381,1.403997,Mangroves,Non-use,-0.15009644968987962,24455.51660916826
2065,dji,0.04972430303131712,1.376307,Mangroves,Non-use,-0.18222700723524088,26905.31812576714
2070,dji,0.053436455947141526,1.3505203040252223,Mangroves,Non-use,-0.22989736545265146,29463.05443423887
2075,dji,0.05721577628361261,1.3265485174070084,Mangroves,Non-use,-0.26790872625505985,32113.702840701044
2080,dji,0.06103757903328317,1.3043103579380424,Mangroves,Non-use,-0.3220524214029925,34839.3921740527
2085,dji,0.06487483557186356,1.2837311949846717,Mangroves,Non-use,-0.36819655806375806,37619.486976791944
2090,dji,0.068698423499122,1.2647426304850011,Mangroves,Non-use,-0.42770908038345756,40430.74861719144
2095,dji,0.07247743626584925,1.2472821185275749,Mangroves,Non-use,-0.4863671247317927,43247.57570297637
2100,dji,0.07617954975069037,1.2312926205369676,Mangroves,Non-use,-0.5492919065248849,46042.32363301129
2030,dom,0.6809607530963461,13.605327,Mangroves,Non-use,-0.045032292386950605,39168.644074088086
2035,dom,0.7479386301139422,13.592163,Mangroves,Non-use,-0.1279283931246681,43015.02667173566
2040,dom,0.8153821573044928,13.539076,Mangroves,Non-use,-0.2344524536475206,47025.325781606494
2045,dom,0.882151926967396,13.448394,Mangroves,Non-use,-0.3700312693054303,51162.16210604921
2050,dom,0.9480605627488098,13.33164,Mangroves,Non-use,-0.5476243714303277,55404.39053894581
2055,dom,1.0137698619835827,13.1934,Mangroves,Non-use,-0.7302921937174617,59798.396167443
2060,dom,1.0797662058455184,13.039716,Mangroves,Non-use,-0.9829496317986222,64369.94786806661
2065,dom,1.1465838162796156,12.870055,Mangroves,Non-use,-1.2179562340475416,69176.89907559521
2070,dom,1.2139885848618184,12.710974151821462,Mangroves,Non-use,-1.5645481593472113,74077.28141296539
2075,dom,1.281599734670028,12.562128814467876,Mangroves,Non-use,-1.857712809324746,79040.82625316267
2080,dom,1.3490110100359611,12.42319880738239,Mangroves,Non-use,-2.2704227899495373,84034.35178225745
2085,dom,1.415794127827137,12.293887259010674,Mangroves,Non-use,-2.6392635168606846,89022.05564155383
2090,dom,1.4815027830729903,12.173919546164148,Mangroves,Non-use,-3.1117107509171866,93965.87790872049
2095,dom,1.5456771688764623,12.063042318862172,Mangroves,Non-use,-3.588902138952246,98825.93114700189
2100,dom,1.607848956934873,11.961022605790253,Mangroves,Non-use,-4.106429321477666,103560.9922515327
2030,ecu,0.5029045386766711,22.148377,Mangroves,Non-use,-0.0806355492652693,16734.712432516106
2035,ecu,0.5704417424566508,22.127966,Mangroves,Non-use,-0.2591549009112655,19002.181120772424
2040,ecu,0.6411964504159533,22.007437,Mangroves,Non-use,-0.5281332038295347,21479.013453889704
2045,ecu,0.7135974906578656,21.799422,Mangroves,Non-use,-0.9158594051073704,24135.70851230113
2050,ecu,0.7870971518596169,21.515577,Mangroves,Non-use,-1.4834413807139817,26976.52972318404
2055,ecu,0.8614339718277071,21.174346,Mangroves,Non-use,-2.1135127853822726,30004.17844557357
2060,ecu,0.9365064040833166,20.79176,Mangroves,Non-use,-3.0545394792648866,33223.7196352561
2065,ecu,1.0123144486264453,20.392899,Mangroves,Non-use,-3.9523881555823155,36620.49573865117
2070,ecu,1.0901617538393031,20.021250063900457,Mangroves,Non-use,-5.378364723614217,40174.13108647005
2075,ecu,1.1695832371207153,19.675578209302113,Mangroves,Non-use,-6.600949886697266,43864.11310787882
2080,ecu,1.2500570545847094,19.354746895352772,Mangroves,Non-use,-8.438409702402042,47665.81610887961
2085,ecu,1.3310084547777865,19.057711773691988,Mangroves,Non-use,-10.099571086833821,51550.59931831889
2090,ecu,1.411815015032311,18.783515001421392,Mangroves,Non-use,-12.343318406677293,55486.01641970744
2095,ecu,1.4918132452160024,18.531280072589617,Mangroves,Non-use,-14.666664473342236,59436.140869654126
2100,ecu,1.5703065036632204,18.300207128996984,Mangroves,Non-use,-17.268674277408852,63362.00760163932
2030,egy,8.708304773816822,183.488565,Mangroves,Non-use,-0.0030880995874201446,41111.48566788448
2035,egy,10.221131794229986,188.169675,Mangroves,Non-use,-0.009088352024913714,46909.155510689074
2040,egy,11.824761942557195,192.031397,Mangroves,Non-use,-0.017139795253033635,53014.423644752234
2045,egy,13.504787342413586,195.18917,Mangroves,Non-use,-0.02769954705668244,59383.722427524895
2050,egy,15.253836522160366,197.617954,Mangroves,Non-use,-0.04188342829522169,66045.83600783128
2055,egy,17.078024452588792,199.49619,Mangroves,Non-use,-0.056829340619006186,73021.2027363778
2060,egy,18.974000464772146,200.615357,Mangroves,Non-use,-0.07780548579738235,80424.74696775684
2065,egy,20.92367094650616,200.998176,Mangroves,Non-use,-0.09764040215638771,88244.07097285887
2070,egy,22.966179088380404,201.36254802911262,Mangroves,Non-use,-0.12714232348245902,96380.76646934982
2075,egy,25.090076648990742,201.7083683560508,Mangroves,Non-use,-0.1526997435126095,104783.93082685566
2080,egy,27.28148455108985,202.03553735979685,Mangroves,Non-use,-0.18889457499554405,113393.67720091663
2085,egy,29.52412832991326,202.34396057737354,Mangroves,Non-use,-0.22189796046071308,122141.46209957924
2090,egy,31.799438758411117,202.6335487492462,Mangroves,Non-use,-0.2644432809887118,130950.66265336706
2095,egy,34.08672124470934,202.90421786232432,Mangroves,Non-use,-0.3080213072811416,139737.4105952317
2100,egy,36.36339549322331,203.1558891905347,Mangroves,Non-use,-0.35576685065456465,148411.68160378007
2030,gab,0.11413420984926691,4.005381,Mangroves,Non-use,-0.023299735198101395,19648.46478758418
2035,gab,0.1289596552220132,4.083545,Mangroves,Non-use,-0.03265478511515936,21810.81592463127
2040,gab,0.14461081686267827,4.142689000000001,Mangroves,Non-use,-0.0076919235124073984,24147.46224938342
2030,gha,0.5213913255841751,61.211171,Mangroves,Non-use,-0.0030545581155590985,6794.988985084754
2035,gha,0.6244603154705874,63.461477,Mangroves,Non-use,-0.009684188294239114,7837.924502813354
2040,gha,0.7403280716430616,65.404849,Mangroves,Non-use,-0.019817074836597892,9002.652136995177
2045,gha,0.8686234841880695,66.98786099999991,Mangroves,Non-use,-0.034955913905081445,10297.70562829103
2050,gha,1.0094461191799726,68.242553,Mangroves,Non-use,-0.05781613734619461,11729.533306477404
2055,gha,1.162605895931354,69.208485,Mangroves,Non-use,-0.08607669291497967,13300.6508407321
2060,gha,1.3272881829247138,69.897463,Mangroves,Non-use,-0.12864129073437502,15012.374985454368
2065,gha,1.5030856644013006,70.336118,Mangroves,Non-use,-0.1763532109354243,16869.251561437886
2070,gha,1.692213198091762,70.75545547079238,Mangroves,Non-use,-0.24902860682949107,18850.78855805958
2075,gha,1.8939313629603791,71.15509101818823,Mangroves,Non-use,-0.3243695216775823,20947.661055428503
2080,gha,2.107152660930236,71.53465638214135,Mangroves,Non-use,-0.4321466282781527,23147.212371378762
2085,gha,2.3304242220840266,71.89380000021868,Mangroves,Non-use,-0.5459334992317108,25433.354712601576
2090,gha,2.5619203174412126,72.2321875484094,Mangroves,Non-use,-0.6954270888343984,27786.564954122157
2095,gha,2.7994462758131218,72.54950245811268,Mangroves,Non-use,-0.8628651957217511,30183.987671570227
2100,gha,3.040455084033007,72.84544640818847,Mangroves,Non-use,-1.0568573398512822,32599.65436865431
2030,gnb,0.023411733333641358,3.568298,Mangroves,Non-use,-0.035465768101714076,5287.891352007293
2035,gnb,0.02867706782861486,3.63739400000001,Mangroves,Non-use,-0.11038376836002768,6343.331702872438
2040,gnb,0.03475934925398128,3.680417,Mangroves,Non-use,-0.22255565730944693,7585.938788222896
2045,gnb,0.04165948377954395,3.701766,Mangroves,Non-use,-0.3869327692168992,9024.020846226233
2050,gnb,0.04936164828642922,3.705672,Mangroves,Non-use,-0.629990340226601,10662.941506805062
2055,gnb,0.05787692592838559,3.693006999999999,Mangroves,Non-use,-0.922555654485488,12523.842302594847
2060,gnb,0.06722713448606263,3.666020999999999,Mangroves,Non-use,-1.358727921707891,14629.13213505039
2065,gnb,0.07746775943357237,3.626279,Mangroves,Non-use,-1.8377906578915615,17013.12379771939
2070,gnb,0.08867829759127432,3.588933387136054,Mangroves,Non-use,-2.5649281715981505,19644.018005754864
2075,gnb,0.1008357259005792,3.553917698026689,Mangroves,Non-use,-3.2994908666211176,22518.437146486227
2080,gnb,0.11389187844120296,3.5211699784741475,Mangroves,Non-use,-4.348284046839339,25626.45126025016
2085,gnb,0.1277710838614552,3.49063260025738,Mangroves,Non-use,-5.432382897756844,28950.85347250986
2090,gnb,0.1423684903882042,3.462252091635207,Mangroves,Non-use,-6.852156426939263,32466.61856652547
2095,gnb,0.15754925969940692,3.435978980859782,Mangroves,Non-use,-8.421885647902188,36140.60051380186
2100,gnb,0.17314879223322402,3.411767652057448,Mangroves,Non-use,-10.225714377500603,39931.51990007666
2030,gnq,0.06447495372236213,3.39421,Mangroves,Non-use,-0.0036912615779132046,15861.325809764117
2035,gnq,0.07623356346841766,3.514952,Mangroves,Non-use,-0.01016590218617371,18066.769271714285
2040,gnq,0.0890790164688773,3.606967999999999,Mangroves,Non-use,-0.018103064762420913,20523.473033824914
2045,gnq,0.10296995932642117,3.667773,Mangroves,Non-use,-0.027901389411842642,23274.877363306416
2050,gnq,0.11778034619535627,3.705597,Mangroves,Non-use,-0.0405120308880822,26287.727184177154
2055,gnq,0.13327362528308045,3.719835,Mangroves,Non-use,-0.05275887145878501,29560.755004317314
2060,gnq,0.14915453851269636,3.70978,Mangroves,Non-use,-0.06962214262741633,33093.09451941771
2065,gnq,0.16530135667706203,3.674441,Mangroves,Non-use,-0.08393193954247033,36939.05260594824
2070,gnq,0.1823014186694247,3.641188754051709,Mangroves,Non-use,-0.10570986446525012,41010.633879524474
2075,gnq,0.20006305769792454,3.609971708177967,Mangroves,Non-use,-0.12223386853953716,45285.50279368678
2080,gnq,0.21847231677463272,3.5807417075671477,Mangroves,Non-use,-0.14648198736884438,49735.14761240785
2085,gnq,0.23739300297343666,3.553453872449439,Mangroves,Non-use,-0.16633729700213373,54324.851936868676
2090,gnq,0.2566673493530065,3.5280664829549493,Mangroves,Non-use,-0.19252289662810787,59013.84679493544
2095,gnq,0.27611732883094203,3.504540872539021,Mangroves,Non-use,-0.21795337201318826,63755.65829071933
2100,gnq,0.2955466443873349,3.4828413295926666,Mangroves,Non-use,-0.2452278443656997,68498.65939578613
2030,gtm,0.5999840871940109,25.76571,Mangroves,Non-use,-0.013729745958967652,19640.579217614246
2035,gtm,0.6861358167575498,26.011545,Mangroves,Non-use,-0.03934840459052856,22191.403154025087
2040,gtm,0.7753228955767705,26.122207,Mangroves,Non-use,-0.07270176625431966,24905.47549406592
2045,gtm,0.8654807281590275,26.089229,Mangroves,Non-use,-0.1155536714062243,27764.93343410272
2050,gtm,0.9556139431479702,25.938863,Mangroves,Non-use,-0.17170295625695065,30754.417254617645
2055,gtm,1.0461574513588212,25.695909,Mangroves,Non-use,-0.2310671675488494,33898.586378739325
2060,gtm,1.136988164825009,25.380174,Mangroves,Non-use,-0.3117753811229346,37203.13139033595
2065,gtm,1.2284343181240602,25.020612,Mangroves,Non-use,-0.38955244552352203,40666.69102939381
2070,gtm,1.3222952892633362,24.68386733357861,Mangroves,Non-use,-0.5001960803601728,44255.14646007113
2075,gtm,1.4180103893167118,24.369139679009475,Mangroves,Non-use,-0.5996630846985179,47945.569477132165
2080,gtm,1.51495146534093,24.075686840148936,Mangroves,Non-use,-0.7341900024027758,51711.48788129743
2085,gtm,1.612427578620621,23.802821820023617,Mangroves,Non-use,-0.8605739404502933,55523.07288406041
2090,gtm,1.7096913216171363,23.54991013137883,Mangroves,Non-use,-1.017561187808614,59347.42339998333
2095,gtm,1.805946753000896,23.316367329400357,Mangroves,Non-use,-1.1789623021174005,63148.947647870125
2100,gtm,1.9003588829395306,23.101656753133188,Mangroves,Non-use,-1.3536956122840318,66889.83926974001
2030,guy,0.07691404567044105,0.748008999999999,Mangroves,Non-use,-0.015361251679599019,92058.38181664833
2035,guy,0.06926464488083894,0.7317449999999991,Mangroves,Non-use,-0.030709125048131242,84436.15711673863
2040,guy,0.06313909400388093,0.7161130000000001,Mangroves,Non-use,-0.040971205091674394,78360.94752840562
2045,guy,0.05819602570639565,0.700866,Mangroves,Non-use,-0.04866623578547396,73526.11773100393
2050,guy,0.05420843937596969,0.686095999999999,Mangroves,Non-use,-0.0559888449672719,69704.33912324978
2055,guy,0.05100305210236376,0.6720889999999999,Mangroves,Non-use,-0.05946853956744878,66701.51747320396
2060,guy,0.048456833019308,0.659242,Mangroves,Non-use,-0.06542855514117431,64366.37214304077
2065,guy,0.04647551622363228,0.647983,Mangroves,Non-use,-0.06733155086843975,62572.855530102235
2070,guy,0.044670227281149215,0.63746962468843,Mangroves,Non-use,-0.07274248231538114,60905.207911256235
2075,guy,0.043026387197973026,0.6276711842766688,Mangroves,Non-use,-0.07299877149131327,59355.73876971896
2080,guy,0.04153100329531825,0.6185593446423534,Mangroves,Non-use,-0.07632338627669186,57917.41266018833
2085,guy,0.04017249809812568,0.6101079903156227,Mangroves,Non-use,-0.07639420314745951,56583.795286877576
2090,guy,0.03894055968645184,0.602293099278306,Mangroves,Non-use,-0.0784236984216343,55349.00487991689
2095,guy,0.03782601079638452,0.5950926287328278,Mangroves,Non-use,-0.07942220737248203,54207.66834933097
2100,guy,0.03682069433650822,0.5884864110775708,Mangroves,Non-use,-0.08055562847022171,53154.88175303843
2030,hnd,0.24345384846465332,14.606827,Mangroves,Non-use,-0.06486774345021021,13390.658731043039
2035,hnd,0.29404346778782375,14.714894,Mangroves,Non-use,-0.205358184740389,16028.224834507546
2040,hnd,0.3504108437769002,14.74258,Mangroves,Non-use,-0.4174450139023875,19033.72338232127
2045,hnd,0.4111048287970214,14.698715,Mangroves,Non-use,-0.7249154483150473,22360.444487579363
2050,hnd,0.4752858050682112,14.59986,Mangroves,Non-use,-1.1711680078787914,25983.623797574586
2055,hnd,0.5426042260798828,14.454841,Mangroves,Non-use,-1.6874448992741635,29912.216064136057
2060,hnd,0.6127790423144325,14.275117,Mangroves,Non-use,-2.4379905078877084,34149.70478355844
2065,hnd,0.6857071552051015,14.071302,Mangroves,Non-use,-3.207638096031936,38703.4724865052
2070,hnd,0.7632342230435663,13.880442247587917,Mangroves,Non-use,-4.373405283490253,43599.518033244734
2075,hnd,0.8449849112409343,13.702080269677477,Mangroves,Non-use,-5.4802941299403525,48816.88168169256
2080,hnd,0.9304638165742042,13.53579189063024,Mangroves,Non-use,-7.063127815837937,54325.364063276254
2085,hnd,1.0190529693618249,13.38118454560105,Mangroves,Non-use,-8.617797088546462,60085.13792043285
2090,hnd,1.1100126850904715,13.237895730796852,Mangroves,Non-use,-10.648315171546498,66046.63361657332
2095,hnd,1.2024861337120551,13.105591582056029,Mangroves,Non-use,-12.827006180144416,72150.73819906366
2100,hnd,1.2955078837958018,12.98396557391943,Mangroves,Non-use,-15.287095285695944,78329.3381233588
2030,hti,0.17864609318157984,15.393235,Mangroves,Non-use,-0.005094215951710513,9727.885037965398
2035,hti,0.22543756035703105,15.388419,Mangroves,Non-use,-0.016665603190775567,12249.604463047994
2040,hti,0.2806911188934612,15.332519,Mangroves,Non-use,-0.03498670689573042,15269.939668463036
2045,hti,0.3446462454519842,15.230642,Mangroves,Non-use,-0.0628798757007899,18828.132241822186
2050,hti,0.417609714879502,15.084507,Mangroves,Non-use,-0.10540288818884516,22978.330087587092
2055,hti,0.5000106623607121,14.898046,Mangroves,Non-use,-0.15823037069973997,27787.74995984604
2060,hti,0.5918324818497708,14.677027,Mangroves,Non-use,-0.23798879038950158,33303.19478851148
2065,hti,0.692714210350181,14.434373,Mangroves,Non-use,-0.3263565761577192,39536.70287570067
2070,hti,0.8048880071390647,14.207662888432793,Mangroves,Non-use,-0.46184505528897635,46555.765671919864
2075,hti,0.9283666033798258,13.996258248550562,Mangroves,Non-use,-0.6014937019317951,54372.824957828074
2080,hti,1.062875853763564,13.799569175096707,Mangroves,Non-use,-0.8025496032817898,62979.94823656161
2085,hti,1.2078151825058958,13.61705152169925,Mangroves,Non-use,-1.0138785917733177,72345.3967796112
2090,hti,1.3622251976584132,13.448204382904736,Mangroves,Non-use,-1.2929179345865776,82410.69349717973
2095,hti,1.5247653517269322,13.292567794484576,Mangroves,Non-use,-1.6052633384967059,93088.44734103602
2100,hti,1.693704417800728,13.149720637179364,Mangroves,Non-use,-1.967722551054467,104261.18723540947
2030,idn,11.325349788983965,308.65983,Mangroves,Non-use,-14.882417513273671,25447.54225154237
2035,idn,12.270365992471831,305.830237,Mangroves,Non-use,-40.30799167382799,27867.16800641165
2040,idn,13.191854821599005,302.177569,Mangroves,Non-use,-70.5838867217993,30366.85687892077
2045,idn,14.069183142501538,297.658723,Mangroves,Non-use,-106.60486402847536,32926.53194083571
2050,idn,14.898056275732653,292.39994,Mangroves,Non-use,-150.961534830062,35545.663986176005
2055,idn,15.66960477460874,286.517043,Mangroves,Non-use,-193.95117629408503,38210.2186787723
2060,idn,16.377479982556277,280.119902,Mangroves,Non-use,-249.70427110262833,40908.33075005122
2065,idn,17.018227483498507,273.354291,Mangroves,Non-use,-298.0620344120622,43624.73984851992
2070,idn,17.650752597559134,267.0821969944035,Mangroves,Non-use,-365.90244611858265,46376.45556267505
2075,idn,18.272258962751664,261.2765515786752,Mangroves,Non-use,-420.9455462799917,49147.90273474576
2080,idn,18.879905477203767,255.91263000807453,Mangroves,Non-use,-495.0169007582279,51922.34202518867
2085,idn,19.470826779647304,250.9678751591411,Mangroves,Non-use,-559.1133223014879,54682.015084796556
2090,idn,20.042154768459962,246.42173883135712,Mangroves,Non-use,-637.8994307987276,57408.314855449535
2095,idn,20.591040947319364,242.25553882028615,Mangroves,Non-use,-714.9282247945239,60081.979176753215
2100,idn,21.114679365919184,238.4523303646986,Mangroves,Non-use,-795.7220361884241,62683.305246304844
2030,ind,46.903417143230975,1612.14253,Mangroves,Non-use,-2580.7255000384303,20338.699540013386
2035,ind,52.4386431461675,1594.675807,Mangroves,Non-use,-7166.057518227848,23017.83885738315
2040,ind,57.943021336136574,1570.023735,Mangroves,Non-use,-12829.479102376088,25866.821603251035
2045,ind,63.251393068489655,1539.493031,Mangroves,Non-use,-19757.40320269451,28833.83655426519
2050,ind,68.32080799596818,1504.980714,Mangroves,Non-use,-28516.569628168974,31900.193216974287
2055,ind,73.14362241270418,1468.261304,Mangroves,Non-use,-36973.12586423403,35051.35661063287
2060,ind,77.7274800245657,1430.166586,Mangroves,Non-use,-48302.5061946937,38289.47604100333
2065,ind,82.11360224534106,1391.607973,Mangroves,Non-use,-57859.607735516714,41624.4666324301
2070,ind,86.5155496718658,1355.9648877023194,Mangroves,Non-use,-72038.47677807511,45066.57119048091
2075,ind,90.9093753467055,1323.0626277331075,Mangroves,Non-use,-82935.63035874722,48595.34254178832
2080,ind,95.26984974372859,1292.7422851335948,Mangroves,Non-use,-98522.55803373926,52187.53379060519
2085,ind,99.57067313127523,1264.859463666976,Mangroves,Non-use,-111413.09232149842,55817.26801435375
2090,ind,103.78471501666077,1239.2831285202449,Mangroves,Non-use,-128066.71988493357,59456.27750035854
2095,ind,107.88427814667966,1215.8945755275595,Mangroves,Non-use,-144209.90318635202,63074.21184905147
2100,ind,111.84138391128495,1194.5865085166383,Mangroves,Non-use,-161378.2295749861,66639.01216883698
2030,irn,3.2762433094383496,103.294673,Mangroves,Non-use,-0.013129889817352797,19346.385362943787
2035,irn,3.4950536384144386,102.219966,Mangroves,Non-use,-0.03468853550712859,20951.311373483364
2040,irn,3.6996004530926463,100.633024,Mangroves,Non-use,-0.059407961780624505,22630.273062361535
2045,irn,3.8937904670276526,98.684343,Mangroves,Non-use,-0.08818034605990115,24399.06616386523
2050,irn,4.086147418884218,96.60197900000001,Mangroves,Non-use,-0.12358914966014663,26274.9168321933
2055,irn,4.286615670437891,94.618495,Mangroves,Non-use,-0.15684211405777324,28268.806257857366
2060,irn,4.499732050332817,92.80778900000011,Mangroves,Non-use,-0.2016592161977742,30389.113667571866
2065,irn,4.720936816648872,91.05531500000001,Mangroves,Non-use,-0.23914528440189156,32642.00703763372
2070,irn,4.941411953380693,89.42190179052947,Mangroves,Non-use,-0.2946452478223915,34945.45309711926
2075,irn,5.160037746599709,87.90221681962021,Mangroves,Non-use,-0.33624936662738686,37287.011912804905
2080,irn,5.3756530746855375,86.49135035569721,Mangroves,Non-use,-0.39582565064720804,39652.96261931026
2085,irn,5.587064788784208,85.18478896160336,Mangroves,Non-use,-0.44412334359643657,42028.40510015285
2090,irn,5.793057948016478,83.97839134029994,Mangroves,Non-use,-0.5065086747355805,44397.38917998802
2095,irn,5.992406800507839,82.86836637062852,Mangroves,Non-use,-0.5662986803632822,46743.07049710534
2100,irn,6.183886383124621,81.85125316942344,Mangroves,Non-use,-0.62948390408288,49047.8915213389
2030,jam,0.05788581854636032,2.605489999999999,Mangroves,Non-use,-0.008584419707756231,18025.021098564277
2035,jam,0.06594778277333256,2.536261,Mangroves,Non-use,-0.024455663953569885,21057.453921354332
2040,jam,0.07458609660279987,2.461506,Mangroves,Non-use,-0.045079851861513004,24494.113323678128
2045,jam,0.08358059265886192,2.383114999999999,Mangroves,Non-use,-0.07163741653086042,28298.855340882994
2050,jam,0.09289905689793318,2.304611,Mangroves,Non-use,-0.10684498584409455,32465.66594570674
2055,jam,0.10255717748308373,2.229835,Mangroves,Non-use,-0.14312338633476135,36974.705439083395
2060,jam,0.11262044868732435,2.161781,Mangroves,Non-use,-0.19304889836640524,41803.84462207316
2065,jam,0.1231505569770954,2.101298,Mangroves,Non-use,-0.23822958478770498,46941.52532065195
2070,jam,0.1340895052784741,2.045446752076505,Mangroves,Non-use,-0.3052921878131008,52409.66541041441
2075,jam,0.14537324037991994,1.9939414051818571,Mangroves,Non-use,-0.3610442440748009,58179.72695796663
2080,jam,0.15692688436070973,1.9465223445516766,Mangroves,Non-use,-0.44014429818142836,64214.17177578418
2085,jam,0.1686651227012973,1.9029540049407654,Mangroves,Non-use,-0.5098675299224835,70466.34532021912
2090,jam,0.18049287264005295,1.8630229132572764,Mangroves,Non-use,-0.5996802889345783,76880.62981086985
2095,jam,0.19230623923208173,1.826535937747834,Mangroves,Non-use,-0.6898745838673442,83392.89138070917
2100,jam,0.20399375784779505,1.7933187235481434,Mangroves,Non-use,-0.7875882940987785,89931.23611494058
2030,jpn,6.058731276223251,96.43999099999999,Mangroves,Non-use,-2.3991399103566024e-4,45736.56607963174
2035,jpn,6.171230301258511,92.954799,Mangroves,Non-use,-6.139023274922043e-4,48351.83160182412
2040,jpn,6.2610099285952066,89.435694,Mangroves,Non-use,-0.0010185975446140826,51005.898338531086
2045,jpn,6.341642675743228,86.1483079999999,Mangroves,Non-use,-0.0014630517228746908,53655.68373520269
2050,jpn,6.42040888501341,83.172694,Mangroves,Non-use,-0.0019812025814714843,56288.07475793442
2055,jpn,6.492418396083278,80.41215700000001,Mangroves,Non-use,-0.0024211606584491328,58896.97001182733
2060,jpn,6.547215218487841,77.734792,Mangroves,Non-use,-0.002994306106141848,61464.30297437435
2065,jpn,6.573245398304557,75.0409,Mangroves,Non-use,-0.003400693318122837,63949.499031994426
2070,jpn,6.59807238447929,72.57039134830566,Mangroves,Non-use,-0.004027390870108531,66402.80511396335
2075,jpn,6.621681522775838,70.30696319092327,Mangroves,Non-use,-0.004417918765742175,68813.26689814594
2080,jpn,6.644058826977501,68.23595410104657,Mangroves,Non-use,-0.005016522699402122,71169.80402201499
2085,jpn,6.665190992664151,66.34418557747297,Mangroves,Non-use,-0.005433576304152036,73461.29398156884
2090,jpn,6.685065410366416,64.61982188353973,Mangroves,Non-use,-0.0060001772404597855,75676.65906397827
2095,jpn,6.703670178078783,63.052246133810506,Mangroves,Non-use,-0.006506802727186832,77804.95537033888
2100,jpn,6.7209941131143225,61.63195080533986,Mangroves,Non-use,-0.007031091003025072,79835.46293002149
2030,khm,0.51955948374494,20.742696,Mangroves,Non-use,-0.07795098801255025,21103.618036550208
2035,khm,0.6186592208512953,20.651101,Mangroves,Non-use,-0.24157022309117754,25176.07880523237
2040,khm,0.7226008614181171,20.447703,Mangroves,Non-use,-0.4770376289867695,29622.649044990805
2045,khm,0.829876897738261,20.158903,Mangroves,Non-use,-0.8035686619022949,34419.45741508497
2050,khm,0.9402540927702446,19.817535,Mangroves,Non-use,-1.2612934326666008,39567.37819436727
2055,khm,1.053126192740736,19.436076,Mangroves,Non-use,-1.7664472585210844,45070.77891235153
2060,khm,1.1672010481864696,19.002906,Mangroves,Non-use,-2.4872599765788825,50959.781966107505
2065,khm,1.2811540027394421,18.518886,Mangroves,Non-use,-3.1923967178659756,57248.506832849285
2070,khm,1.3999781932013518,18.07077897670398,Mangroves,Non-use,-4.254318970340817,63943.28373164268
2075,khm,1.5229891230712385,17.656528830106726,Mangroves,Non-use,-5.210457801287692,71008.76073850815
2080,khm,1.6493741567432951,17.274261185268823,Mangroves,Non-use,-6.575547942218788,78398.3885714844
2085,khm,1.7781958767828674,16.92226921524513,Mangroves,Non-use,-7.85905865867563,86054.27312362813
2090,khm,1.9083988145596262,16.599000892012242,Mangroves,Non-use,-9.52791438740595,93907.366488018
2095,khm,2.0388196864442465,16.303047531603774,Mangroves,Non-use,-11.27180799348567,101878.02810672396
2100,khm,2.1682011608961798,16.033133514607613,Mangroves,Non-use,-13.209215800713789,109876.97505607666
2030,lka,0.5473987799616254,22.64833,Mangroves,Non-use,-0.009444398057506815,17367.83386097464
2035,lka,0.6070326264670685,22.400952,Mangroves,Non-use,-0.026723968001699,19485.92346087848
2040,lka,0.6693851461547466,22.112799,Mangroves,Non-use,-0.04889353996485559,21782.3635224627
2045,lka,0.7341987429567363,21.787123,Mangroves,Non-use,-0.07729708437335778,24265.174123302106
2050,lka,0.8013735181209346,21.436009,Mangroves,Non-use,-0.11500149027925667,26937.514770700163
2055,lka,0.8699326045642763,21.058246,Mangroves,Non-use,-0.15396731906666095,29786.981051526003
2060,lka,0.9391410328962885,20.657308,Mangroves,Non-use,-0.20804120315420244,32803.227096113435
2065,lka,1.008620614984009,20.234737,Mangroves,Non-use,-0.2575994587952061,35990.34064013994
2070,lka,1.0795094480148972,19.84150655601448,Mangroves,Non-use,-0.33129924839139036,39310.039782271844
2075,lka,1.1513873411241569,19.476212068456206,Mangroves,Non-use,-0.3929288688054713,42742.944233477065
2080,lka,1.223792040959637,19.137563390299174,Mangroves,Non-use,-0.4804686916425638,46266.22412741239
2085,lka,1.2962229595030874,18.82437720749541,Mangroves,Non-use,-0.5579818722378406,49853.71926590852
2090,lka,1.368145886702613,18.535570121610288,Mangroves,Non-use,-0.657950445008366,53476.149173504666
2095,lka,1.4389986561796129,18.27015237786065,Mangroves,Non-use,-0.7586347399733551,57101.41612192868
2100,lka,1.5081977052469053,18.027222187523062,Mangroves,Non-use,-0.8679297033053114,60695.00036181656
2030,mdg,0.3628145794989585,57.503786,Mangroves,Non-use,-0.05976359662993156,5265.737985662547
2035,mdg,0.46273530906752663,59.75377,Mangroves,Non-use,-0.18868550288257457,6447.760537945868
2040,mdg,0.5839023827599406,61.632299,Mangroves,Non-use,-0.3855682853987357,7869.400026031185
2045,mdg,0.7267274260249619,63.165612,Mangroves,Non-use,-0.6775334073488811,9533.805755581054
2050,mdg,0.8922826422695174,64.395723,Mangroves,Non-use,-1.113579440714017,11454.710654503984
2055,mdg,1.0822244194893877,65.329568,Mangroves,Non-use,-1.64059070642333,13661.771253655501
2060,mdg,1.2986243661112,65.986185,Mangroves,Non-use,-2.432666809890868,16191.544027489168
2065,mdg,1.5434156837512978,66.36189999999999,Mangroves,Non-use,-3.3010768254536313,19088.754923740602
2070,mdg,1.819803552571361,66.72086154923298,Mangroves,Non-use,-4.633488316718526,22332.102763410785
2075,mdg,2.1285340130452073,67.06276986909224,Mangroves,Non-use,-5.976600888980125,25924.869745015843
2080,mdg,2.469579245522319,67.38733803884111,Mangroves,Non-use,-7.9143293588890415,29861.41071392606
2085,mdg,2.8419927460256873,67.69429239556001,Mangroves,Non-use,-9.915825037775328,34125.7490967181
2090,mdg,3.2437804957272376,67.98337291749878,Mangroves,Non-use,-12.560145162464064,38690.38858618282
2095,mdg,3.671798424301536,68.25433359008484,Mangroves,Non-use,-15.49302108078561,43515.444399875254
2100,mdg,4.121686674208144,68.50694275386843,Mangroves,Non-use,-18.880967814024608,48548.19641747699
2030,mex,4.915473631804545,152.576934,Mangroves,Non-use,-5.408419146592732,25277.886570666735
2035,mex,5.359999015634803,152.594193,Mangroves,Non-use,-14.824430255130562,27528.679612086496
2040,mex,5.7959714555643735,152.1555,Mangroves,Non-use,-26.202536293553326,29818.862746355837
2045,mex,6.212247931502995,151.339146,Mangroves,Non-use,-39.834318590563136,32095.431545728312
2050,mex,6.604879288820989,150.231439,Mangroves,Non-use,-56.72949029835517,34335.423508571126
2055,mex,6.969788292197979,148.889292,Mangroves,Non-use,-72.5195284254813,36516.278606006446
2060,mex,7.303659074863805,147.409673,Mangroves,Non-use,-93.18900665116784,38604.35888920514
2065,mex,7.603367891084358,145.736824,Mangroves,Non-use,-109.58075973935371,40602.183188926036
2070,mex,7.899775013629342,144.16565224062032,Mangroves,Non-use,-134.0324924666626,42594.72854402923
2075,mex,8.191528636591123,142.69322084552076,Mangroves,Non-use,-151.7637609770199,44571.186755079405
2080,mex,8.477250125876546,141.3167943471832,Mangroves,Non-use,-177.45049605098558,46520.33742689874
2085,mex,8.755544232870237,140.03383019268355,Mangroves,Non-use,-197.72113467678534,48430.646215608554
2090,mex,9.025009897666058,138.84197089317206,Mangroves,Non-use,-224.1222171569798,50290.37200933429
2095,mex,9.284251533065238,137.73903678302943,Mangroves,Non-use,-249.11136673073668,52087.68177543555
2100,mex,9.531890669170243,136.72301935747527,Mangroves,Non-use,-275.41540150185585,53810.77160533445
2030,mmr,0.7679641359304782,54.863617,Mangroves,Non-use,-0.04083404326112249,10027.112849011077
2035,mmr,0.8793190817198404,53.775706,Mangroves,Non-use,-0.11948348063697119,11722.144158667583
2040,mmr,0.998014755136077,52.609245,Mangroves,Non-use,-0.22503755396806033,13609.70177835945
2045,mmr,1.122182281755759,51.400842,Mangroves,Non-use,-0.3641893493823412,15674.49937091012
2050,mmr,1.2515615459253977,50.160199,Mangroves,Non-use,-0.5527546464927205,17927.511427190482
2055,mmr,1.3861808210855897,48.914367,Mangroves,Non-use,-0.7513347268895594,20376.838036457382
2060,mmr,1.5260872296373302,47.642896,Mangroves,Non-use,-1.0321285998054386,23049.4519695203
2065,mmr,1.670639906927097,46.3556119999999,Mangroves,Non-use,-1.2945366677652994,25952.890746088557
2070,mmr,1.820972530981154,45.16573479866601,Mangroves,Non-use,-1.690025240133589,29055.28131742724
2075,mmr,1.9762086174650852,44.067417538961365,Mangroves,Non-use,-2.026248479358404,32342.328096565183
2080,mmr,2.1353189912637958,43.05534242725228,Mangroves,Non-use,-2.5090252915332836,35794.547927894055
2085,mmr,2.2971268203631676,42.124677701562604,Mangroves,Non-use,-2.9423002370598894,39387.13408997069
2090,mmr,2.4603166231029516,41.27103904559621,Mangroves,Non-use,-3.506563733659082,43089.96970942739
2095,mmr,2.623447369209907,40.49045501563416,Mangroves,Non-use,-4.081189882951475,46867.80751651733
2100,mmr,2.784969670706942,39.77933609705861,Mangroves,Non-use,-4.710964753788934,50680.62760268941
2030,moz,0.6518252226377326,68.95959299999991,Mangroves,Non-use,-0.21867006854979265,8059.907530111899
2035,moz,0.8264475420217703,71.901769,Mangroves,Non-use,-0.689190450966895,9773.836454274313
2040,moz,1.031933266071312,74.257716,Mangroves,Non-use,-1.4001065639859769,11783.974435297825
2045,moz,1.2681108701008978,76.06049400000009,Mangroves,Non-use,-2.443410049591508,14098.369786199231
2050,moz,1.5357573099877362,77.281198,Mangroves,Non-use,-3.9968486850927785,16757.345399590224
2055,moz,1.8342272453310857,78.06427000000001,Mangroves,Non-use,-5.846273754931613,19757.844829499372
2060,moz,2.163512184809884,78.492873,Mangroves,Non-use,-8.591564805116134,23112.48733035843
2065,moz,2.5220582166697114,78.606618,Mangroves,Non-use,-11.497036991818085,26828.040382476214
2070,moz,2.919125667203423,78.71483233783152,Mangroves,Non-use,-15.940918774023956,30921.538862751295
2075,moz,3.354518099306196,78.81749231746866,Mangroves,Non-use,-20.29163111808866,35386.76425733228
2080,moz,3.827053815762912,78.9145754158807,Mangroves,Non-use,-26.55921734772899,40207.3650874928
2085,moz,4.334441745071525,79.00606029125969,Mangroves,Non-use,-32.877805865860594,45355.760400226936
2090,moz,4.873182721064531,79.09192679083185,Mangroves,Non-use,-41.19879216927226,50792.32639146407
2095,moz,5.438505272794635,79.17215595824908,Mangroves,Non-use,-50.29013340723928,56464.95178168642
2100,moz,6.024344550255139,79.2467300405566,Mangroves,Non-use,-60.692246166896304,62309.04023174673
2030,mrt,0.1410547348511709,9.510854,Mangroves,Non-use,-2.9182716834033774e-6,10723.384927683299
2035,mrt,0.16885398996780132,9.909952000000011,Mangroves,Non-use,-8.29397512579604e-6,12326.567891669973
2040,mrt,0.20014514492127,10.24213,Mangroves,Non-use,-1.5295281146370187e-5,14144.763618032444
2045,mrt,0.234722273344788,10.500674,Mangroves,Non-use,-2.442231190914112e-5,16188.866336717265
2050,mrt,0.27240036326819345,10.705829,Mangroves,Non-use,-3.6657206955013156e-5,18437.62388877945
2055,mrt,0.3129911851218435,10.863391,Mangroves,Non-use,-4.952130951423114e-5,20889.22834157114
2060,mrt,0.35630168293687325,10.976731,Mangroves,Non-use,-6.745690003145336e-5,23547.16104704614
2065,mrt,0.4023849471047209,11.04715,Mangroves,Non-use,-8.434318626698713e-5,26437.662012963832
2070,mrt,0.4518263392380936,11.114477220923744,Mangroves,Non-use,-1.0940091955679662e-4,29522.41053386424
2075,mrt,0.5044207281832354,11.178649635668918,Mangroves,Non-use,-1.309969334982707e-4,32787.66583445486
2080,mrt,0.559875281345747,11.239606848648815,Mangroves,Non-use,-1.615328136446739e-4,36214.6733944466
2085,mrt,0.6178056964448534,11.29729119016543,Mangroves,Non-use,-1.8927397401960548e-4,39779.501316846974
2090,mrt,0.6777349035124356,11.351647807016128,Mangroves,Non-use,-2.2498249520080938e-4,43453.0147576752
2095,mrt,0.7390946069969334,11.40262474913538,Mangroves,Non-use,-2.614719712044499e-4,47201.00660064288
2100,mrt,0.8012299571026151,11.450173052080594,Mangroves,Non-use,-3.0138279390247007e-4,50984.49813968723
2030,mus,0.06642778089541258,1.140719,Mangroves,Non-use,-0.0023196601856829077,47080.81316596039
2035,mus,0.07040266218587526,1.110981,Mangroves,Non-use,-0.006164492516293478,51143.635941417306
2040,mus,0.07399331628572865,1.08003,Mangroves,Non-use,-0.010553676086501455,55195.12759501711
2045,mus,0.07719974319497272,1.04814,Mangroves,Non-use,-0.015579608494097162,59234.427743581735
2050,mus,0.0799975461871241,1.016077,Mangroves,Non-use,-0.021626620898137112,63206.231153028464
2055,mus,0.08243908896780566,0.9843390000000001,Mangroves,Non-use,-0.02691037996575202,67116.4836406839
2060,mus,0.08461430790154499,0.953585999999999,Mangroves,Non-use,-0.03393016219001754,70982.96442964551
2065,mus,0.0866466317230245,0.9243880000000001,Mangroves,Non-use,-0.039082101014711504,74850.67096423991
2070,mus,0.08862371239844923,0.8974992172548685,Mangroves,Non-use,-0.047118803250829656,78711.9944874344
2075,mus,0.09053947437405276,0.8727666142899906,Mangroves,Non-use,-0.052276756494296035,82544.90405768971
2080,mus,0.09238791708841515,0.8500517425705729,Mangroves,Non-use,-0.0602262543134958,86326.51700790951
2085,mus,0.09416314559879084,0.8292294479650945,Mangroves,Non-use,-0.06589685897662613,90033.31460965292
2090,mus,0.09585940130883462,0.8101867176122338,Mangroves,Non-use,-0.07364115457378807,93641.3766036805
2095,mus,0.09747109257875056,0.7928216532692287,Mangroves,Non-use,-0.0806727944695414,97126.63150805408
2100,mus,0.09899282499461516,0.7770425580319872,Mangroves,Non-use,-0.08802508839328192,100465.11917433438
2030,mys,2.3607441835185834,42.68212,Mangroves,Non-use,-0.5966388104273994,39653.91985182847
2035,mys,2.5000779594660663,42.816839,Mangroves,Non-use,-1.5254041344782916,41892.994481967326
2040,mys,2.629746754801508,42.725021,Mangroves,Non-use,-2.5308563839205727,44192.96495548652
2045,mys,2.749605231470589,42.421119,Mangroves,Non-use,-3.6424008614622365,46572.39042867392
2050,mys,2.8609160138201863,41.931209,Mangroves,Non-use,-4.955275547312207,49059.893644203294
2055,mys,2.966794786389707,41.311859,Mangroves,Non-use,-6.101646582552539,51676.13062654269
2060,mys,3.0698576341568464,40.612901,Mangroves,Non-use,-7.625619931891782,54431.40549169099
2065,mys,3.1704679022573963,39.857,Mangroves,Non-use,-8.781175188374572,57323.40163348678
2070,mys,3.2691801490391645,39.15225967994382,Mangroves,Non-use,-10.536486166971399,60216.13300614067
2075,mys,3.3656086540107797,38.49641613358163,Mangroves,Non-use,-11.704417942312885,63094.509244677814
2080,mys,3.4593662821981117,37.88738410373422,Mangroves,Non-use,-13.448575163088673,65942.79582452249
2085,mys,3.550066975347498,37.32324589491438,Mangroves,Non-use,-14.73159590929472,68744.7466623145
2090,mys,3.637328315952643,36.80224127198905,Mangroves,Non-use,-16.440222871211034,71483.74977185059
2095,mys,3.7207741412821798,36.32275827012675,Mangroves,Non-use,-18.005752701806173,74142.98431439676
2100,mys,3.8000371832633517,35.88332484860275,Mangroves,Non-use,-19.63683614387789,76705.58709834082
2030,nga,6.536748406812837,510.225273,Mangroves,Non-use,-0.39561834853791833,10490.225091649245
2035,nga,8.052130378359957,544.6212219999991,Mangroves,Non-use,-1.0792836850390892,12081.76517364796
2040,nga,9.830786710553612,577.4223020000001,Mangroves,Non-use,-1.9146118200651494,13884.692653057404
2045,nga,11.89345845649909,608.080367,Mangroves,Non-use,-2.940886332886841,15918.948248335117
2050,nga,14.26275761623324,635.681993,Mangroves,Non-use,-4.2328644814558976,18224.459751328126
2055,nga,16.959189012188165,660.151932,Mangroves,Non-use,-5.62857570821787,20824.489276585082
2060,nga,19.998343868793782,680.539640000001,Mangroves,Non-use,-7.432646623616335,23772.459193923245
2065,nga,23.384379845898103,696.729725,Mangroves,Non-use,-9.35990743812016,27096.523018454955
2070,nga,27.145758007058625,712.4762108274637,Mangroves,Non-use,-11.762339704401494,30697.315993299544
2075,nga,31.282343639181317,727.7310832290133,Mangroves,Non-use,-14.25035175726164,34563.05381658274
2080,nga,35.784449936060255,742.4469400164684,Mangroves,Non-use,-17.136644197624285,38674.59884291617
2085,nga,40.63154870381221,756.5772311681854,Mangroves,Non-use,-20.20150631616298,43004.938491693174
2090,nga,45.791221672954634,770.0764995741488,Mangroves,Non-use,-23.51325164541622,47518.86823557766
2095,nga,51.21844642347466,782.9006207219265,Mangroves,Non-use,-26.987516263715708,52172.92299612298
2100,nga,56.85530701665276,795.00703958891,Mangroves,Non-use,-30.553843774794682,56915.59487266578
2030,nic,0.17606847401625522,8.820995000000002,Mangroves,Non-use,-0.027594746456592753,15492.092597486724
2035,nic,0.2117798239633347,8.810926,Mangroves,Non-use,-0.08838051465288368,18637.987218220667
2040,nic,0.2515781020007057,8.764918,Mangroves,Non-use,-0.18153900733899642,22235.683935003217
2045,nic,0.2944417724039744,8.68591900000001,Mangroves,Non-use,-0.31829831420905225,26236.04131977767
2050,nic,0.34001435767977073,8.586637000000001,Mangroves,Non-use,-0.5190930651604553,30618.052704884074
2055,nic,0.3882251904835938,8.471738,Mangroves,Non-use,-0.7542701360645347,35399.97659597149
2060,nic,0.4391064637168273,8.351045000000001,Mangroves,Non-use,-1.0989650569036578,40579.693339839396
2065,nic,0.49271706683322186,8.230559,Mangroves,Non-use,-1.4554078343119017,46156.79148201137
2070,nic,0.5498652034156958,8.117748713971087,Mangroves,Non-use,-1.9984963389133366,52176.52659216584
2075,nic,0.6102850488547287,8.012340640562744,Mangroves,Non-use,-2.518593098090548,58615.794442183644
2080,nic,0.6736184074104605,7.914081243893701,Mangroves,Non-use,-3.2659321262977836,65439.6815957856
2085,nic,0.7394121810404817,7.822735933911367,Mangroves,Non-use,-4.00518778597677,72600.84535180301
2090,nic,0.8071184258569193,7.738088129798236,Mangroves,Non-use,-4.975032903648207,80039.23958076199
2095,nic,0.876097310069186,7.659938401173277,Mangroves,Non-use,-6.021452935413254,87682.24360588551
2100,nic,0.9456232016024908,7.588103682304866,Mangroves,Non-use,-7.208548376895809,95445.23937622283
2035,nzl,0.3364057931621327,6.045119,Mangroves,Non-use,-0.0011847588363339617,43886.275091371135
2040,nzl,0.3562787746537374,6.085608000000001,Mangroves,Non-use,-0.02557328131865131,46109.90424005634
2045,nzl,0.37466522435584076,6.11068,Mangroves,Non-use,-0.0691982563541406,48228.026933720896
2050,nzl,0.39132002632723756,6.116635,Mangroves,Non-use,-0.13900971997300873,50257.61066002802
2055,nzl,0.4060070154897436,6.102266,Mangroves,Non-use,-0.20970490690089724,52198.81908336785
2060,nzl,0.4184810759021541,6.070444,Mangroves,Non-use,-0.31891616270942,54014.31259071766
2065,nzl,0.4285501082734678,6.025995,Mangroves,Non-use,-0.40032248534392606,55649.440962427514
2070,nzl,0.4383458455321993,5.984077641209233,Mangroves,Non-use,-0.5456707646393397,57245.50333198607
2075,nzl,0.4478381425233631,5.944642693721587,Mangroves,Non-use,-0.6360272606488329,58796.30402008791
2080,nzl,0.45699722392934367,5.907644014608618,Mangroves,Non-use,-0.7931669983380578,60295.6812689259
2085,nzl,0.46579383645271794,5.873038457742551,Mangroves,Non-use,-0.9021449686866195,61737.54712479586
2090,nzl,0.4741994015206662,5.840785789765356,Mangroves,Non-use,-1.065170458741323,63115.92787011767
2095,nzl,0.4821861674212584,5.810848611974325,Mangroves,Non-use,-1.2154360101358412,64425.004637587255
2100,nzl,0.4897273597604663,5.783192287911394,Mangroves,Non-use,-1.378415076700343,65659.15382701915
2030,omn,0.5704091060313208,6.896304000000001,Mangroves,Non-use,-0.02252352576442575,65997.85619002204
2035,omn,0.6236997122312621,6.880418,Mangroves,Non-use,-0.05866095226701333,72221.94791095649
2040,omn,0.6746586462249382,6.810482,Mangroves,Non-use,-0.09909377034448012,78806.57287362621
2045,omn,0.7226292329828286,6.713394,Mangroves,Non-use,-0.144651032173656,85502.01158847322
2050,omn,0.7689771662257455,6.610222,Mangroves,Non-use,-0.19870600127822344,92266.93599472621
2055,omn,0.8172249364652989,6.52291,Mangroves,Non-use,-0.24651524412768572,99218.73693618787
2060,omn,0.8694567731430077,6.452412000000001,Mangroves,Non-use,-0.3098935324026657,106552.38026945398
2065,omn,0.9247447658910721,6.382848,Mangroves,Non-use,-0.3593135085989129,114389.83092883043
2070,omn,0.9806082881675118,6.3174746766042835,Mangroves,Non-use,-0.4335985340443871,122369.6956594571
2075,omn,1.036728706156805,6.256176370240249,Mangroves,Non-use,-0.4848279652651556,130442.39461006847
2080,omn,1.0927646740329648,6.198845258236476,Mangroves,Non-use,-0.5601346672885681,138553.74361671778
2085,omn,1.1483550308990103,6.145381037843362,Mangroves,Non-use,-0.6172108725927435,146645.43871551545
2090,omn,1.203122196946009,6.095690632939366,Mangroves,Non-use,-0.692313639268021,154655.65204862252
2095,omn,1.2566760357890028,6.049687923218899,Mangroves,Non-use,-0.7620378957067959,162519.73357904938
2100,omn,1.308618137460642,6.00729349475571,Mangroves,Non-use,-0.8349128174700889,170171.00987011025
2030,pak,8.563741933303522,429.949597,Mangroves,Non-use,-1.5894740491153514,16784.63561692494
2035,pak,10.527645289175775,445.348908,Mangroves,Non-use,-4.832354716591116,19869.558900665907
2040,pak,12.776454125430703,458.123757,Mangroves,Non-use,-9.469960715964731,23381.563330367717
2045,pak,15.287709759509431,468.261235,Mangroves,Non-use,-15.944380025881804,27301.470268904468
2050,pak,18.043309243522856,476.335285,Mangroves,Non-use,-25.08213379943432,31594.98693070545
2055,pak,21.040128210830215,482.800274,Mangroves,Non-use,-35.283252594007116,36255.64721466621
2060,pak,24.265209729186015,487.768657,Mangroves,Non-use,-49.862242088116595,41280.229139520554
2065,pak,27.726089035782653,491.451556,Mangroves,Non-use,-64.30884030452336,46693.24751515743
2070,pak,31.48285917807042,494.9767274050454,Mangroves,Non-use,-86.03977832765338,52505.752040367144
2075,pak,35.524140475538175,498.3403186104249,Mangroves,Non-use,-105.92643392918278,58692.610198386545
2080,pak,39.830843340433006,501.53863092410336,Mangroves,Non-use,-134.2648021435779,65217.83844266892
2085,pak,44.37561317410619,504.5681263142374,Mangroves,Non-use,-161.29675563055477,72034.12574001159
2090,pak,49.12249079434404,507.4254339043722,Mangroves,Non-use,-196.4350177644686,79082.67335581267
2095,pak,54.026833663958826,510.10735619970063,Mangroves,Non-use,-233.47497160177954,86293.39959358092
2100,pak,59.035536628613734,512.6108750283538,Mangroves,Non-use,-274.8329707849115,93585.54759124832
2030,pan,0.2844376120043239,5.794318000000001,Mangroves,Non-use,-0.07170145840454516,33239.71216150677
2035,pan,0.3058606021688609,5.831255000000001,Mangroves,Non-use,-0.19718845172865632,35588.90257837893
2040,pan,0.32732492327634927,5.843638,Mangroves,Non-use,-0.35162048034262494,38082.68959604479
2045,pan,0.34879182756777205,5.835653000000001,Mangroves,Non-use,-0.5431592699073514,40717.92714968404
2050,pan,0.3703149161097695,5.807453000000001,Mangroves,Non-use,-0.7931494827835243,43528.082158480334
2055,pan,0.391797965300783,5.76393,Mangroves,Non-use,-1.0437589713299458,46494.433368130325
2060,pan,0.4132073937496638,5.705196,Mangroves,Non-use,-1.3946542514708402,49639.41936065305
2065,pan,0.43443922830305,5.632357,Mangroves,Non-use,-1.709926668451482,52970.97760600538
2070,pan,0.4556458786690364,5.56404339798758,Mangroves,Non-use,-2.183665444095113,56351.34395070599
2075,pan,0.4767170846819297,5.5001102007127765,Mangroves,Non-use,-2.564885429063201,59761.72784363137
2080,pan,0.4975379646087315,5.440422654855761,Mangroves,Non-use,-3.1138046693844923,63181.823931891035
2085,pan,0.5179899582727189,5.38485577220955,Mangroves,Non-use,-3.5848523243748525,66589.97853859128
2090,pan,0.5379518658899108,5.333293892092902,Mangroves,Non-use,-4.198046036083901,69963.38862971934
2095,pan,0.5573009715228696,5.285630278842049,Mangroves,Non-use,-4.806641179281643,73278.33144119487
2100,pan,0.5759142379644168,5.241766752414145,Mangroves,Non-use,-5.464125490187399,76510.42212718344
2030,per,1.239227477050633,39.75769200000001,Mangroves,Non-use,-5.15861705562614e-4,24724.502677424385
2035,per,1.3823295616537863,39.5500139999999,Mangroves,Non-use,-0.0014531847137079098,27686.12954041364
2040,per,1.5312345078837573,39.211423,Mangroves,Non-use,-0.002646466074847919,30890.516002530363
2045,per,1.6838585608836443,38.760054,Mangroves,Non-use,-0.004159664066495347,34317.46715879445
2050,per,1.8398060709970698,38.22769400000001,Mangroves,Non-use,-0.006148314938097871,37965.14249271412
2055,per,1.9985143364905296,37.644158,Mangroves,Non-use,-0.008168336129839533,41821.2516610642
2060,per,2.1594734089180254,37.015646,Mangroves,Non-use,-0.010964419629659578,45892.87778884898
2065,per,2.3226569116358022,36.351131,Mangroves,Non-use,-0.013481986147678595,50193.1526811264
2070,per,2.4893958603270816,35.73117482726046,Mangroves,Non-use,-0.017240647536457942,54653.469462075496
2075,per,2.6586989418170064,35.15386458725268,Mangroves,Non-use,-0.020314448476386637,59246.13710774466
2080,per,2.829470868702115,34.61743656497074,Mangroves,Non-use,-0.024706575777360348,63939.06874503655
2085,per,3.000521075770536,34.120267214281114,Mangroves,Non-use,-0.02852638749335708,68695.99574413625
2090,per,3.170574873527672,33.660864938121364,Mangroves,Non-use,-0.03347163181062122,73476.79983839423
2095,per,3.338286991652485,33.23786260108127,Mangroves,Non-use,-0.038408514002314514,78237.96419652451
2100,per,3.5022573769239527,32.85001072155086,Mangroves,Non-use,-0.043749039476981014,82933.1405155104
2030,phl,4.694194348237184,164.256327,Mangroves,Non-use,-0.1849899649050561,21531.284541971403
2035,phl,5.234438336221783,166.081756,Mangroves,Non-use,-0.5067888347873432,23737.54357317542
2040,phl,5.7771553512009,167.214079,Mangroves,Non-use,-0.895099162870181,26012.698443785772
2045,phl,6.321385581998345,167.689425,Mangroves,Non-use,-1.3642664129787987,28373.13642992274
2050,phl,6.867604610728442,167.365827,Mangroves,Non-use,-1.9603386787179182,30874.201029243955
2055,phl,7.415414677804664,166.372414,Mangroves,Non-use,-2.540834864113595,33524.923862871045
2060,phl,7.966847815897338,164.906753,Mangroves,Non-use,-3.3343957038459697,36326.04808477604
2065,phl,8.519111060953202,163.138451,Mangroves,Non-use,-4.014467351458593,39252.232952677616
2070,phl,9.080129976692868,161.47657759739172,Mangroves,Non-use,-5.029173884412472,42253.749434360674
2075,phl,9.646622515034817,159.9182095200895,Mangroves,Non-use,-5.815068191729035,45312.32465670122
2080,phl,10.215022200899122,158.4606213261653,Mangroves,Non-use,-6.944275204186794,48407.55466410494
2085,phl,10.78150786141135,157.1012774375021,Mangroves,Non-use,-7.88423812602392,51517.067115225946
2090,phl,11.342039829863515,155.83782476785024,Mangroves,Non-use,-9.103642741703984,54616.736308301406
2095,phl,11.89240232036396,154.66808591519788,Mangroves,Non-use,-10.291970770375308,57680.94936594962
2100,phl,12.428251498316325,153.59005289080736,Mangroves,Non-use,-11.561434597512296,60682.92087795053
2030,sau,4.68547702875605,51.3083549999999,Mangroves,Non-use,-0.1205814920184956,62149.40311203626
2035,sau,4.8326136328524925,51.20038,Mangroves,Non-use,-0.2957455570031805,64359.05392893888
2040,sau,4.9503740052282925,50.895884,Mangroves,Non-use,-0.470656607226757,66448.32686702984
2045,sau,5.050998242433715,50.489567,Mangroves,Non-use,-0.6497090036356141,68474.77848246181
2050,sau,5.138637333733636,50.021689,Mangroves,Non-use,-0.8473313834141619,70448.1310009809
2055,sau,5.214536575907517,49.475763,Mangroves,Non-use,-0.9998277515020906,72414.62875536879
2060,sau,5.276375672391914,48.798165,Mangroves,Non-use,-1.1973395779786067,74431.53627517135
2065,sau,5.321589524692382,47.984712,Mangroves,Non-use,-1.3213799300976956,76486.249730763
2070,sau,5.36491075479935,47.22481370189783,Mangroves,Non-use,-1.52258576664906,78497.47948384876
2075,sau,5.406286022176106,46.51631063129621,Mangroves,Non-use,-1.627826433244707,80458.9306742017
2080,sau,5.445664030480708,45.85720782349256,Mangroves,Non-use,-1.803812880280453,82364.34299680027
2085,sau,5.482995632995737,45.245665430033405,Mangroves,Non-use,-1.9097146568591963,84207.52366893634
2090,sau,5.518233934356393,44.67999012829219,Mangroves,Non-use,-2.064083339282421,85982.38073050349
2095,sau,5.551334388283704,44.158627277724335,Mangroves,Non-use,-2.194114558117578,87682.95642896122
2100,sau,5.582254891039069,43.680153771748955,Mangroves,Non-use,-2.3273698991523846,89303.46043436903
2030,sdn,0.6259430268390698,91.147048,Mangroves,Non-use,-4.450794208660566e-5,6301.213345197022
2035,sdn,0.7448019909545898,94.400626,Mangroves,Non-use,-1.0731701886103291e-4,7209.806048180328
2040,sdn,0.8841364148310111,96.937165,Mangroves,Non-use,-1.6826630760202648e-4,8300.513363828877
2045,sdn,1.0445844921013292,98.89410400000001,Mangroves,Non-use,-2.291544724532974e-4,9573.26732137075
2050,sdn,1.2270265232395865,100.201284,Mangroves,Non-use,-2.95146901487768e-4,11052.774235212246
2055,sdn,1.431248485798298,101.033792,Mangroves,Non-use,-3.441872451264701e-4,12733.13033051935
2060,sdn,1.6577442777331957,101.428301,Mangroves,Non-use,-4.072880647130555e-4,14629.646170677705
2065,sdn,1.9050128366298,101.401662,Mangroves,Non-use,-4.4428445369520383e-4,16745.931908525094
2070,sdn,2.174956335071695,101.37636159661143,Mangroves,Non-use,-5.062050345024955e-4,19043.366752527367
2075,sdn,2.466930491323613,101.3523987737804,Mangroves,Non-use,-5.356112614108238e-4,21513.86589352944
2080,sdn,2.779702010024627,101.32977256841494,Mangroves,Non-use,-5.876292650138721e-4,24144.302053213298
2085,sdn,3.111397516702239,101.30848207032052,Mangroves,Non-use,-6.164378238464874e-4,26916.16825914931
2090,sdn,3.4594687438706933,101.28852642213901,Mangroves,Non-use,-6.604777091815607e-4,29805.39254907279
2095,sdn,3.820677950642992,101.26990481929118,Mangroves,Non-use,-6.964351230423461e-4,32782.33485531502
2100,sdn,4.191107095420968,101.25261650992265,Mangroves,Non-use,-7.332061712180638e-4,35811.99117785999
2030,sen,0.4597382639996,36.054076,Mangroves,Non-use,-0.08172378313299995,10101.537710462362
2035,sen,0.5585347160149609,37.7355520000001,Mangroves,Non-use,-0.24605843558310805,11709.586600440047
2040,sen,0.6720242966658415,39.231061,Mangroves,Non-use,-0.4799865038795908,13533.405957403429
2045,sen,0.8001906150736564,40.491427,Mangroves,Non-use,-0.8097135973246015,15591.641731525704
2050,sen,0.9430966467192875,41.5104169999999,Mangroves,Non-use,-1.2845514441922323,17900.66081285512
2055,sen,1.1015446819756234,42.347248,Mangroves,Non-use,-1.8387122462186756,20467.017515959036
2060,sen,1.2754001431026953,43.024147,Mangroves,Non-use,-2.647068907108832,23292.638981062188
2065,sen,1.4644042267544108,43.54135100000001,Mangroves,Non-use,-3.5017978444427706,26390.622390394616
2070,sen,1.6705665527089049,44.03860136634602,Mangroves,Non-use,-4.780410575661615,29725.287670478356
2075,sen,1.8933746745076458,44.51506047436674,Mangroves,Non-use,-6.029837024103577,33283.56407477189
2080,sen,2.1318701891937284,44.969918120631,Mangroves,Non-use,-7.793479439570439,37046.100324892985
2085,sen,2.3846110556595246,45.40239380051678,Mangroves,Non-use,-9.568125557216389,40986.9337484199
2090,sen,2.649646246700185,45.811738923905345,Mangroves,Non-use,-11.866068736792604,45073.337085802
2095,sen,2.9245056894381625,46.197238960265864,Mangroves,Non-use,-14.35925735147516,49265.873513107166
2100,sen,3.2062080936767106,46.55821550458838,Mangroves,Non-use,-17.183518882433617,53518.68479960372
2030,slb,0.014680818926380151,1.372868,Mangroves,Non-use,-0.008435316608044563,9128.44787889764
2035,slb,0.020416223998431526,1.418502999999999,Mangroves,Non-use,-0.030176239163031526,12252.012449705946
2040,slb,0.027866366252358367,1.455528999999999,Mangroves,Non-use,-0.06920234185096608,16251.938548284674
2045,slb,0.03725793480393565,1.482684,Mangroves,Non-use,-0.13537338037641528,21271.390512122056
2050,slb,0.048756583962256385,1.502371,Mangroves,Non-use,-0.24414145414871735,27394.18311452638
2055,slb,0.062494285264109016,1.515212,Mangroves,Non-use,-0.3937268651588631,34717.00864293015
2060,slb,0.0784846741450289,1.521234,Mangroves,Non-use,-0.6249402038656543,43304.583942676756
2065,slb,0.09673286389334174,1.519423999999999,Mangroves,Non-use,-0.910104698380118,53285.15626134523
2070,slb,0.1180993241702041,1.517706545901549,Mangroves,Non-use,-1.347600566479751,64943.159776065746
2075,slb,0.14281228896331472,1.5160813232446304,Mangroves,Non-use,-1.8601296181042173,78392.76577070972
2080,slb,0.1710363455630928,1.5145480344042461,Mangroves,Non-use,-2.59472486263581,93711.69657551359
2085,slb,0.20284998277767508,1.5131063984995672,Mangroves,Non-use,-3.453546942962908,110929.20832552662
2090,slb,0.2382229235762399,1.5117561513081657,Mangroves,Non-use,-4.592748054214017,130014.13703487009
2095,slb,0.27699477313057325,1.510497045185302,Mangroves,Non-use,-5.948886100940901,150863.8595462815
2100,slb,0.31885676214162806,1.5093288489882266,Mangroves,Non-use,-7.578807081967069,173295.14196667713
2030,sle,0.08670910981236112,14.863246,Mangroves,Non-use,-0.0416319823429844,5521.349821177582
2035,sle,0.1067561217266464,15.16746,Mangroves,Non-use,-0.12855479272138776,6630.874227320964
2040,sle,0.12952948639517314,15.34769,Mangroves,Non-use,-0.2561783063811777,7914.1423899277725
2045,sle,0.1548015212538828,15.434238,Mangroves,Non-use,-0.43818911427349844,9361.517855980768
2050,sle,0.18239343710984454,15.44472,Mangroves,Non-use,-0.6995997113063289,10971.19546489381
2055,sle,0.21225780009554615,15.38374,Mangroves,Non-use,-1.0035114605568114,12758.085569609024
2060,sle,0.2445639126304159,15.262545,Mangroves,Non-use,-1.4462550304967554,14746.82617746754
2065,sle,0.27946356309049303,15.084406,Mangroves,Non-use,-1.9170368095098214,16969.52776430357
2070,sle,0.31734945367476186,14.917149166332202,Mangroves,Non-use,-2.6215410138634283,19393.424867326787
2075,sle,0.3581070879432095,14.760452269988432,Mangroves,Non-use,-3.31184701506139,22010.79546002261
2080,sle,0.40154416029277396,14.614015330678184,Mangroves,Non-use,-4.286209126425974,24808.24983495711
2085,sle,0.44738494093053077,14.477559656896823,Mangroves,Non-use,-5.268333942578717,27766.30866951451
2090,sle,0.4952668357642127,14.350826959316572,Mangroves,Non-use,-6.539968431351304,30859.15575355166
2095,sle,0.5447395788468438,14.233578533540008,Mangroves,Non-use,-7.9205479659806155,34054.60252083234
2100,sle,0.5952674488333908,14.125594508585383,Mangroves,Non-use,-9.484712540481759,37314.29542890342
2030,slv,0.14750694242235196,6.027293,Mangroves,Non-use,-0.011295719913707787,20843.722767990315
2035,slv,0.169305155092796,5.894678,Mangroves,Non-use,-0.03348463057731787,24394.978077895215
2040,slv,0.19293148230221613,5.757728,Mangroves,Non-use,-0.06405379808498844,28382.078868416127
2045,slv,0.2173266214080192,5.616192,Mangroves,Non-use,-0.10500334209221131,32686.003512214025
2050,slv,0.24229893977134426,5.473626,Mangroves,Non-use,-0.16072055462237192,37287.433984845025
2055,slv,0.2680339864552155,5.333979999999999,Mangroves,Non-use,-0.2207207490230302,42210.11129050586
2060,slv,0.29471883141661626,5.20390600000001,Mangroves,Non-use,-0.3044627221967713,47440.03480550478
2065,slv,0.32281202418424976,5.092686000000009,Mangroves,Non-use,-0.3841680288107889,52948.60363076784
2070,slv,0.35204456205958995,4.989285187211692,Mangroves,Non-use,-0.5021356535485312,58775.01705301264
2075,slv,0.38224639927331344,4.893315454347663,Mangroves,Non-use,-0.606159216930037,64886.142942948965
2080,slv,0.4132174216159208,4.804420811917983,Mangroves,Non-use,-0.7525539145525322,71240.05154023864
2085,slv,0.4447283953113631,4.722275180125015,Mangroves,Non-use,-0.8879023263497546,77786.03145276605
2090,slv,0.47652270027315163,4.646580387761332,Mangroves,Non-use,-1.0616200842117343,84464.86755544349
2095,slv,0.5083188729466314,4.577064360856009,Mangroves,Non-use,-1.240634778459283,91209.39942453564
2100,slv,0.5398139593335748,4.5134794856028115,Mangroves,Non-use,-1.4370843755822276,97945.36934007455
2030,sur,0.016133557061813592,0.769513999999999,Mangroves,Non-use,-0.026831469111074407,12722.193463489664
2035,sur,0.01798210469245057,0.773467,Mangroves,Non-use,-0.07328424401161268,14174.14225285015
2040,sur,0.019882673943485214,0.775578,Mangroves,Non-use,-0.12910177001993556,15703.172395589176
2045,sur,0.021806836248101633,0.775697,Mangroves,Non-use,-0.19609807768576612,17300.91756933749
2050,sur,0.023748905892936652,0.7742150000000001,Mangroves,Non-use,-0.2800798376804988,18965.821525053365
2055,sur,0.025715312516466384,0.770702,Mangroves,Non-use,-0.35978388816923573,20725.577509083098
2060,sur,0.027709244369174848,0.7657209999999991,Mangroves,Non-use,-0.4681254000235993,22581.763557065286
2065,sur,0.029741700915231945,0.7593240000000011,Mangroves,Non-use,-0.5581651567652529,24554.756207185117
2070,sur,0.031814160135524405,0.7532976198346425,Mangroves,Non-use,-0.6941741083020303,26597.13963107971
2075,sur,0.033914354837586314,0.7476337286958692,Mangroves,Non-use,-0.795200685061844,28697.947088679146
2080,sur,0.0360288128805451,0.7423247179490096,Mangroves,Non-use,-0.9428294557587463,30844.54275859746
2085,sur,0.03814296642757409,0.7373634840575861,Mangroves,Non-use,-1.061617798282219,33022.68889405627
2090,sur,0.040241289304108405,0.7327434127057019,Mangroves,Non-use,-1.2176050397851406,35216.65188537874
2095,sur,0.04230746150082224,0.7284583640682035,Mangroves,Non-use,-1.3673421500891008,37409.34787492402
2100,sur,0.044324559093008496,0.7245026591825953,Mangroves,Non-use,-1.5266590674865537,39582.52747778641
2030,tgo,0.10899777051800028,16.678927,Mangroves,Non-use,-4.134008162043571e-5,5460.9211491365895
2035,tgo,0.13468483322419977,17.249138,Mangroves,Non-use,-1.2671293224752404e-4,6509.205461628859
2040,tgo,0.164657555285584,17.718718,Mangroves,Non-use,-2.5121576700455893e-4,7728.297662913427
2045,tgo,0.19899597665724023,18.074122,Mangroves,Non-use,-4.2994332737939027e-4,9134.333074275843
2050,tgo,0.2376680813571335,18.341722,Mangroves,Non-use,-6.894751872734632e-4,10724.406684655922
2055,tgo,0.28075326902071024,18.528816,Mangroves,Non-use,-9.929241877499172e-4,12510.362871002158
2060,tgo,0.3282918797853343,18.63982,Mangroves,Non-use,-0.001438607434801979,14506.373964901131
2065,tgo,0.38048753529674767,18.677037,Mangroves,Non-use,-0.001910221202308561,16738.557567420237
2070,tgo,0.43795714592231555,18.712463743483976,Mangroves,Non-use,-0.0026233835504663287,19183.541457840776
2075,tgo,0.5006255076833296,18.74608958251177,Mangroves,Non-use,-0.0033179318617441718,21835.865434404164
2080,tgo,0.5682814761248853,18.77790438724666,Mangroves,Non-use,-0.004308392885123848,24684.361039650103
2085,tgo,0.6405630669597908,18.807898551034942,Mangroves,Non-use,-0.005302404164914765,27711.620209089077
2090,tgo,0.7169461834068759,18.83606299523453,Mangroves,Non-use,-0.006600156317804547,30893.625983648097
2095,tgo,0.7967380845152983,18.862389173789126,Mangroves,Non-use,-0.008010115551644874,34199.5876702119
2100,tgo,0.8790766221075005,18.88686907754477,Mangroves,Non-use,-0.009613338346627653,37592.01818868153
2030,tha,2.3565626576249143,61.42874,Mangroves,Non-use,-0.37591675798972596,27414.20850412838
2035,tha,2.4564636298146,59.127137,Mangroves,Non-use,-0.9848614147796437,29712.7098605839
2040,tha,2.5454617674924704,56.820715,Mangroves,Non-use,-1.6697914612103686,32064.821205865836
2045,tha,2.6228235466240895,54.53480200000001,Mangroves,Non-use,-2.447116857983438,34451.97743166406
2050,tha,2.6915580828507184,52.2776789999999,Mangroves,Non-use,-3.380713474993209,36911.00581824122
2055,tha,2.753540863760397,50.0666129999999,Mangroves,Non-use,-4.221222884495027,39460.3610225932
2060,tha,2.8108891064525148,47.938537,Mangroves,Non-use,-5.335668860262002,42104.22867809399
2065,tha,2.8656116665213736,45.90488300000001,Mangroves,Non-use,-6.212427180225594,44861.520536316515
2070,tha,2.918610173607799,44.0548700034445,Mangroves,Non-use,-7.525765335455577,47648.1654494045
2075,tha,2.9697478859275726,42.372859425153685,Mangroves,Non-use,-8.44462521899021,50448.00829814829
2080,tha,3.018890833508959,40.844945154382536,Mangroves,Non-use,-9.787882225763177,53243.82249197332
2085,tha,3.065908393781627,39.458762074277445,Mangroves,Non-use,-10.816877168864291,56017.47065224456
2090,tha,3.1106738620793273,38.20331904739593,Mangroves,Non-use,-12.165388084048612,58750.08850453093
2095,tha,3.153065013625312,37.068853203855305,Mangroves,Non-use,-13.422623497809909,61422.28965488415
2100,tha,3.1929646535607628,36.04670281917145,Mangroves,Non-use,-14.737715556267618,64014.38834534224
2030,tls,0.016476362635580576,1.938647,Mangroves,Non-use,-5.142811999308955e-4,8043.717448268009
2035,tls,0.020796753810713556,1.947521,Mangroves,Non-use,-0.0016916456448925518,10060.145497788246
2040,tls,0.025897647600952693,1.944815,Mangroves,Non-use,-0.003585216142465048,12487.06166144538
2045,tls,0.031770749870053724,1.932078,Mangroves,Non-use,-0.006499672506834532,15348.256506960839
2050,tls,0.03836001421207177,1.910232,Mangroves,Non-use,-0.0108855885170491,18655.952520503215
2055,tls,0.04569148177536205,1.881365999999999,Mangroves,Non-use,-0.016553426658330157,22456.689513679183
2060,tls,0.05377149513469962,1.848106,Mangroves,Non-use,-0.024767564997263812,26776.781836051094
2065,tls,0.06257864810021872,1.813183,Mangroves,Non-use,-0.034572866095223705,31612.38890071853
2070,tls,0.07231582833991115,1.7806330811027342,Mangroves,Non-use,-0.04840838873357693,37022.13986281241
2075,tls,0.08297587981105085,1.7503498916199796,Mangroves,Non-use,-0.06434401921989122,43008.02305167979
2080,tls,0.09452780103802706,1.722235514590043,Mangroves,Non-use,-0.08533849085135689,49556.35846137449
2085,tls,0.10691385504155529,1.6961999383293618,Mangroves,Non-use,-0.1094964497325266,56635.546451879694
2090,tls,0.1200473006495705,1.6721605743347059,Mangroves,Non-use,-0.13914764772812654,64194.25161720467
2095,tls,0.13381095844054205,1.6500418189082078,Mangroves,Non-use,-0.17312928490678456,72160.1981448909
2100,tls,0.14805681165185156,1.6297746552351688,Mangroves,Non-use,-0.21183920635772074,80439.74390583497
2030,tza,1.6832979001603126,154.926012,Mangroves,Non-use,-0.10994488217629324,7975.690414602632
2035,tza,2.096012125692669,163.812307,Mangroves,Non-use,-0.33008122672011536,9394.536251315836
2040,tza,2.5882673630247894,172.033339,Mangroves,Non-use,-0.6423182278904198,11048.950117578925
2045,tza,3.165221238739762,179.177707,Mangroves,Non-use,-1.0827861260255394,12976.00438882286
2050,tza,3.8324004572862567,185.014429,Mangroves,Non-use,-1.7231034956087445,15218.874679894592
2055,tza,4.598833231068434,189.580423,Mangroves,Non-use,-2.473454659625383,17826.569595624063
2060,tza,5.467954823296682,193.127668,Mangroves,Non-use,-3.5906090544267917,20810.875677576212
2065,tza,6.439008151169815,195.843027,Mangroves,Non-use,-4.761529479284981,24172.25134270364
2070,tza,7.52533557535007,198.45888688629088,Mangroves,Non-use,-6.549179266176698,27884.177861939435
2075,tza,8.728116532940351,200.97017083227115,Mangroves,Non-use,-8.268634553681006,31943.88414971328
2080,tza,10.045637772120298,203.37195118093564,Mangroves,Non-use,-10.744559647965207,36339.712634395466
2085,tza,11.472840491157271,205.65946539867772,Mangroves,Non-use,-13.205816369104921,41050.032336607415
2090,tza,13.000935587832608,207.82813167299483,Mangroves,Non-use,-16.442818458396054,46042.3755793069
2095,tza,14.61711961334222,209.87356408330083,Mangroves,Non-use,-19.95082245659568,51272.8774852487
2100,tza,16.30442355367244,211.79158727515227,Mangroves,Non-use,-23.94533093421259,56686.0934734851
2030,usa,30.497112514304206,392.274604,Mangroves,Non-use,-0.667124705950362,61710.44323700841
2035,usa,32.03182948179051,397.0025,Mangroves,Non-use,-1.7076550938342272,63954.691973892455
2040,usa,33.53813929191153,401.171601,Mangroves,Non-use,-2.8347660650673987,66173.73032647757
2045,usa,35.00865608375228,404.260551,Mangroves,Non-use,-4.086294492379066,68451.50265458516
2050,usa,36.446788716196615,406.044541,Mangroves,Non-use,-5.576931555534399,70850.95804770051
2055,usa,37.8585432739446,406.64523,Mangroves,Non-use,-6.907881821960129,73383.55041980675
2060,usa,39.245948839665196,406.411009,Mangroves,Non-use,-8.679480186508876,76009.76410618977
2065,usa,40.591879955632464,405.502667,Mangroves,Non-use,-10.056175436952234,78681.7695010012
2070,usa,41.914365004612684,404.64167076559255,Mangroves,Non-use,-12.120528926020233,81303.40690531494
2075,usa,43.2080644757752,403.82772204193503,Mangroves,Non-use,-13.544554692191042,83863.32329930857
2080,usa,44.467603820200644,403.0605390137047,Mangroves,Non-use,-15.632844362899027,86350.10929547789
2085,usa,45.687609113050115,402.33985614238264,Mangroves,Non-use,-17.215697394237004,88752.38067197207
2090,usa,46.86274393340998,401.66542401299597,Mangroves,Non-use,-19.294298340718708,91058.86249458377
2095,usa,47.98774712413636,401.0370091901948,Mangroves,Non-use,-21.222566088280654,93258.47499344779
2100,usa,49.057471071879796,400.4543940835474,Mangroves,Non-use,-23.235622678223045,95340.42030940068
2030,vnm,3.946396500115882,105.995262,Mangroves,Non-use,-0.870336762815764,25643.680167546314
2035,vnm,4.244315603336698,104.556598,Mangroves,Non-use,-2.4120170360059183,28004.788901794192
2040,vnm,4.508951862653056,102.768093,Mangroves,Non-use,-4.283080109191822,30318.115954031866
2045,vnm,4.741239004907522,100.772993,Mangroves,Non-use,-6.519726764967804,32564.18968717245
2050,vnm,4.951124232995528,98.686986,Mangroves,Non-use,-9.30098290566571,34781.07878387077
2055,vnm,5.1498348591934375,96.590101,Mangroves,Non-use,-11.935769546487794,37022.45123268048
2060,vnm,5.3465500207681185,94.53687999999991,Mangroves,Non-use,-15.505070525701756,39335.17530785058
2065,vnm,5.545433838235214,92.5310300000001,Mangroves,Non-use,-18.515547500196025,41750.33323018977
2070,vnm,5.741401741766758,90.66590394338381,Mangroves,Non-use,-23.014013971794267,44186.30769879641
2075,vnm,5.933616291788995,88.93455864108128,Mangroves,Non-use,-26.41035704220963,46629.79437674667
2080,vnm,6.121229840091208,87.33062399903824,Mangroves,Non-use,-31.312220034510204,49066.65078475042
2085,vnm,6.303390456333371,85.84826382680954,Mangroves,Non-use,-35.30695467555595,51482.01709086726
2090,vnm,6.479248114833471,84.48214030974677,Mangroves,Non-use,-40.502481837562115,53860.45428935315
2095,vnm,6.6479610822745965,83.22738184090156,Mangroves,Non-use,-45.50789109896252,56186.09825403844
2100,vnm,6.808702442148115,82.0795539401647,Mangroves,Non-use,-50.82558599256822,58442.827741061024
2030,yem,0.5937670836535153,60.928096,Mangroves,Non-use,-8.746046910671915e-4,9193.28567779296
2035,yem,0.7392475494688953,62.438104,Mangroves,Non-use,-0.0029239081631833325,11118.16071755204
2040,yem,0.9024271948959636,63.49724,Mangroves,Non-use,-0.006226598636828327,13284.999416940238
2045,yem,1.081364634186225,64.221574,Mangroves,Non-use,-0.0112627085581079,15667.42902726121
2050,yem,1.2745559319983288,64.718744,Mangroves,Non-use,-0.01884725556156224,18240.150274412114
2055,yem,1.4813497023245576,64.9957859999999,Mangroves,Non-use,-0.028053308961931183,21011.43650132678
2060,yem,1.701437281860599,65.020098,Mangroves,Non-use,-0.041800489893276394,24011.872484961106
2065,yem,1.93465901717319,64.758694,Mangroves,Non-use,-0.056885713796205856,27285.31134667578
2070,yem,2.186589729596146,64.51135859050774,Mangroves,Non-use,-0.08000373750849389,30811.224465716485
2075,yem,2.45634062252115,64.27793577310607,Mangroves,Non-use,-0.10342720001030521,34574.038995457624
2080,yem,2.7425346681783727,64.05827856658496,Mangroves,Non-use,-0.13715991034924807,38551.04478486436
2085,yem,3.043277434914058,63.85224885250585,Mangroves,Non-use,-0.17211360355822936,42712.0702873389
2090,yem,3.3561416462378597,63.65971723029451,Mangroves,Non-use,-0.21822069604823477,47019.378355127024
2095,yem,3.6781679888628136,63.48056288164977,Mangroves,Non-use,-0.2693927109692881,51427.81600346601
2100,yem,4.005884252448636,63.314673444068724,Mangroves,Non-use,-0.3284714718227772,55885.24425877946
2030,zaf,2.163837042343466,67.836628,Mangroves,Non-use,-1.1688346681090113e-4,26732.78347120928
2035,zaf,2.4565394890028807,67.030147,Mangroves,Non-use,-7.53023509874428e-4,30638.943435828896
2040,zaf,2.7623932536892326,65.99224000000001,Mangroves,Non-use,-0.002116603265907206,34909.7352485127
2045,zaf,3.080704809865943,64.739926,Mangroves,Non-use,-0.0044988830113549426,39587.939488729295
2050,zaf,3.4120478152854896,63.382743,Mangroves,Non-use,-0.008504961665038311,44674.27776789279
2055,zaf,3.7547869172505157,61.938108,Mangroves,Non-use,-0.013273321449710652,50184.15595711906
2060,zaf,4.104418474301271,60.409942,Mangroves,Non-use,-0.021053736948891465,56105.52313241059
2065,zaf,4.457868708331205,58.8106079999999,Mangroves,Non-use,-0.02864732541135403,62438.78832930494
2070,zaf,4.822561784998416,57.33146546600568,Mangroves,Non-use,-0.04170327738894324,69117.0813583421
2075,zaf,5.1963253381018815,55.965416384371856,Mangroves,Non-use,-0.0528816099500405,76101.33854728621
2080,zaf,5.57668276403087,54.705999776083516,Mangroves,Non-use,-0.07080873514044979,83342.98128251609
2085,zaf,5.960869676822305,53.54734062099427,Mangroves,Non-use,-0.08703887733798146,90784.0160277032
2090,zaf,6.345857975801754,52.48410401254732,Mangroves,Non-use,-0.11003933728919121,98357.41505057435
2095,zaf,6.728387559590059,51.51145404038271,Mangroves,Non-use,-0.1342728841912277,105987.7939202605
2100,zaf,7.10500549270443,50.625016955348805,Mangroves,Non-use,-0.16209765906981732,113592.39159167255
2030,ago,0.9918118813052026,86.25498900000001,Ports,Market,-870.0596105522268,8359.24085163586
2035,ago,1.2301910470279522,91.113125,Ports,Market,-2532.461883901246,9819.75670195897
2040,ago,1.5103786824880963,95.404473,Ports,Market,-4754.139851612248,11518.965817226292
2045,ago,1.8325617456274454,98.970686,Ports,Market,-7670.362989305238,13478.315105162814
2050,ago,2.1971842615577977,101.727378,Ports,Market,-11561.530247338424,15728.934641126882
2055,ago,2.6052589191306312,103.619312,Ports,Market,-15696.78298674644,18317.571491522576
2060,ago,3.0545811726154253,104.908786,Ports,Market,-21318.36446293585,21221.909882392356
2065,ago,3.541661140431719,105.655693,Ports,Market,-26595.825363943924,24442.50025747273
2070,ago,4.0781728557774954,106.37030643435023,Ports,Market,-34223.59688610241,27968.136598935773
2075,ago,4.663443494199101,107.05188761117523,Ports,Market,-40965.407697886134,31791.967787007154
2080,ago,5.295526687245922,107.69972785581402,Ports,Market,-50242.77572490916,35899.318380602235
2085,ago,5.971061517753782,108.31314973362396,Ports,Market,-58849.85622189744,40266.93327109583
2090,ago,6.685165421253841,108.89150822588664,Ports,Market,-69695.12242032806,44862.43134048047
2095,ago,7.431371523483562,109.43419185597011,Ports,Market,-80829.80658222821,49644.0252099993
2100,ago,8.201620143068784,109.94062376300569,Ports,Market,-92945.50062788613,54560.55886265207
2030,alb,0.07368047084405431,1.943096,Ports,Market,-4.569969501364794,31206.201123751096
2035,alb,0.07719125300594355,1.854005,Ports,Market,-11.23517013657011,34192.17818705247
2040,alb,0.08029573854116083,1.772338999999999,Ports,Market,-17.869804862105426,37127.881312610625
2045,alb,0.08292608977236228,1.695654,Ports,Market,-24.540855320465976,39993.67992088366
2050,alb,0.08513847337863904,1.622655999999999,Ports,Market,-31.67494766896563,42817.15718692682
2055,alb,0.08709336558596571,1.552862,Ports,Market,-37.10103655728032,45671.965916354864
2060,alb,0.08899209111420125,1.489053,Ports,Market,-43.91317426597351,48564.15739664225
2065,alb,0.09108776473795105,1.434299,Ports,Market,-48.362385917808595,51495.59648455142
2070,alb,0.09312553812249323,1.3841953924899248,Ports,Market,-55.25480170794231,54437.01561621622
2075,alb,0.09509924902587379,1.338386941703852,Ports,Market,-59.064816253532186,57370.613568392364
2080,alb,0.09700281638256458,1.2965551648529645,Ports,Market,-65.07137961130425,60277.69508269647
2085,alb,0.0988302708556729,1.258414638493535,Ports,Market,-68.86920242143125,63138.8566231597
2090,alb,0.10057578545085048,1.2237097446200085,Ports,Market,-74.13526892477667,65934.19247780374
2095,alb,0.10223370597707734,1.1922118044191916,Ports,Market,-78.6208757703629,68643.51835723323
2100,alb,0.10379858113569812,1.1637165545251587,Ports,Market,-83.16897404117258,71246.60913243791
2030,are,1.7001883543156429,11.994423,Ports,Market,-665.0442913313775,96429.04637079929
2035,are,1.7068827284331247,11.802186,Ports,Market,-1566.7794626989944,98574.62569907101
2040,are,1.6914631026569018,11.482985,Ports,Market,-2374.009569226852,100592.07184740566
2045,are,1.664406226207751,11.086581,Ports,Market,-3106.35054145595,102718.39925216572
2050,are,1.6323097647488107,10.672363,Ports,Market,-3829.880732621821,104847.35372298541
2055,are,1.6023516346692916,10.285696,Ports,Market,-4304.784558867917,106995.86295564147
2060,are,1.5798508009582033,9.951524999999991,Ports,Market,-4916.455556926125,109243.3638144204
2065,are,1.564732045928833,9.647250000000009,Ports,Market,-5239.384538088559,111822.52399218653
2070,are,1.550506677019995,9.367027004623687,Ports,Market,-5801.863323174067,114337.15256462716
2075,are,1.5371525314599552,9.109263804747432,Ports,Market,-6020.899221275321,116780.48940176117
2080,are,1.5246489091754643,8.87251988282984,Ports,Market,-6450.1251571216535,119145.87863458648
2085,are,1.5129765191752742,8.655492965862006,Ports,Market,-6649.054295391036,121426.7991786327
2090,are,1.5021174298178837,8.457007046202392,Ports,Market,-6982.773312852679,123616.89500683415
2095,are,1.4920550227835658,8.276001715533157,Ports,Market,-7236.377847181683,125710.00497280284
2100,are,1.4827739505848618,8.11152267595923,Ports,Market,-7492.685407081923,127700.19198649486
2030,arg,1.4889686030591325,51.493465,Ports,Market,-194.7471483616973,24103.14498500699
2035,arg,1.6530320225681578,51.364513,Ports,Market,-507.3614750328633,26763.263070144094
2040,arg,1.823109261490409,51.0831,Ports,Market,-855.5879671344404,29609.747714383535
2045,arg,1.9978871978169592,50.65586,Ports,Market,-1246.792351175978,32644.97946143025
2050,arg,2.1773518621647354,50.092879,Ports,Market,-1708.2181120585901,35892.293167351854
2055,arg,2.3614823004591243,49.413354,Ports,Market,-2121.340202256465,39369.50594510582
2060,arg,2.549105084521938,48.6379,Ports,Market,-2652.5025883185926,43072.6016239822
2065,arg,2.7386975515981447,47.798229,Ports,Market,-3066.3124387720386,46977.1397207814
2070,arg,2.932206484246329,47.01431260135766,Ports,Market,-3668.769584371243,51013.18231847628
2075,arg,3.1284839300960874,46.283834941165395,Ports,Market,-4097.418802568896,55154.85229202947
2080,arg,3.3262656698914297,45.604658519618596,Ports,Market,-4705.299389466054,59372.528414763954
2085,arg,3.524181375551364,44.974813740566425,Ports,Market,-5178.666898281582,63633.07042579051
2090,arg,3.7207674967371362,44.392489357291936,Ports,Market,-5783.471833139331,67900.14505111171
2095,arg,3.9144827913260802,43.85602375841146,Ports,Market,-6348.08625045845,72134.65248483671
2100,arg,4.103726340074535,43.363897034983594,Ports,Market,-6933.826599836118,76295.24953885231
2030,aus,2.539893488378035,33.290315,Ports,Market,-360.26577120974065,58814.88203595549
2035,aus,2.75220907467629,33.85498,Ports,Market,-916.0930180089807,62617.940845988735
2040,aus,2.9613379209999398,34.32925299999999,Ports,Market,-1507.1687089745653,66391.66263704035
2045,aus,3.1638926693614557,34.697285,Ports,Market,-2141.247346416018,70123.87481842496
2050,aus,3.3571881248185558,34.930598,Ports,Market,-2856.355863157848,73851.40439979927
2055,aus,3.5403060741582193,35.02683,Ports,Market,-3448.961671765237,77602.95117981447
2060,aus,3.7135242961675776,35.013541,Ports,Market,-4190.600659762004,81364.9523600343
2065,aus,3.876094331336857,34.921482,Ports,Market,-4706.397441050278,85081.94390119465
2070,aus,4.037296979935233,34.83425589293856,Ports,Market,-5478.207955002201,88770.40466684739
2075,aus,4.196366670532069,34.751827038144256,Ports,Market,-5960.350327851784,92411.88968896322
2080,aus,4.352518323081721,34.67416178062263,Ports,Market,-6677.176662081353,95987.44660203859
2085,aus,4.50495336869886,34.60122842813795,Ports,Market,-7179.132281936217,99477.7689354704
2090,aus,4.652866180594523,34.53299722964536,Ports,Market,-7843.295624476665,102863.36041729419
2095,aus,4.795450849712881,34.4694403550529,Ports,Market,-8433.7321691039,106124.70849261219
2100,aus,4.931908230417701,34.41053187629407,Ports,Market,-9037.150232708655,109242.46502984481
2030,bel,0.6765402278042738,12.600789,Ports,Market,-110.47317752542517,40432.71435898548
2035,bel,0.7081084633198612,12.667786,Ports,Market,-271.3398990298895,42082.0393056761
2040,bel,0.7384202124695889,12.727955,Ports,Market,-432.6465054326067,43661.96826785581
2045,bel,0.766965005293993,12.7667,Ports,Market,-597.5529123454543,45197.65157317116
2050,bel,0.793619698969754,12.771939,Ports,Market,-777.3288703081216,46734.23550421227
2055,bel,0.8184630476280641,12.742309,Ports,Market,-917.9147689696192,48293.758177053634
2060,bel,0.8414592539365636,12.686045,Ports,Market,-1093.1476400407732,49854.845837939174
2065,bel,0.8619926037786485,12.607799,Ports,Market,-1204.9069907664805,51371.85258186509
2070,bel,0.8819752896083897,12.533923781322603,Ports,Market,-1377.7168125139751,52855.56484401377
2075,bel,0.9013451121874294,12.464346820167725,Ports,Market,-1473.8225224623152,54300.430647175854
2080,bel,0.9200405977571136,12.399000016723686,Ports,Market,-1624.856355379451,55700.91343297381
2085,bel,0.9380013157591209,12.337819583874296,Ports,Market,-1720.84132404585,57051.52652323698
2090,bel,0.9551681979450791,12.280745943242415,Ports,Market,-1853.5896675597257,58346.868192055575
2095,bel,0.971483856572969,12.227723628332413,Ports,Market,-1966.8972462715042,59581.65704294556
2100,bel,0.9868928993397564,12.178701194550676,Ports,Market,-2081.8156191131316,60750.76737366617
2030,ben,0.3546032204564866,29.437378,Ports,Market,-64.56721271151595,9952.837501508715
2035,ben,0.43888464192022947,30.944002,Ports,Market,-187.52984753502784,11693.138027174873
2040,ben,0.5375190603434936,32.301941,Ports,Market,-351.1798880490502,13689.077013005093
2045,ben,0.6511480792573454,33.43675099999999,Ports,Market,-565.7007122318356,15985.060330091781
2050,ben,0.7800873326169679,34.368729,Ports,Market,-852.0041836510209,18590.279801661047
2055,ben,0.9254355764074088,35.0773519999999,Ports,Market,-1157.325747280627,21561.106987471805
2060,ben,1.0868461698113883,35.614166,Ports,Market,-1574.4176607246322,24885.155260821124
2065,ben,1.2642133714786812,36.006835,Ports,Market,-1970.5003082470955,28567.468881977966
2070,ben,1.4602102793447116,36.38398350596205,Ports,Market,-2543.461012349418,32582.217925014047
2075,ben,1.6746785973628167,36.745024564100895,Ports,Market,-3053.456194750105,36918.61865546069
2080,ben,1.9069820318720563,37.08939138832969,Ports,Market,-3755.439119535458,41557.0102673233
2085,ben,2.155949052978017,37.41653883245772,Ports,Market,-4410.440990535834,46468.111309022184
2090,ben,2.4198281518000164,37.725944818971676,Ports,Market,-5236.298710998537,51612.52613143896
2095,ben,2.696259823369962,38.017111719195725,Ports,Market,-6087.149490157276,56940.56161005348
2100,ben,2.9822692399089616,38.28956767975598,Ports,Market,-7014.96050642973,62392.40719279429
2030,bgd,5.431266203943127,198.396591,Ports,Market,-570.8481722019923,19377.9804637818
2035,bgd,6.08302615019111,196.092233,Ports,Market,-1500.3406021955784,21980.76748357563
2040,bgd,6.733893590787288,193.032804,Ports,Market,-2539.5231637877255,24743.445400347304
2045,bgd,7.356824065678982,189.393574,Ports,Market,-3689.3299199355524,27579.80600023973
2050,bgd,7.9402226954069155,185.262633,Ports,Market,-5005.890512710965,30461.516001319338
2055,bgd,8.492422097392724,180.753927,Ports,Market,-6130.433104107576,33426.47900131908
2060,bgd,9.02377072078885,176.005054,Ports,Market,-7545.535862573135,36513.15908297484
2065,bgd,9.541193178411053,171.297294,Ports,Market,-8584.38088048486,39707.992565998
2070,bgd,10.060930036426056,166.94454841712957,Ports,Market,-10115.747361858523,43006.13739144765
2075,bgd,10.58013383446557,162.92567870597568,Ports,Market,-11135.290392190465,46387.881163981736
2080,bgd,11.095798423803018,159.22145130232897,Ports,Market,-12613.129224809994,49830.79478300435
2085,bgd,11.604784342649396,155.81438377762913,Ports,Market,-13703.476459595544,53309.89670475275
2090,bgd,12.103847557507795,152.68860681823722,Ports,Market,-15118.666802468197,56797.885163595696
2095,bgd,12.589671269187816,149.82974049872666,Ports,Market,-16406.53159997491,60265.4377186935
2100,bgd,13.058900403294526,147.22478349314724,Ports,Market,-17731.078513201082,63681.57542492825
2030,bgr,0.2432983417465248,5.042848,Ports,Market,-7.606452784104819,37189.02630374041
2035,bgr,0.25309585502527876,4.881818,Ports,Market,-18.568580771568477,39930.62027286311
2040,bgr,0.26240087605097756,4.729388,Ports,Market,-29.43572313038352,42698.609717768275
2045,bgr,0.27181844625241114,4.592736,Ports,Market,-40.54707672843555,45510.47332907144
2050,bgr,0.2818044973223637,4.473836,Ports,Market,-52.84696889890222,48397.396183480014
2055,bgr,0.2928128103324278,4.373131000000001,Ports,Market,-62.87429934617585,51404.562724540345
2060,bgr,0.30489141582256646,4.28454300000001,Ports,Market,-75.83518177324197,54587.65507158179
2065,bgr,0.31757793023641806,4.196335,Ports,Market,-84.99240198606805,58007.38547062415
2070,bgr,0.33013160981334555,4.114262582522562,Ports,Market,-98.73484635273739,61453.600120238174
2075,bgr,0.34249469151428175,4.03803046477015,Ports,Market,-107.22294464320792,64906.06704329566
2080,bgr,0.35460819839841257,3.967367478647474,Ports,Market,-119.90479709737824,68343.29503997447
2085,bgr,0.36641237991822134,3.9020249577659567,Ports,Market,-128.70260050820758,71742.7321323715
2090,bgr,0.3778471785826207,3.8417752734691732,Ports,Market,-140.38791811278946,75080.99208594917
2095,bgr,0.38885271825999174,3.786410507769414,Ports,Market,-150.73393186415424,78334.10629260408
2100,bgr,0.3993698088810739,3.7357412523213807,Ports,Market,-161.2973652023873,81477.79759172372
2030,bhr,0.1743548659803165,2.302458,Ports,Market,-17.916117361944114,54452.93165277931
2035,bhr,0.18464944107622103,2.306893,Ports,Market,-44.525466387024366,57595.72828508418
2040,bhr,0.19355693952023992,2.290422,Ports,Market,-71.36495177315096,60849.02034895949
2045,bhr,0.2013125238598326,2.257669,Ports,Market,-98.7002421780185,64248.24999214608
2050,bhr,0.20839990242432657,2.215613,Ports,Market,-128.4507001534888,67817.94403719515
2055,bhr,0.2154213207620941,2.170595,Ports,Market,-152.03324712337036,71604.60268651733
2060,bhr,0.22257465955331468,2.124603,Ports,Market,-181.95670102474966,75634.30620431488
2065,bhr,0.22945555392979544,2.07402,Ports,Market,-201.83438921654763,79927.49236148191
2070,bhr,0.23619449025868208,2.02711022627898,Ports,Market,-232.17738155184412,84234.96735238584
2075,bhr,0.2427662464897577,1.9836745420978494,Ports,Market,-249.79801929692596,88533.4045409614
2080,bhr,0.24914559608903228,1.9435309585867202,Ports,Market,-276.89033886132637,92798.3188525213
2085,bhr,0.25530746387575876,1.9065133599188495,Ports,Market,-294.74571252807937,97004.28029211539
2090,bhr,0.2612270855073785,1.8724703533131064,Ports,Market,-319.00578330781593,101125.15138422877
2095,bhr,0.266880169246029,1.8412642326792064,Ports,Market,-340.0235477067156,105134.34574175545
2100,bhr,0.27224305857331826,1.8127700459332363,Ports,Market,-361.3896075897833,109005.10442740805
2030,bhs,0.020906657093800823,0.445260999999999,Ports,Market,-18.619870828187032,39164.98519831732
2035,bhs,0.02234354837628066,0.442368,Ports,Market,-46.697632791051696,42031.190573617576
2040,bhs,0.0238225682479904,0.438442999999999,Ports,Market,-76.12846119049361,45107.783690214404
2045,bhs,0.025328320624502392,0.433284,Ports,Market,-107.6306743309635,48415.024616195544
2050,bhs,0.026849852072616864,0.426799,Ports,Market,-143.4376308175292,51979.588241288606
2055,bhs,0.028361962036230825,0.419049,Ports,Market,-173.4875842941378,55789.343626982096
2060,bhs,0.029862505787165296,0.4103,Ports,Market,-211.59277038007158,59850.461997013634
2065,bhs,0.031356845145867736,0.400918,Ports,Market,-239.06235490738746,64162.32448077558
2070,bhs,0.0328475063713577,0.39220890411357545,Ports,Market,-279.8561101768864,68540.33955733053
2075,bhs,0.03432684604098251,0.38413741119484723,Ports,Market,-306.1377108735637,72956.51795953912
2080,bhs,0.03578692323092229,0.37667121423395145,Ports,Market,-344.7158009732208,77380.53328951352
2085,bhs,0.03721956410284305,0.3697807841448597,Ports,Market,-372.4238701523639,81780.01575707347
2090,bhs,0.03861643263630678,0.36343917437728646,Ports,Market,-408.7283332932843,86120.90314315366
2095,bhs,0.03996910675262763,0.35762184453618145,Ports,Market,-441.36650722681725,90367.8448819922
2100,bhs,0.04126915894368975,0.3523065013859621,Ports,Market,-474.81748546103825,94484.65351995622
2030,blz,0.017138658141188146,0.591210999999999,Ports,Market,-4.9680345704674505,25170.84007601416
2035,blz,0.02025287439479687,0.599851999999999,Ports,Market,-13.776697289519378,29225.16403332586
2040,blz,0.023663988067132453,0.605154,Ports,Market,-24.61286301358109,33742.9636927717
2045,blz,0.027305697098040805,0.607607,Ports,Market,-37.76579746688923,38657.54421786719
2050,blz,0.03113980471033504,0.607429999999999,Ports,Market,-54.144309054359525,43960.40847613287
2055,blz,0.03513754542983736,0.604987000000001,Ports,Market,-69.95508263305653,49647.967810435126
2060,blz,0.03928703581475631,0.600637,Ports,Market,-90.6023716335137,55736.92403833945
2065,blz,0.043569790511193994,0.594581,Ports,Market,-108.11352539576177,62245.167725053914
2070,blz,0.04808193516684422,0.5888858073808309,Ports,Market,-133.33066701692417,69135.81124038399
2075,blz,0.05279928826923946,0.5835420420041584,Ports,Market,-153.2592591945522,76370.34504907388
2080,blz,0.057691676708504495,0.5785409498046759,Ports,Market,-180.8696573320449,83899.63945462562
2085,blz,0.06272294046754655,0.5738743788248434,Ports,Market,-204.27177453420313,91663.9072150623
2090,blz,0.06785110098457522,0.5695347570089673,Ports,Market,-233.74117204921956,99592.98127734939
2095,blz,0.07302870552412943,0.565515071671713,Ports,Market,-262.4727728883971,107606.93336411775
2100,blz,0.07820335452212006,0.5618088505629093,Ports,Market,-292.8479535319407,115617.04776277348
2030,bra,8.683643794732223,219.98681,Ports,Market,-1467.767482623213,32711.538726502422
2035,bra,9.736283529240387,215.662394,Ports,Market,-3861.8831373916387,37328.75592121326
2040,bra,10.81008624586627,210.670582,Ports,Market,-6556.179332443768,42332.79313392043
2045,bra,11.876980385685131,205.115032,Ports,Market,-9578.53078315286,47663.39358409413
2050,bra,12.937228299714956,199.309975,Ports,Market,-13116.731905694227,53310.305653847274
2055,bra,13.989430782526474,193.427095,Ports,Market,-16240.349311773643,59265.51321241279
2060,bra,15.033500383780359,187.625721,Ports,Market,-20216.12363313581,65509.63643229593
2065,bra,16.069087302119286,182.011177,Ports,Market,-23250.550293104297,72018.90480925808
2070,bra,17.120664736925555,176.83697024148006,Ports,Market,-27683.194540490073,78797.89089469322
2075,bra,18.18209037859181,172.074440613558,Ports,Market,-30774.42409988372,85803.67949796314
2080,bra,19.246697043302742,167.6976334998618,Ports,Market,-35184.892906453395,92985.8611103535
2085,bra,20.307348371094957,163.68306348478015,Ports,Market,-38564.05019407196,100286.8579149938
2090,bra,21.35650644052634,160.00950360280336,Ports,Market,-42899.87214693431,107642.46049560749
2095,bra,22.386310723537115,156.65779747463733,Ports,Market,-46915.96491930758,114982.57781246149
2100,bra,23.388667490968032,153.61069199296466,Ports,Market,-51070.45878371498,122232.19572083319
2030,brb,0.0107337268311372,0.274003999999999,Ports,Market,-2.526743632764394,34151.93748244334
2035,brb,0.011900591666986203,0.27208,Ports,Market,-6.574002258680393,38011.29378758829
2040,brb,0.013127088318563742,0.270097,Ports,Market,-11.08780175865677,42102.11992443791
2045,brb,0.01440287057178443,0.267976,Ports,Market,-16.176974386490027,46410.75588963448
2050,brb,0.015723329658555676,0.265513,Ports,Market,-22.201601326748612,50971.79397255268
2055,brb,0.017085737940618618,0.262778,Ports,Market,-27.623865012650697,55784.96189491746
2060,brb,0.018486991553747615,0.25977,Ports,Market,-34.62257737224791,60862.0176079344
2065,brb,0.019915615605957063,0.256305,Ports,Market,-40.13203118754451,66236.57975565802
2070,brb,0.021377688600212733,0.25305715774050125,Ports,Market,-48.14062321703782,71777.92991083991
2075,brb,0.022864496879618525,0.25001924440788487,Ports,Market,-53.89682119425725,77449.74231800878
2080,brb,0.024366366698490106,0.24718454763923445,Ports,Market,-62.03634161101908,83210.77039519764
2085,brb,0.025872739541435957,0.2445468467266735,Ports,Market,-68.42695536250275,89015.18201440925
2090,brb,0.02737227035603542,0.24210038979195841,Ports,Market,-76.57587844424694,94813.02805939192
2095,brb,0.028852948192467892,0.23983987281370692,Ports,Market,-84.21388465028527,100550.84258939647
2100,brb,0.030302238098253678,0.23776042039986134,Ports,Market,-92.14979336622406,106172.36858932246
2030,can,3.37429482437884,43.765387,Ports,Market,-482.68159238720375,60247.54228107286
2035,can,3.6167334109792457,44.224157,Ports,Market,-1214.0731728303133,63837.26621500044
2040,can,3.851119798345425,44.601111,Ports,Market,-1976.6562202348553,67326.87412002232
2045,can,4.072555277286605,44.84643800000001,Ports,Market,-2779.5999623351604,70731.90872728595
2050,can,4.279726613592906,44.926913,Ports,Market,-3672.1708321210817,74116.43591353846
2055,can,4.472702924854325,44.839693,Ports,Market,-4394.280999957656,77524.81220170038
2060,can,4.651916196008317,44.615118,Ports,Market,-5294.099550426972,80948.88013901145
2065,can,4.81578536218379,44.29047600000001,Ports,Market,-5897.006379742189,84322.79196804437
2070,can,4.97694492817841,43.98431024528629,Ports,Market,-6810.529309919312,87655.6534925644
2075,can,5.134731741828125,43.69626351184528,Ports,Market,-7355.061879876987,90931.53091863204
2080,can,5.288477112030965,43.42600095146921,Ports,Market,-8181.879925761632,94134.2100219193
2085,can,5.437511324716086,43.17320944163371,Ports,Market,-8738.804911232524,97247.32347798035
2090,can,5.5811683269019,42.93759697962783,Ports,Market,-9487.971186480732,100254.48489191427
2095,can,5.718790535263995,42.71889211929188,Ports,Market,-10142.961206063628,103139.42807415643
2100,can,5.84973372256335,42.51684344883887,Ports,Market,-10809.928627650312,105886.14997405781
2030,chl,0.6975092855729619,19.854625,Ports,Market,-191.24798070872038,27584.58573435905
2035,chl,0.752019406065366,19.514107,Ports,Market,-483.8676263562664,30223.629274789608
2040,chl,0.8044774452241371,19.111552,Ports,Market,-791.4566657604965,32974.00093381834
2045,chl,0.8527629190045213,18.652049,Ports,Market,-1115.6109560840923,35771.929507796405
2050,chl,0.8957608632152443,18.14083,Ports,Market,-1473.221630733783,38588.84734138701
2055,chl,0.9330061394206826,17.592384,Ports,Market,-1756.9986470058723,41397.33108425735
2060,chl,0.9645261087052853,17.030712,Ports,Market,-2103.98850639176,44154.88641024762
2065,chl,0.9907311873357786,16.482444,Ports,Market,-2325.3560693656045,46807.587112948204
2070,chl,1.01630237614023,15.97835721979713,Ports,Market,-2665.692965719098,49471.68136605695
2075,chl,1.0411529790372063,15.51540653631629,Ports,Market,-2858.59264199898,52131.52814086192
2080,chl,1.0651968811363066,15.090843501357734,Ports,Market,-3158.7955136905452,54770.66794543316
2085,chl,1.08834903245721,14.702189094669281,Ports,Market,-3352.6577299998744,57371.97995507879
2090,chl,1.1105259375577206,14.347209522592841,Ports,Market,-3618.6459734675345,59917.857265656865
2095,chl,1.1316461472405628,14.023894730505873,Ports,Market,-3847.161143468293,62390.397975910135
2100,chl,1.1516307483848403,13.730439338537044,Ports,Market,-4079.1449190090693,64771.60935928556
2030,chn,60.882906835826795,1146.749636,Ports,Market,-6552.307608644806,30524.87998773806
2035,chn,63.27248731758661,1091.65903,Ports,Market,-15979.546848050006,33529.5100896665
2040,chn,65.05110143821298,1038.70914,Ports,Market,-25120.01859634433,36451.53219971716
2045,chn,66.35896166699999,986.647114,Ports,Market,-34075.016799662284,39385.14530505794
2050,chn,67.32197501184746,935.604942999999,Ports,Market,-43459.51595679011,42391.88683171695
2055,chn,68.10119633613381,887.408687000001,Ports,Market,-50337.738501480504,45483.869315166194
2060,chn,68.73471037814025,842.783736000001,Ports,Market,-58851.497158216924,48627.13275308133
2065,chn,69.093767985319,800.2158090000011,Ports,Market,-63653.83000260756,51787.79658211562
2070,chn,69.43665458110044,761.8188272449213,Ports,Market,-71487.15392917964,54991.371472581865
2075,chn,69.76310657335446,727.1881833962738,Ports,Market,-75182.29357997126,58221.477221564135
2080,chn,70.07287187070006,695.9682412494976,Ports,Market,-81563.07240942885,61460.57616277974
2085,chn,70.36571020595885,667.8462697188777,Ports,Market,-85081.30299007436,64690.11725904805
2090,chn,70.64139344585674,642.5472249797639,Ports,Market,-90350.10901717252,67890.70233593373
2095,chn,70.89970588641593,619.829258864559,Ports,Market,-94607.63707241093,71042.27260301814
2100,chn,71.14044453350388,599.4798506048857,Ports,Market,-98906.42190953271,74124.3131120858
2030,civ,0.7645430370957431,52.02046300000001,Ports,Market,-132.02307022300252,11859.27740787829
2035,civ,0.9046117034161352,53.6708639999999,Ports,Market,-366.573230092176,13577.095437863558
2040,civ,1.0597839708923273,54.986079,Ports,Market,-656.6465110973462,15498.844241687328
2045,civ,1.22800424567407,55.948571,Ports,Market,-1011.7782923084119,17619.58843727954
2050,civ,1.4084202083600408,56.671344,Ports,Market,-1458.845421706425,19916.01752816682
2055,civ,1.600737307392428,57.207693,Ports,Market,-1898.4887078253935,22384.47792750535
2060,civ,1.804247365621604,57.565195,Ports,Market,-2478.7143483136424,25030.164518469865
2065,civ,2.019821503612155,57.73067,Ports,Market,-2985.7101635606914,27891.95493764226
2070,civ,2.249086195051324,57.88832313549858,Ports,Market,-3715.303620074583,30919.41962077269
2075,civ,2.4909379191012784,58.03808660357616,Ports,Market,-4307.2656254510885,34096.3855100493
2080,civ,2.7439157170410007,58.17989580831555,Ports,Market,-5124.640677816614,37402.217487224836
2085,civ,3.0061933965613137,58.313689407157774,Ports,Market,-5832.288058716718,40811.78493635385
2090,civ,3.275581714279595,58.43940935505315,Ports,Market,-6722.129176946957,44295.55506315455
2095,civ,3.5495416504555912,58.55700094636313,Ports,Market,-7599.8151828365835,47819.82432939281
2100,civ,3.8252095591304545,58.66641285447079,Ports,Market,-8533.204250274322,51347.09505261272
2030,cmr,0.6410113846746914,55.413945,Ports,Market,-68.13948174216334,8665.721405626438
2035,cmr,0.788362028826672,57.53636400000001,Ports,Market,-196.65701153524026,10262.423419127193
2040,cmr,0.958596084712545,59.190071,Ports,Market,-365.6243723094764,12127.241039752646
2045,cmr,1.1522802825389769,60.455876,Ports,Market,-584.4250356226719,14269.323636471756
2050,cmr,1.370404226516214,61.305912,Ports,Market,-873.7977273810658,16731.645142168967
2055,cmr,1.6124462403033915,61.814446,Ports,Market,-1177.2220494667765,19520.73176086869
2060,cmr,1.877908360120594,62.043666,Ports,Market,-1588.1444042545859,22645.727328841873
2065,cmr,2.165557532798504,62.014443,Ports,Market,-1970.5595952187603,26121.294035644984
2070,cmr,2.4806819571996543,61.98669422602524,Ports,Market,-2522.5773461053723,29929.459987098046
2075,cmr,2.8226632354329064,61.96041767671833,Ports,Market,-3004.574731259342,34062.72902801225
2080,cmr,3.190171175337501,61.93561145567875,Ports,Market,-3667.683330224579,38504.96103632742
2085,cmr,3.5810955116998224,61.91227377123478,Ports,Market,-4276.841406307186,43230.54228593208
2090,cmr,3.992497040827772,61.89040293622782,Ports,Market,-5043.687974351543,48203.792543570984
2095,cmr,4.420583387622436,61.869997367809226,Ports,Market,-5826.336103966223,53378.67252671271
2100,cmr,4.860714103148443,61.85105558724936,Ports,Market,-6674.860268922914,58698.84894838285
2030,cog,0.11478595316297348,11.621461,Ports,Market,-37.8542308455342,6019.097768469634
2035,cog,0.13927388657322404,12.045011,Ports,Market,-107.7819483698418,7078.930079487318
2040,cog,0.16764700168929966,12.376665,Ports,Market,-198.3754275597693,8330.86017927978
2045,cog,0.20009438362569718,12.622091,Ports,Market,-314.8459987983391,9794.5558061041
2050,cog,0.23659721794316294,12.796559,Ports,Market,-468.0200441448515,11475.510857874187
2055,cog,0.27693255353654445,12.905469,Ports,Market,-627.2486746011593,13378.928266459621
2060,cog,0.3208793207446141,12.950438,Ports,Market,-841.8794742380339,15517.974470353549
2065,cog,0.3685315917636393,12.934565,Ports,Market,-1040.36843850726,17924.561228395618
2070,cog,0.42052403205735983,12.919504132349594,Ports,Market,-1326.6514051997533,20568.83966780931
2075,cog,0.47672906449509495,12.905252555670602,Ports,Market,-1574.3024527352738,23447.713566277533
2080,cog,0.5369063272478418,12.891807580856332,Ports,Market,-1915.000822730395,26552.297255874746
2085,cog,0.6006930636656899,12.87916667022576,Ports,Market,-2225.62738819065,29867.288372416842
2090,cog,0.6675976290704232,12.867327436725136,Ports,Market,-2616.4412783356765,33370.48568605248
2095,cog,0.7369968666243112,12.85628764317667,Ports,Market,-3013.520751883394,37032.49624285298
2100,cog,0.8081380150335865,12.846045201573991,Ports,Market,-3442.8669195780794,40816.67287938728
2030,col,2.1991026775271743,57.018611,Ports,Market,-325.8359948119247,30995.67370170845
2035,col,2.4462658401896302,56.394002,Ports,Market,-850.5656813066972,34804.084063777766
2040,col,2.690811240437508,55.57219600000001,Ports,Market,-1430.5504834189571,38785.665115142016
2045,col,2.9246453533371297,54.532819,Ports,Market,-2067.5897010098115,42888.98325073831
2050,col,3.146550422322223,53.348143,Ports,Market,-2796.516494400597,47090.100610378286
2055,col,3.3575702387353052,52.08693,Ports,Market,-3416.79339424301,51379.88554954595
2060,col,3.559229069298789,50.81842,Ports,Market,-4195.579950368923,55733.06641865997
2065,col,3.753697337280461,49.607447,Ports,Market,-4761.015199733973,60113.319582413504
2070,col,3.948536235036359,48.48443658428588,Ports,Market,-5596.673857100968,64590.86411087553
2075,col,4.142701457045377,47.444616588673966,Ports,Market,-6146.502308524273,69137.20220641028
2080,col,4.3350971605015065,46.48362592364344,Ports,Market,-6946.997594757796,73720.88244836856
2085,col,4.524585124309597,45.59748399423072,Ports,Market,-7531.933437417359,78307.78610084811
2090,col,4.70999498737163,44.78256311537008,Ports,Market,-8293.62742273031,82861.48730144299
2095,col,4.8901354573144324,44.03556365410276,Ports,Market,-8983.742688171538,87343.68373885988
2100,col,5.063806356304529,43.3534916592201,Ports,Market,-9692.585906460585,91714.69222621302
2030,com,0.019111317642575572,1.419503,Ports,Market,-11.95204491515599,11562.26487893679
2035,com,0.02329424111578424,1.452683,Ports,Market,-34.186198163266454,13731.084327682092
2040,com,0.027779174041673647,1.477546,Ports,Market,-62.335768535625675,16052.411684095821
2045,com,0.03250147130401697,1.493277,Ports,Market,-96.98223881602195,18529.16160725333
2050,com,0.037412150700210665,1.502721,Ports,Market,-140.34385414988793,21132.694650847476
2055,com,0.04249989221540884,1.507148999999999,Ports,Market,-182.54900706885252,23865.794249741823
2060,com,0.04772297554332414,1.506713,Ports,Market,-237.44422433422073,26727.673976443253
2065,com,0.05309200874818321,1.501228,Ports,Market,-284.228424189089,29755.197448043666
2070,com,0.05876642692736279,1.4960362190828647,Ports,Market,-351.57759561251186,32951.85405949702
2075,com,0.06471674759619342,1.4911346998184112,Ports,Market,-405.28369274738947,36299.5296177001
2080,com,0.07090551534126324,1.4865206540417912,Ports,Market,-479.5968975804693,39775.43353478672
2085,com,0.07728724761073218,1.4821914602073083,Ports,Market,-543.042206887335,43352.10327046731
2090,com,0.08380860017744517,1.4781446609035076,Ports,Market,-622.8890520538016,46997.545126632416
2095,com,0.0904087714043603,1.4743779605262366,Ports,Market,-701.0435806641663,50675.52175759012
2100,com,0.0970201571907706,1.4708892231065913,Ports,Market,-783.8312562771524,54345.99194756496
2030,cpv,0.012780234407497206,0.695847999999999,Ports,Market,-3.851195365416201,12880.828414022677
2035,cpv,0.014040892278292952,0.690381999999999,Ports,Market,-9.928921836243532,14280.931258386094
2040,cpv,0.015299370696113753,0.681987999999999,Ports,Market,-16.542330834155013,15771.731926171065
2045,cpv,0.01651099087497314,0.671257,Ports,Market,-23.73927582730475,17314.00283282569
2050,cpv,0.017676531190933594,0.6585960000000001,Ports,Market,-31.950886538302388,18915.642806768352
2055,cpv,0.01882370183181947,0.645025,Ports,Market,-38.958464064848435,20592.11550080774
2060,cpv,0.01999328970330483,0.631761,Ports,Market,-47.931773672457886,22357.982345509605
2065,cpv,0.021206155283864197,0.6195200000000001,Ports,Market,-54.70228052395116,24212.286816521966
2070,cpv,0.022428275575742295,0.6081163725142895,Ports,Market,-64.65363314013219,26119.55608882373
2075,cpv,0.023652798177711067,0.5975117969479715,Ports,Market,-71.372369878507115,28068.51309277041
2080,cpv,0.024872433137063603,0.5876710175702099,Ports,Market,-81.06245725268256,30046.472085261976
2085,cpv,0.02607951485315446,0.5785616475064334,Ports,Market,-88.29383844470155,32039.434365732606
2090,cpv,0.027266073433275816,0.5701539904251247,Ports,Market,-97.644965433921,34032.21811378993
2095,cpv,0.028423914775670342,0.5624208785398457,Ports,Market,-106.19974814951412,36008.621795828214
2100,cpv,0.02954470842519177,0.555337525684519,Ports,Market,-115.01260945762743,37951.61959261715
2030,cri,0.22935917494147057,5.714681,Ports,Market,-37.45363682233751,33287.80558495974
2035,cri,0.2477531813571447,5.659395000000001,Ports,Market,-94.93968155225937,36227.00348882983
2040,cri,0.26444808157885424,5.579778,Ports,Market,-154.9475457991393,39131.510495726456
2045,cri,0.2789683483411859,5.476208000000009,Ports,Market,-217.35538620698617,41965.83053221795
2050,cri,0.29150864192822673,5.351755,Ports,Market,-285.53440785872834,44770.45681775918
2055,cri,0.3023171542021886,5.21436,Ports,Market,-339.063256426917,47545.710941876154
2060,cri,0.31167058085259597,5.071476,Ports,Market,-404.9078511413988,50283.09562261774
2065,cri,0.3196599950837899,4.92783100000001,Ports,Market,-446.84091244203165,52954.36945696334
2070,cri,0.3274445004469059,4.795233434755651,Ports,Market,-511.5120841405344,55616.511463766685
2075,cri,0.33499888934744376,4.672994824918617,Ports,Market,-547.7874838177761,58254.31043839174
2080,cri,0.34229819284174623,4.560490202914771,Ports,Market,-604.5430671431477,60852.018797626675
2085,cri,0.3493178147662043,4.457152773701241,Ports,Market,-640.8741737235603,63393.50139880973
2090,cri,0.3560336669157753,4.362469138673943,Ports,Market,-690.9386222769152,65862.39647917866
2095,cri,0.3624223042591582,4.275975026191238,Ports,Market,-733.7965375485635,68242.28658846051
2100,cri,0.3684610591516766,4.197251478803027,Ports,Market,-777.2817864950233,70516.87710486464
2030,cyp,0.07078108555917284,1.466256,Ports,Market,-3.144182519349038,41132.09898200931
2035,cyp,0.07603173141074042,1.465152,Ports,Market,-7.925671423751007,44094.79833403974
2040,cyp,0.080991919127572,1.456386,Ports,Market,-12.909179017635072,47123.631204966085
2045,cyp,0.08557609024520049,1.439871,Ports,Market,-18.137631281029883,50222.40060280828
2050,cyp,0.08987310806148444,1.417,Ports,Market,-23.946907082726963,53446.61788119103
2055,cyp,0.09408934106153331,1.390674,Ports,Market,-28.705890078616502,56854.35585598352
2060,cyp,0.09841206313752839,1.363848,Ports,Market,-34.77934322535438,60466.657381998346
2065,cyp,0.10282805495590391,1.336744,Ports,Market,-39.101094579401405,64280.3908532477
2070,cyp,0.10721149579803577,1.3115069105976618,Ports,Market,-45.55879252705016,68118.3328518191
2075,cyp,0.111541255441998,1.288049476210285,Ports,Market,-49.61544817507993,71956.64086481334
2080,cyp,0.11579561682187904,1.2662914804125693,Ports,Market,-55.63235078758377,75770.04169564867
2085,cyp,0.11995244459430013,1.2461592872150271,Ports,Market,-59.865110923479904,79532.08012169729
2090,cyp,0.12398936596121359,1.2275854241522026,Ports,Market,-65.45540194673002,83215.40133868704
2095,cyp,0.12788396186476234,1.2105082038641977,Ports,Market,-70.43515518022734,86792.06353908617
2100,cyp,0.13161396642253256,1.1948713811886518,Ports,Market,-75.52687665573681,90233.87607638058
2030,deu,4.653542858006373,79.28470600000001,Ports,Market,-612.243097726139,42505.674421033495
2035,deu,4.849395404230484,78.73916700000001,Ports,Market,-1497.195212579444,44624.46601416215
2040,deu,5.0385898477660325,78.189718,Ports,Market,-2378.5681038178463,46715.29926848792
2045,deu,5.207773758520497,77.50963800000001,Ports,Market,-3269.112655915905,48732.60008914911
2050,deu,5.348245959857356,76.643921,Ports,Market,-4220.663121752863,50638.418497135914
2055,deu,5.460803395515173,75.64690399999999,Ports,Market,-4934.427601805789,52412.51957928455
2060,deu,5.550300177356126,74.5844399999999,Ports,Market,-5809.50542503575,54058.12242104575
2065,deu,5.619105401766675,73.461989,Ports,Market,-6328.4029237244595,55593.00683807997
2070,deu,5.685280672654871,72.41170815235564,Ports,Market,-7155.375173075812,57092.83660228088
2075,deu,5.748711352080716,71.43093073008659,Ports,Market,-7573.585683113061,58552.49668979711
2080,deu,5.80928648454388,70.51718703656857,Ports,Market,-8266.234767387743,59966.90646501299
2085,deu,5.86689911772937,69.66819400685485,Ports,Market,-8672.073674213963,61331.04878961354
2090,deu,5.921446614822814,68.88184566766525,Ports,Market,-9258.455064302272,62639.99940335627
2095,deu,5.972830957129401,68.15620440004888,Ports,Market,-9743.23700422596,63888.95633839505
2100,deu,6.0209590357568095,67.48949295379721,Ports,Market,-10233.280299079848,65073.269123216254
2030,dji,0.02531570213182291,1.476122999999999,Ports,Market,-31.961975725747074,12780.75763976315
2035,dji,0.028659421400017,1.47797,Ports,Market,-84.91056135054723,14449.322786390547
2040,dji,0.0320790667500653,1.474683999999999,Ports,Market,-145.32213487852457,16207.833628088636
2045,dji,0.035533554891101486,1.465015,Ports,Market,-214.0522989116955,18069.881929464027
2050,dji,0.038998220990272725,1.449606999999999,Ports,Market,-295.3368064816188,20040.555601037388
2055,dji,0.042518234380032424,1.428774,Ports,Market,-368.68793218807684,22165.800943154132
2060,dji,0.04610146997689381,1.403997,Ports,Market,-463.0638985912552,24455.51660916826
2065,dji,0.04972430303131712,1.376307,Ports,Market,-537.4017904393199,26905.31812576714
2070,dji,0.053436455947141526,1.3505203040252223,Ports,Market,-645.3890716554059,29463.05443423887
2075,dji,0.05721577628361261,1.3265485174070084,Ports,Market,-723.3530142186773,32113.702840701044
2080,dji,0.06103757903328317,1.3043103579380424,Ports,Market,-833.461803454138,34839.3921740527
2085,dji,0.06487483557186356,1.2837311949846717,Ports,Market,-920.2250875022253,37619.486976791944
2090,dji,0.068698423499122,1.2647426304850011,Ports,Market,-1030.7680210383583,40430.74861719144
2095,dji,0.07247743626584925,1.2472821185275749,Ports,Market,-1134.5648555070857,43247.57570297637
2100,dji,0.07617954975069037,1.2312926205369676,Ports,Market,-1242.48472898635,46042.32363301129
2030,dnk,0.3656839565881107,6.341729000000001,Ports,Market,-64.91541926630195,41266.297259570114
2035,dnk,0.3844175904933063,6.401049,Ports,Market,-160.13854009160622,43011.635162877945
2040,dnk,0.4021834327453727,6.461122,Ports,Market,-256.1725194603703,44615.565865033954
2045,dnk,0.41895959360849516,6.516046999999999,Ports,Market,-354.85562768510596,46120.51619021477
2050,dnk,0.43405422476587174,6.555937,Ports,Market,-462.1841896483692,47528.18629815019
2055,dnk,0.44704810461038985,6.57722500000001,Ports,Market,-545.0499168975495,48830.269669037894
2060,dnk,0.45807323488226354,6.586453000000001,Ports,Market,-646.9331207811708,50003.011659123455
2065,dnk,0.4674566349680543,6.591498,Ports,Market,-710.3461841603066,51027.591141009834
2070,dnk,0.47655346857436703,6.596294421084231,Ports,Market,-809.270881391042,52022.8605221259
2075,dnk,0.4853392311242103,6.600841705460044,Ports,Market,-862.7365899687225,52986.25309845299
2080,dnk,0.49378987189678913,6.605139323532083,Ports,Market,-948.0448831774075,53915.24363523718
2085,dnk,0.5018819018579106,6.609186774005011,Ports,Market,-1000.9621436971403,54807.3591895153
2090,dnk,0.5095925008227694,6.612983583980903,Ports,Market,-1075.0669543128902,55660.18989846371
2095,dnk,0.5168996232788923,6.61652930905126,Ports,Market,-1137.7085935285882,56471.39966898951
2100,dnk,0.5237821021928448,6.619823533383645,Ports,Market,-1201.1621300321608,57238.73670332412
2030,dom,0.6809607530963461,13.605327,Ports,Market,-208.21946555349675,39168.644074088086
2035,dom,0.7479386301139422,13.592163,Ports,Market,-536.6805587718192,43015.02667173566
2040,dom,0.8153821573044928,13.539076,Ports,Market,-894.595795511885,47025.325781606494
2045,dom,0.882151926967396,13.448394,Ports,Market,-1287.0049896694038,51162.16210604921
2050,dom,0.9480605627488098,13.33164,Ports,Market,-1738.8593890518132,55404.39053894581
2055,dom,1.0137698619835827,13.1934,Ports,Market,-2129.014807288766,59798.396167443
2060,dom,1.0797662058455184,13.039716,Ports,Market,-2626.706122026064,64369.94786806661
2065,dom,1.1465838162796156,12.870055,Ports,Market,-3001.178433716789,69176.89907559521
2070,dom,1.2139885848618184,12.710974151821462,Ports,Market,-3551.0285860021163,74077.28141296539
2075,dom,1.281599734670028,12.562128814467876,Ports,Market,-3924.122122380737,79040.82625316267
2080,dom,1.3490110100359611,12.42319880738239,Ports,Market,-4461.280200431925,84034.35178225745
2085,dom,1.415794127827137,12.293887259010674,Ports,Market,-4863.775384857058,89022.05564155383
2090,dom,1.4815027830729903,12.173919546164148,Ports,Market,-5383.593275634841,93965.87790872049
2095,dom,1.5456771688764623,12.063042318862172,Ports,Market,-5860.044323303541,98825.93114700189
2100,dom,1.607848956934873,11.961022605790253,Ports,Market,-6351.166691543933,103560.9922515327
2030,dza,1.6051499111931335,64.0752,Ports,Market,-331.76518891670213,16112.867348105356
2035,dza,1.8634387898127944,64.568813,Ports,Market,-903.8180305961167,18623.126013286437
2040,dza,2.152780095724576,64.933188,Ports,Market,-1596.5454594804771,21463.555398948705
2045,dza,2.4753670423246312,65.246545,Ports,Market,-2441.1384906835838,24640.795200817167
2050,dza,2.8379855621505783,65.49538700000001,Ports,Market,-3518.4755366570125,28233.94040655651
2055,dza,3.2478341724383157,65.605348,Ports,Market,-4610.511647437628,32360.96947838266
2060,dza,3.7079964009329345,65.532883,Ports,Market,-6097.292505493026,37105.42239662223
2065,dza,4.212696061858418,65.2168449999999,Ports,Market,-7453.5317678734955,42495.572497164896
2070,dza,4.757421229281386,64.91805681457687,Ports,Market,-9406.480124741276,48364.980907628444
2075,dza,5.34020550399765,64.63629116181879,Ports,Market,-11052.589655074902,54699.539447345014
2080,dza,5.958037797603067,64.37133416979582,Ports,Market,-13318.742772855561,61473.18578223063
2085,dza,6.606802107185441,64.12298510560635,Ports,Market,-15341.953886540476,68646.92159434503
2090,dza,7.281246690476968,63.89105612157083,Ports,Market,-17885.104676823223,76168.14898822021
2095,dza,7.974987901879373,63.67537201812328,Ports,Market,-20437.516113219543,83970.39907750727
2100,dza,8.680553014568785,63.47577002298116,Ports,Market,-23177.76885744725,91973.51779586532
2030,ecu,0.5029045386766711,22.148377,Ports,Market,-80.50211950035225,16734.712432516106
2035,ecu,0.5704417424566508,22.127966,Ports,Market,-214.28102298488105,19002.181120772424
2040,ecu,0.6411964504159533,22.007437,Ports,Market,-368.28096548930756,21479.013453889704
2045,ecu,0.7135974906578656,21.799422,Ports,Market,-545.0202922364033,24135.70851230113
2050,ecu,0.7870971518596169,21.515577,Ports,Market,-755.7518846498056,26976.52972318404
2055,ecu,0.8614339718277071,21.174346,Ports,Market,-947.0737843088438,30004.17844557357
2060,ecu,0.9365064040833166,20.79176,Ports,Market,-1192.6555168835953,33223.7196352561
2065,ecu,1.0123144486264453,20.392899,Ports,Market,-1387.1517033785387,36620.49573865117
2070,ecu,1.0901617538393031,20.021250063900457,Ports,Market,-1669.371602450477,40174.13108647005
2075,ecu,1.1695832371207153,19.675578209302113,Ports,Market,-1874.7516974448981,43864.11310787882
2080,ecu,1.2500570545847094,19.354746895352772,Ports,Market,-2164.1948368645276,47665.81610887961
2085,ecu,1.3310084547777865,19.057711773691988,Ports,Market,-2393.738652277313,51550.59931831889
2090,ecu,1.411815015032311,18.783515001421392,Ports,Market,-2685.777809800153,55486.01641970744
2095,ecu,1.4918132452160024,18.531280072589617,Ports,Market,-2960.868244422172,59436.140869654126
2100,ecu,1.5703065036632204,18.300207128996984,Ports,Market,-3247.2461233869208,63362.00760163932
2030,egy,8.708304773816822,183.488565,Ports,Market,-770.3271430334788,41111.48566788448
2035,egy,10.221131794229986,188.169675,Ports,Market,-2121.735400295537,46909.155510689074
2040,egy,11.824761942557195,192.031397,Ports,Market,-3753.1886193164405,53014.423644752234
2045,egy,13.504787342413586,195.18917,Ports,Market,-5699.895963785068,59383.722427524895
2050,egy,15.253836522160366,197.617954,Ports,Market,-8093.750389025673,66045.83600783128
2055,egy,17.078024452588792,199.49619,Ports,Market,-10375.74458701745,73021.2027363778
2060,egy,18.974000464772146,200.615357,Ports,Market,-13353.127560061284,80424.74696775684
2065,egy,20.92367094650616,200.998176,Ports,Market,-15844.050811543424,88244.07097285887
2070,egy,22.966179088380404,201.36254802911262,Ports,Market,-19434.37810837131,96380.76646934982
2075,egy,25.090076648990742,201.7083683560508,Ports,Market,-22224.62436370393,104783.93082685566
2080,egy,27.28148455108985,202.03553735979685,Ports,Market,-26100.83140905619,113393.67720091663
2085,egy,29.52412832991326,202.34396057737354,Ports,Market,-29342.210181380673,122141.46209957924
2090,egy,31.799438758411117,202.6335487492462,Ports,Market,-33429.6293106303,130950.66265336706
2095,egy,34.08672124470934,202.90421786232432,Ports,Market,-37386.05783061052,139737.4105952317
2100,egy,36.36339549322331,203.1558891905347,Ports,Market,-41554.20978966486,148411.68160378007
2030,esp,2.6144706491109093,49.382894,Ports,Market,-208.01500104639376,41464.695221020396
2035,esp,2.76399737454111,48.974681,Ports,Market,-516.0587716998054,44151.72157749433
2040,esp,2.8960422281721567,48.54545,Ports,Market,-826.7651819687836,46617.37620824027
2045,esp,3.015441085522535,48.197021,Ports,Market,-1144.7201585767727,48835.02344916972
2050,esp,3.1268189343061628,47.939424,Ports,Market,-1492.2540150129882,50853.32994692529
2055,esp,3.230662998071519,47.666288,Ports,Market,-1765.3978890541173,52783.473913289235
2060,esp,3.323010040491427,47.255732,Ports,Market,-2103.4153955961756,54701.90055577333
2065,esp,3.3969443959747876,46.641708,Ports,Market,-2313.5883405444647,56590.86115135648
2070,esp,3.4687447657887365,46.06596468684294,Ports,Market,-2640.1192879733435,58442.795097763854
2075,esp,3.538203920267021,45.527256554868885,Ports,Market,-2818.9320318562186,60249.86997555563
2080,esp,3.605117832576089,45.0244264653462,Ports,Market,-3102.237978594532,62004.23866548256
2085,esp,3.6692866578628562,44.556401491174476,Ports,Market,-3279.9459343062563,63698.09477451033
2090,esp,3.730515710926293,44.122189089133755,Ports,Market,-3527.3640402637907,65323.72942535332
2095,esp,3.7886164358542773,43.72087358050326,Ports,Market,-3737.4413598519163,66873.58884509637
2100,esp,3.843407360983753,43.351612922524104,Ports,Market,-3950.3567712900103,68340.33216172834
2030,est,0.049329679158537344,1.158096,Ports,Market,-3.5882943257927216,31054.816749812955
2035,est,0.050391595053525126,1.138542999999999,Ports,Market,-8.601783874623024,32280.058795435503
2040,est,0.05117132306233657,1.119557,Ports,Market,-13.355889504035003,33347.7420795581
2045,est,0.05167338685621092,1.101276,Ports,Market,-17.93429435558611,34246.56675124934
2050,est,0.051966023785813074,1.083918,Ports,Market,-22.674013117993194,35004.9592232939
2055,est,0.052129513087219345,1.067527,Ports,Market,-26.043748733592842,35667.40293720365
2060,est,0.05219386390343929,1.051895,Ports,Market,-30.205200751257756,36255.49655287476
2065,est,0.05209765624750652,1.035654,Ports,Market,-32.440289231618415,36769.72242348659
2070,est,0.05200642744469906,1.0204632691919822,Ports,Market,-36.189043856283114,37265.460324311476
2075,est,0.051920151501641185,1.0062831375633954,Ports,Market,-37.818698525178284,37741.79376457757
2080,est,0.051838803842292655,0.9930768881073261,Ports,Market,-40.78303113398922,38197.83554308516
2085,est,0.051762361296276094,0.9808105978485068,Ports,Market,-42.30269205930976,38632.73051384763
2090,est,0.05169080208787366,0.9694529921086343,Ports,Market,-44.68518537030512,39045.65826975218
2095,est,0.0516241058256856,0.9589753111315545,Ports,Market,-46.560236067412056,39435.83573239887
2100,est,0.05156225349294402,0.9493511882692376,Ports,Market,-48.453000358454815,39802.51963662565
2030,fin,0.3017792666611025,5.47653600000001,Ports,Market,-20.946867758283286,42953.78643672826
2035,fin,0.31849615697006917,5.492871,Ports,Market,-51.878157346043984,45151.76183795311
2040,fin,0.3343327966227567,5.508154999999999,Ports,Market,-83.26741397096237,47216.5415330516
2045,fin,0.34903441388450196,5.513268,Ports,Market,-115.59406588723189,49196.18961426225
2050,fin,0.3628371735655262,5.505796,Ports,Market,-151.06734812109502,51158.11012206792
2055,fin,0.37596364310818936,5.488167000000001,Ports,Market,-179.23202108241136,53124.07858078162
2060,fin,0.3884445955029143,5.467093,Ports,Market,-214.50690941231449,55042.11081930473
2065,fin,0.399912186166508,5.447237,Ports,Market,-237.61896208229427,56814.597924870686
2070,fin,0.4111280142155064,5.42844230948012,Ports,Market,-272.99021640476457,58549.3472258342
2075,fin,0.422051535996341,5.410698247791882,Ports,Market,-293.34996302634016,60239.38899282444
2080,fin,0.4326423053449496,5.393994745446681,Ports,Market,-324.79058965870763,61877.7559553855
2085,fin,0.4428602152737021,5.378322334581807,Ports,Market,-345.35879273415355,63457.52970003755
2090,fin,0.45266574429008855,5.3636721400073615,Ports,Market,-373.403038424225,64971.888112849854
2095,fin,0.46202020530237325,5.350035870822185,Ports,Market,-397.6248557090349,66414.15342603294
2100,fin,0.47088599498032574,5.337405812587731,Ports,Market,-422.23524673952437,67777.8404074293
2030,fra,3.6385550152081905,69.99743599999991,Ports,Market,-212.13796988212167,40139.04227580565
2035,fra,3.8404532458844267,70.469078,Ports,Market,-525.4393554997191,42047.4265421127
2040,fra,4.044468009811731,70.9756440000001,Ports,Market,-846.0913810974992,43928.120219539785
2045,fra,4.253221171709417,71.488333,Ports,Market,-1183.1642206290119,45825.591062121595
2050,fra,4.467357212290615,71.950782,Ports,Market,-1562.3174411129116,47783.158609502956
2055,fra,4.685821526752023,72.3526550000001,Ports,Market,-1876.3561129269128,49799.51004897731
2060,fra,4.90428584121343,72.6900599999999,Ports,Market,-2274.823716347414,51835.6255895342
2065,fra,5.114035018758679,72.904084,Ports,Market,-2552.3482139311736,53848.41513719308
2070,fra,5.321818871527341,73.10800545075023,Ports,Market,-2968.177522550351,55832.801360078745
2075,fra,5.526664684096112,73.30173456560772,Ports,Market,-3226.587439332814,57779.795217030136
2080,fra,5.727576987773153,73.48518579501756,Ports,Market,-3611.6458651298776,59680.277208823434
2085,fra,5.923545102423709,73.65827788936552,Ports,Market,-3880.1214610401353,61525.06465837806
2090,fra,6.11355116349143,73.82093395885082,Ports,Market,-4235.976468101128,63304.98228191649
2095,fra,6.296578551975396,73.97308153031699,Ports,Market,-4551.734813871143,65010.9353409309
2100,fra,6.4716206355735295,74.11465260098254,Ports,Market,-4874.291877114195,66633.98460059243
2030,gab,0.11413420984926691,4.005381,Ports,Market,-76.3358936862181,19648.46478758418
2035,gab,0.1289596552220132,4.083545,Ports,Market,-202.40324673183832,21810.81592463127
2040,gab,0.14461081686267827,4.142689000000001,Ports,Market,-347.0404844789733,24147.46224938342
2045,gab,0.16087237193495685,4.186152,Ports,Market,-513.3718148645778,26626.620777699733
2050,gab,0.17756363649360124,4.21204,Ports,Market,-712.3544257412409,29255.43390686661
2055,gab,0.1946771210486532,4.218951,Ports,Market,-894.268500729236,32073.750040015486
2060,gab,0.21219597424770606,4.203391,Ports,Market,-1129.1005221951816,35145.51044643168
2065,gab,0.23008836575843655,4.168251000000001,Ports,Market,-1317.329391146561,38491.54959213764
2070,gab,0.24851939198298637,4.135147079110177,Ports,Market,-1590.0601753982926,41974.44019161393
2075,gab,0.26737906002155054,4.104034541274906,Ports,Market,-1790.7345405402066,45574.49565423545
2080,gab,0.286542680889203,4.074871561263449,Ports,Market,-2072.75055056378,49268.53883756437
2085,gab,0.3058717330983424,4.0476190907389995,Ports,Market,-2298.404483998191,53030.00956596317
2090,gab,0.32521509064811577,4.022240770916641,Ports,Market,-2584.962055719763,56829.16117039879
2095,gab,0.34441061508439375,3.9987028515360725,Ports,Market,-2856.093033306186,60633.34876941671
2100,gab,0.36328710052104085,3.9769741158957443,Ports,Market,-3138.860053555224,64407.409263380156
2030,gbr,4.918608630123687,75.238571,Ports,Market,-378.77607658765135,55589.25658415759
2035,gbr,5.311523605951815,75.941693,Ports,Market,-959.8647506483126,59312.48577400976
2040,gbr,5.693367969914301,76.6425889999999,Ports,Market,-1573.170997744168,62823.37932806129
2045,gbr,6.057444307650436,77.224094,Ports,Market,-2225.7034656990563,66156.19136954025
2050,gbr,6.4011149388469315,77.585617,Ports,Market,-2956.821024027652,69393.16778324758
2055,gbr,6.723982300094242,77.72841199999999,Ports,Market,-3556.369655916677,72559.4886745647
2060,gbr,7.024616692208066,77.729072,Ports,Market,-4303.733942316251,75594.19391414784
2065,gbr,7.29683294598999,77.64390300000001,Ports,Market,-4810.1812562169425,78392.56358264125
2070,gbr,7.565459802836363,77.56308110499685,Ports,Market,-5573.344930117574,81137.81234759963
2075,gbr,7.829317190977586,77.48659269601175,Ports,Market,-6037.470510077309,83817.0145258243
2080,gbr,8.087207032582473,77.41442488122905,Ports,Market,-6735.713346773718,86417.16367535813
2085,gbr,8.337921831516386,77.3465654923743,Ports,Market,-7213.935445160631,88925.27350992811
2090,gbr,8.580253685134057,77.28300308129451,Ports,Market,-7852.553924166899,91328.48232112346
2095,gbr,8.81300363177237,77.22372691673922,Ports,Market,-8414.863713398838,93614.15978610305
2100,gbr,9.034991237632005,77.16872698134117,Ports,Market,-8988.288991147949,95770.01496416115
2030,geo,0.12911776806142028,2.542821,Ports,Market,-14.130827240932803,41600.56162268034
2035,geo,0.1318290673622952,2.442838,Ports,Market,-33.856605243299995,44123.4968446713
2040,geo,0.133782870481117,2.356198,Ports,Market,-52.53497023700791,46330.2674583572
2045,geo,0.1353861902918246,2.281049,Ports,Market,-70.69578847844166,48332.218102013256
2050,geo,0.13722057470284138,2.217927,Ports,Market,-90.0803259182664,50279.166541118975
2055,geo,0.1396979829251159,2.167593,Ports,Market,-105.00543365557145,52269.1935351612
2060,geo,0.14292087479670582,2.12927,Ports,Market,-124.43992842348182,54326.76646756931
2065,geo,0.14674792640304896,2.099188,Ports,Market,-137.4802503096413,56465.513424946854
2070,geo,0.15048098005146668,2.0710138441882893,Ports,Market,-157.54459490970277,58569.72124560559
2075,geo,0.15410752256685709,2.0446807748195455,Ports,Market,-168.88702130649537,60629.35644399716
2080,geo,0.1576151335175581,2.0201268788796676,Ports,Market,-186.5624568763919,62634.28988183776
2085,geo,0.16099155421618794,1.9972948447006451,Ports,Market,-197.9515142853993,64574.37716577196
2090,geo,0.1642247574853769,1.97613173826571,Ports,Market,-213.59482731308674,66439.54207030832
2095,geo,0.16730301764842725,1.9565887979784957,Ports,Market,-227.022140824723,68219.86205693208
2100,geo,0.17021498018837344,1.9386212467785477,Ports,Market,-240.65138925299559,69905.65489822016
2030,gha,0.5213913255841751,61.211171,Ports,Market,-111.12215982694053,6794.988985084754
2035,gha,0.6244603154705874,63.461477,Ports,Market,-312.31465977355373,7837.924502813354
2040,gha,0.7403280716430616,65.404849,Ports,Market,-566.1447619145,9002.652136995177
2045,gha,0.8686234841880695,66.98786099999991,Ports,Market,-883.2955401145388,10297.70562829103
2050,gha,1.0094461191799726,68.242553,Ports,Market,-1290.4736864815336,11729.533306477404
2055,gha,1.162605895931354,69.208485,Ports,Market,-1701.8036635114452,13300.6508407321
2060,gha,1.3272881829247138,69.897463,Ports,Market,-2250.528983840205,15012.374985454368
2065,gha,1.5030856644013006,70.336118,Ports,Market,-2742.252047981498,16869.251561437886
2070,gha,1.692213198091762,70.75545547079238,Ports,Market,-3450.104666459141,18850.78855805958
2075,gha,1.8939313629603791,71.15509101818823,Ports,Market,-4041.959605345278,20947.661055428503
2080,gha,2.107152660930236,71.53465638214135,Ports,Market,-4857.10659747414,23147.212371378762
2085,gha,2.3304242220840266,71.89380000021868,Ports,Market,-5580.151841609345,25433.354712601576
2090,gha,2.5619203174412126,72.2321875484094,Ports,Market,-6488.928899532722,27786.564954122157
2095,gha,2.7994462758131218,72.54950245811268,Ports,Market,-7397.617525668745,30183.987671570227
2100,gha,3.040455084033007,72.84544640818847,Ports,Market,-8371.137633634453,32599.65436865431
2030,gmb,0.0462987525062249,5.042642,Ports,Market,-4.498586566167852,8237.727463290765
2035,gmb,0.05641330351004007,5.199052,Ports,Market,-12.862902523563486,9699.49845066936
2040,gmb,0.0679366983213903,5.320889,Ports,Market,-23.68523145663586,11371.083152715311
2045,gmb,0.0808059881983392,5.407698000000001,Ports,Market,-37.46173925719815,13258.561631706449
2050,gmb,0.09500352484292263,5.468826,Ports,Market,-55.370143594282105,15356.370056046668
2055,gmb,0.11050948931090275,5.50622200000001,Ports,Market,-73.74735103393984,17675.03928490792
2060,gmb,0.12726121598811804,5.521885,Ports,Market,-98.3751418189465,20220.351097128678
2065,gmb,0.14533137433677384,5.516582,Ports,Market,-120.87957862750328,23026.53318876888
2070,gmb,0.16493556309575566,5.511548988151925,Ports,Market,-153.30680059183473,26057.51165956959
2075,gmb,0.186013238233395,5.506785221819277,Ports,Market,-180.98455175806964,29301.15917564118
2080,gmb,0.2084638752728595,5.502289997864666,Ports,Market,-219.06972399182075,32739.110944559437
2085,gmb,0.23214414711000253,5.498062652476824,Ports,Market,-253.4187181455782,36346.42523944357
2090,gmb,0.2568662205167764,5.494102561007232,Ports,Market,-296.6089923332335,40091.43175481703
2095,gmb,0.28239740274054653,5.49040913781629,Ports,Market,-340.2125690453675,43935.80028937715
2100,gmb,0.30846133537192044,5.486981836128986,Ports,Market,-387.1832357041681,47834.85573360666
2030,gnb,0.023411733333641358,3.568298,Ports,Market,-7.317816448299402,5287.891352007293
2035,gnb,0.02867706782861486,3.63739400000001,Ports,Market,-21.034555562513937,6343.331702872438
2040,gnb,0.03475934925398128,3.680417,Ports,Market,-38.9839628267131,7585.938788222896
2045,gnb,0.04165948377954395,3.701766,Ports,Market,-62.12972419048075,9024.020846226233
2050,gnb,0.04936164828642922,3.705672,Ports,Market,-92.5479353890973,10662.941506805062
2055,gnb,0.05787692592838559,3.693006999999999,Ports,Market,-124.24915958851,12523.842302594847
2060,gnb,0.06722713448606263,3.666020999999999,Ports,Market,-167.1764325908181,14629.13213505039
2065,gnb,0.07746775943357237,3.626279,Ports,Market,-207.27918993306545,17013.12379771939
2070,gnb,0.08867829759127432,3.588933387136054,Ports,Market,-265.158534759544,19644.018005754864
2075,gnb,0.1008357259005792,3.553917698026689,Ports,Market,-315.6118005277748,22518.437146486227
2080,gnb,0.11389187844120296,3.5211699784741475,Ports,Market,-385.02192466729315,25626.45126025016
2085,gnb,0.1277710838614552,3.49063260025738,Ports,Market,-448.69856505964054,28950.85347250986
2090,gnb,0.1423684903882042,3.462252091635207,Ports,Market,-528.8498047806396,32466.61856652547
2095,gnb,0.15754925969940692,3.435978980859782,Ports,Market,-610.5864660473783,36140.60051380186
2100,gnb,0.17314879223322402,3.411767652057448,Ports,Market,-699.1597649000379,39931.51990007666
2030,gnq,0.06447495372236213,3.39421,Ports,Market,-35.679570811789574,15861.325809764117
2035,gnq,0.07623356346841766,3.514952,Ports,Market,-98.9977802808804,18066.769271714285
2040,gnq,0.0890790164688773,3.606967999999999,Ports,Market,-176.87660741000263,20523.473033824914
2045,gnq,0.10296995932642117,3.667773,Ports,Market,-271.8796624608911,23274.877363306416
2050,gnq,0.11778034619535627,3.705597,Ports,Market,-390.9583987726881,26287.727184177154
2055,gnq,0.13327362528308045,3.719835,Ports,Market,-506.53896040717575,29560.755004317314
2060,gnq,0.14915453851269636,3.70978,Ports,Market,-656.6705888610115,33093.09451941771
2065,gnq,0.16530135667706203,3.674441,Ports,Market,-783.0540944820649,36939.05260594824
2070,gnq,0.1823014186694247,3.641188754051709,Ports,Market,-965.0703013339727,41010.633879524474
2075,gnq,0.20006305769792454,3.609971708177967,Ports,Market,-1108.62928173367,45285.50279368678
2080,gnq,0.21847231677463272,3.5807417075671477,Ports,Market,-1307.5844830281012,49735.14761240785
2085,gnq,0.23739300297343666,3.553453872449439,Ports,Market,-1475.9466354066487,54324.851936868676
2090,gnq,0.2566673493530065,3.5280664829549493,Ports,Market,-1687.98947080336,59013.84679493544
2095,gnq,0.27611732883094203,3.504540872539021,Ports,Market,-1894.5458039481355,63755.65829071933
2100,gnq,0.2955466443873349,3.4828413295926666,Ports,Market,-2112.8255165246014,68498.65939578613
2030,gtm,0.5999840871940109,25.76571,Ports,Market,-52.65978283259545,19640.579217614246
2035,gtm,0.6861358167575498,26.011545,Ports,Market,-141.31884376920885,22191.403154025087
2040,gtm,0.7753228955767705,26.122207,Ports,Market,-244.1677743137997,24905.47549406592
2045,gtm,0.8654807281590275,26.089229,Ports,Market,-362.4385061640225,27764.93343410272
2050,gtm,0.9556139431479702,25.938863,Ports,Market,-503.0960965013093,30754.417254617645
2055,gtm,1.0461574513588212,25.695909,Ports,Market,-630.6326399909489,33898.586378739325
2060,gtm,1.136988164825009,25.380174,Ports,Market,-793.9219070670678,37203.13139033595
2065,gtm,1.2284343181240602,25.020612,Ports,Market,-922.9497074048722,40666.69102939381
2070,gtm,1.3222952892633362,24.68386733357861,Ports,Market,-1110.217586408959,44255.14646007113
2075,gtm,1.4180103893167118,24.369139679009475,Ports,Market,-1246.2627228371089,47945.569477132165
2080,gtm,1.51495146534093,24.075686840148936,Ports,Market,-1438.0792259692162,51711.48788129743
2085,gtm,1.612427578620621,23.802821820023617,Ports,Market,-1589.9874918359908,55523.07288406041
2090,gtm,1.7096913216171363,23.54991013137883,Ports,Market,-1783.312952701124,59347.42339998333
2095,gtm,1.805946753000896,23.316367329400357,Ports,Market,-1965.292227579973,63148.947647870125
2100,gtm,1.9003588829395306,23.101656753133188,Ports,Market,-2154.6859249889662,66889.83926974001
2030,guy,0.07691404567044105,0.748008999999999,Ports,Market,-410.74088066168673,92058.38181664833
2035,guy,0.06926464488083894,0.7317449999999991,Ports,Market,-868.0096223586048,84436.15711673863
2040,guy,0.06313909400388093,0.7161130000000001,Ports,Market,-1209.8374499763324,78360.94752840562
2045,guy,0.05819602570639565,0.700866,Ports,Market,-1482.836267427509,73526.11773100393
2050,guy,0.05420843937596969,0.686095999999999,Ports,Market,-1736.4341436051538,69704.33912324978
2055,guy,0.05100305210236376,0.6720889999999999,Ports,Market,-1870.6756817444018,66701.51747320396
2060,guy,0.048456833019308,0.659242,Ports,Market,-2058.731980615347,64366.37214304077
2065,guy,0.04647551622363228,0.647983,Ports,Market,-2124.5808409181955,62572.855530102235
2070,guy,0.044670227281149215,0.63746962468843,Ports,Market,-2282.0268840902822,60905.207911256235
2075,guy,0.043026387197973026,0.6276711842766688,Ports,Market,-2300.8484602042145,59355.73876971896
2080,guy,0.04153100329531825,0.6185593446423534,Ports,Market,-2398.719460241659,57917.41266018833
2085,guy,0.04017249809812568,0.6101079903156227,Ports,Market,-2410.2676487558747,56583.795286877576
2090,guy,0.03894055968645184,0.602293099278306,Ports,Market,-2471.3541696000852,55349.00487991689
2095,guy,0.03782601079638452,0.5950926287328278,Ports,Market,-2504.5844505976165,54207.66834933097
2100,guy,0.03682069433650822,0.5884864110775708,Ports,Market,-2540.172826587486,53154.88175303843
2030,hkg,0.4893478634077679,7.222513,Ports,Market,-479.76548804648985,50410.635472018665
2035,hkg,0.4848096704090665,7.111795,Ports,Market,-1115.406664046264,50717.30125376732
2040,hkg,0.4805023068047329,6.988843,Ports,Market,-1690.3365727088194,51147.635973394754
2045,hkg,0.4749197196783073,6.85035000000001,Ports,Market,-2221.616582791146,51572.014292046
2050,hkg,0.4688171131238155,6.698204,Ports,Market,-2757.0452995364635,52062.25997607543
2055,hkg,0.46308731781758544,6.53365500000001,Ports,Market,-3118.2738701598946,52717.63215776796
2060,hkg,0.45845766411545547,6.358687,Ports,Market,-3575.9633147707327,53623.14353363558
2065,hkg,0.45504835751336,6.173015,Ports,Market,-3819.052448254488,54821.633430830894
2070,hkg,0.4518336017868755,6.001777095220917,Ports,Market,-4237.6994564897495,55983.71137759538
2075,hkg,0.4488095595208718,5.844051803640837,Ports,Market,-4406.200613257551,57106.07780247027
2080,hkg,0.44597263457227543,5.69900373498881,Ports,Market,-4728.945180237449,58185.50747971967
2085,hkg,0.4433194649273361,5.565876198252646,Ports,Market,-4883.174750047668,59218.865110928586
2090,hkg,0.44084691604728266,5.443984599545009,Ports,Market,-5136.527759268456,60203.12063571632
2095,hkg,0.4385520746838924,5.332710549415367,Ports,Market,-5331.081732552769,61135.36416593585
2100,hkg,0.436432243147858,5.231496608308472,Ports,Market,-5527.606941279617,62012.82043941716
2030,hnd,0.24345384846465332,14.606827,Ports,Market,-29.905431809453287,13390.658731043039
2035,hnd,0.29404346778782375,14.714894,Ports,Market,-84.76091239056547,16028.224834507546
2040,hnd,0.3504108437769002,14.74258,Ports,Market,-154.44625236765552,19033.72338232127
2045,hnd,0.4111048287970214,14.698715,Ports,Market,-240.94815758728376,22360.444487579363
2050,hnd,0.4752858050682112,14.59986,Ports,Market,-350.20102714067053,25983.623797574586
2055,hnd,0.5426042260798828,14.454841,Ports,Market,-457.7798432690499,29912.216064136057
2060,hnd,0.6127790423144325,14.275117,Ports,Market,-598.8524727981892,34149.70478355844
2065,hnd,0.6857071552051015,14.071302,Ports,Market,-721.03920464182,38703.4724865052
2070,hnd,0.7632342230435663,13.880442247587917,Ports,Market,-896.8743203545156,43599.518033244734
2075,hnd,0.8449849112409343,13.702080269677477,Ports,Market,-1039.377348672464,48816.88168169256
2080,hnd,0.9304638165742042,13.53579189063024,Ports,Market,-1236.1685325734334,54325.364063276254
2085,hnd,1.0190529693618249,13.38118454560105,Ports,Market,-1406.3854052069346,60085.13792043285
2090,hnd,1.1100126850904715,13.237895730796852,Ports,Market,-1620.4360653308418,66046.63361657332
2095,hnd,1.2024861337120551,13.105591582056029,Ports,Market,-1831.4555144009723,72150.73819906366
2100,hnd,1.2955078837958018,12.98396557391943,Ports,Market,-2055.8078099016966,78329.3381233588
2030,hrv,0.13106961594376393,3.13464,Ports,Market,-5.884871232662408,32324.53854101439
2035,hrv,0.13315357343590692,3.062038,Ports,Market,-14.029378012589454,33588.096104799006
2040,hrv,0.13522648062319448,2.991861,Ports,Market,-21.78527701751205,34880.95003601313
2045,hrv,0.13725973671658914,2.924182,Ports,Market,-29.404628538782227,36193.55524534215
2050,hrv,0.1394080459840665,2.85968,Ports,Market,-37.544983324481926,37556.66940327247
2055,hrv,0.1418033620659588,2.798442,Ports,Market,-43.72819248864601,39004.1436650368
2060,hrv,0.1444931362713511,2.738736,Ports,Market,-51.61366104655503,40575.24131890248
2065,hrv,0.14743706748841767,2.678769,Ports,Market,-56.666760533889615,42292.0456119305
2070,hrv,0.15029078335960583,2.6230477280001248,Ports,Market,-64.5516883689745,43988.21185164325
2075,hrv,0.15304663160380866,2.5713572135458347,Ports,Market,-68.80968564927511,45655.601433606986
2080,hrv,0.15569710312696344,2.523500431686978,Ports,Market,-75.60669103138457,47285.945695200855
2085,hrv,0.15823486553772054,2.479297047238978,Ports,Market,-79.81991822240172,48870.91216260445
2090,hrv,0.1606527964459231,2.4385822778987296,Ports,Market,-85.72228763447521,50402.173902044065
2095,hrv,0.16294401633594344,2.401205866144867,Ports,Market,-90.71021955128774,51871.48119197433
2100,hrv,0.16510192080571753,2.367031150906224,Ports,Market,-95.76263362791171,53270.734671245904
2030,hti,0.17864609318157984,15.393235,Ports,Market,-3.3764136723474816,9727.885037965398
2035,hti,0.22543756035703105,15.388419,Ports,Market,-9.998596825653626,12249.604463047994
2040,hti,0.2806911188934612,15.332519,Ports,Market,-19.035189413636967,15269.939668463036
2045,hti,0.3446462454519842,15.230642,Ports,Market,-31.07944660397672,18828.132241822186
2050,hti,0.417609714879502,15.084507,Ports,Market,-47.3436632307098,22978.330087587092
2055,hti,0.5000106623607121,14.898046,Ports,Market,-64.90549304618689,27787.74995984604
2060,hti,0.5918324818497708,14.677027,Ports,Market,-88.99045646589468,33303.19478851148
2065,hti,0.692714210350181,14.434373,Ports,Market,-112.07351376825592,39536.70287570067
2070,hti,0.8048880071390647,14.207662888432793,Ports,Market,-145.52509912169592,46555.765671919864
2075,hti,0.9283666033798258,13.996258248550562,Ports,Market,-175.70029744191348,54372.824957828074
2080,hti,1.062875853763564,13.799569175096707,Ports,Market,-217.26482978173132,62979.94823656161
2085,hti,1.2078151825058958,13.61705152169925,Ports,Market,-256.47011719557116,72345.3967796112
2090,hti,1.3622251976584132,13.448204382904736,Ports,Market,-305.9719129184415,82410.69349717973
2095,hti,1.5247653517269322,13.292567794484576,Ports,Market,-357.31233210873444,93088.44734103602
2100,hti,1.693704417800728,13.149720637179364,Ports,Market,-413.53166060392425,104261.18723540947
2030,idn,11.325349788983965,308.65983,Ports,Market,-1042.4179564587423,25447.54225154237
2035,idn,12.270365992471831,305.830237,Ports,Market,-2650.3207076050057,27867.16800641165
2040,idn,13.191854821599005,302.177569,Ports,Market,-4356.748863111187,30366.85687892077
2045,idn,14.069183142501538,297.658723,Ports,Market,-6178.694762438757,32926.53194083571
2050,idn,14.898056275732653,292.39994,Ports,Market,-8225.248132016002,35545.663986176005
2055,idn,15.66960477460874,286.517043,Ports,Market,-9905.77280360633,38210.2186787723
2060,idn,16.377479982556277,280.119902,Ports,Market,-11992.779450417567,40908.33075005122
2065,idn,17.018227483498507,273.354291,Ports,Market,-13408.84431574536,43624.73984851992
2070,idn,17.650752597559134,267.0821969944035,Ports,Market,-15541.531298698996,46376.45556267505
2075,idn,18.272258962751664,261.2765515786752,Ports,Market,-16841.212731832027,49147.90273474576
2080,idn,18.879905477203767,255.91263000807453,Ports,Market,-18794.67571354137,51922.34202518867
2085,idn,19.470826779647304,250.9678751591411,Ports,Market,-20134.869133648066,54682.015084796556
2090,idn,20.042154768459962,246.42173883135712,Ports,Market,-21923.2631181894,57408.314855449535
2095,idn,20.591040947319364,242.25553882028615,Ports,Market,-23499.11060825194,60081.979176753215
2100,idn,21.114679365919184,238.4523303646986,Ports,Market,-25106.360950302394,62683.305246304844
2030,ind,46.903417143230975,1612.14253,Ports,Market,-3440.067839485151,20338.699540013386
2035,ind,52.4386431461675,1594.675807,Ports,Market,-9025.36183208394,23017.83885738315
2040,ind,57.943021336136574,1570.023735,Ports,Market,-15248.603207905782,25866.821603251035
2045,ind,63.251393068489655,1539.493031,Ports,Market,-22134.525484983147,28833.83655426519
2050,ind,68.32080799596818,1504.980714,Ports,Market,-30056.932424055303,31900.193216974287
2055,ind,73.14362241270418,1468.261304,Ports,Market,-36845.04135311655,35051.35661063287
2060,ind,77.7274800245657,1430.166586,Ports,Market,-45354.42034236684,38289.47604100333
2065,ind,82.11360224534106,1391.607973,Ports,Market,-51554.2403195577,41624.4666324301
2070,ind,86.5155496718658,1355.9648877023194,Ports,Market,-60701.16332453091,45066.57119048091
2075,ind,90.9093753467055,1323.0626277331075,Ports,Market,-66767.02985804058,48595.34254178832
2080,ind,95.26984974372859,1292.7422851335948,Ports,Market,-75572.32168814288,52187.53379060519
2085,ind,99.57067313127523,1264.859463666976,Ports,Market,-82048.02367320421,55817.26801435375
2090,ind,103.78471501666077,1239.2831285202449,Ports,Market,-90462.05412504006,59456.27750035854
2095,ind,107.88427814667966,1215.8945755275595,Ports,Market,-98107.80213021327,63074.21184905147
2100,ind,111.84138391128495,1194.5865085166383,Ports,Market,-105967.8378121139,66639.01216883698
2030,irl,0.9741801307448537,6.273234,Ports,Market,-229.61032081368018,111803.97215884378
2035,irl,1.0394886484485149,6.351009,Ports,Market,-574.9400235710353,117914.07943659206
2040,irl,1.0949044856927166,6.421942,Ports,Market,-925.965437842632,122907.25154356078
2045,irl,1.142439831911807,6.490833999999999,Ports,Market,-1284.7631539540955,126963.62542488285
2050,irl,1.1849972878926145,6.558123,Ports,Market,-1675.3233150338324,130425.62618999857
2055,irl,1.2239370095594024,6.617374,Ports,Market,-1981.3046819550636,133590.9353828303
2060,irl,1.2581442299433165,6.658726,Ports,Market,-2359.2017312350445,136559.2691652556
2065,irl,1.285242181733403,6.675874,Ports,Market,-2593.1275116598945,139231.29202118938
2070,irl,1.3115396906817434,6.692206552651124,Ports,Market,-2957.153687743658,141824.10537041197
2075,irl,1.3369628771628603,6.707717351889352,Ports,Market,-3155.4575861324656,144331.22773432243
2080,irl,1.3614390950073818,6.722400392846087,Ports,Market,-3470.5245190943647,146746.29176850241
2085,irl,1.3848972709993734,6.7362499757166265,Ports,Market,-3667.2781924503,149063.0706819717
2090,irl,1.4072682432161996,6.749260709442221,Ports,Market,-3941.8450664492216,151275.5045247926
2095,irl,1.4284850959998245,6.761427515202341,Ports,Market,-4174.560073579967,153377.72619189665
2100,irl,1.448483489326242,6.772745629714028,Ports,Market,-4410.366746614447,155364.0869897744
2030,irn,3.2762433094383496,103.294673,Ports,Market,-142.78850624788956,19346.385362943787
2035,irn,3.4950536384144386,102.219966,Ports,Market,-357.45518582033515,20951.311373483364
2040,irn,3.6996004530926463,100.633024,Ports,Market,-578.5465805300914,22630.273062361535
2045,irn,3.8937904670276526,98.684343,Ports,Market,-809.7058540012015,24399.06616386523
2050,irn,4.086147418884218,96.60197900000001,Ports,Market,-1068.2189363744505,26274.9168321933
2055,irn,4.286615670437891,94.618495,Ports,Market,-1283.1331087416477,28268.806257857366
2060,irn,4.499732050332817,92.80778900000011,Ports,Market,-1560.2215302929974,30389.113667571866
2065,irn,4.720936816648872,91.05531500000001,Ports,Market,-1761.2948108268686,32642.00703763372
2070,irn,4.941411953380693,89.42190179052947,Ports,Market,-2060.1957403467914,34945.45309711926
2075,irn,5.160037746599709,87.90221681962021,Ports,Market,-2251.9608827913935,37287.011912804905
2080,irn,5.3756530746855375,86.49135035569721,Ports,Market,-2533.921158585886,39652.96261931026
2085,irn,5.587064788784208,85.18478896160336,Ports,Market,-2735.7409386652703,42028.40510015285
2090,irn,5.793057948016478,83.97839134029994,Ports,Market,-3000.512920449808,44397.38917998802
2095,irn,5.992406800507839,82.86836637062852,Ports,Market,-3238.1820059845386,46743.07049710534
2100,irn,6.183886383124621,81.85125316942344,Ports,Market,-3481.6701398472237,49047.8915213389
2030,isl,0.03414925464244726,0.437403,Ports,Market,-4.765837065497098,58631.47101997761
2035,isl,0.035722321951954183,0.441892,Ports,Market,-11.6989879971124,60693.316246247006
2040,isl,0.037109802232886985,0.445573,Ports,Market,-18.582879267411453,62513.39393630056
2045,isl,0.03829260919384546,0.448254,Ports,Market,-25.498258483840274,64103.24846312354
2050,isl,0.039259260025369336,0.449818999999999,Ports,Market,-32.86466497642172,65475.59959561499
2055,isl,0.04002775480715313,0.450370999999999,Ports,Market,-38.367124654873805,66657.93741231503
2060,isl,0.04063696440095082,0.450447999999999,Ports,Market,-45.119235282246954,67643.10144439962
2065,isl,0.04113025968844012,0.450748999999999,Ports,Market,-49.1367216482379,68400.52324562341
2070,isl,0.041604578954108254,0.4510351410785475,Ports,Market,-55.54428913553836,69127.25211125039
2075,isl,0.04205911606667863,0.4513063941859387,Ports,Market,-58.77720944127857,69822.10930419258
2080,isl,0.04249309112974942,0.4515627317453295,Ports,Market,-64.1388321262649,70483.95756895836
2085,isl,0.04290575269370556,0.4518041276574088,Ports,Market,-67.2740611075426,71111.70420898616
2090,isl,0.04329637990815165,0.4520305573048235,Ports,Market,-71.80919735604074,71704.30407125667
2095,isl,0.043664284606305635,0.45224199755636,Ports,Market,-75.5556897047146,72260.76242686227
2100,isl,0.04400881331297732,0.4524384267708796,Ports,Market,-79.34263830450718,72780.1377365003
2030,isr,1.026437382258557,14.90709,Ports,Market,-61.15310243442993,51890.90917437356
2035,isr,1.1321275496545367,15.537051,Ports,Market,-158.28218855796018,54894.971671501226
2040,isr,1.2402761830039453,16.158644,Ports,Market,-265.1373077733946,57806.05671297518
2045,isr,1.3503183920715294,16.773649,Ports,Market,-383.84847155369243,60606.95882765163
2050,isr,1.4628588480950262,17.377295,Ports,Market,-522.7783520398852,63356.046180277226
2055,isr,1.578685214923592,17.96332,Ports,Market,-645.9838144368346,66119.66753591802
2060,isr,1.698075959574605,18.528908,Ports,Market,-804.8698475757952,68925.96797024169
2065,isr,1.8206571406247296,19.074909,Ports,Market,-928.5407485657286,71762.09178180055
2070,isr,1.945515740889572,19.608894781540045,Ports,Market,-1108.8201342592076,74570.1109091116
2075,isr,2.071914830596157,20.12893776214387,Ports,Market,-1236.0863025145766,77337.1048124337
2080,isr,2.199047601487257,20.633115187225158,Ports,Market,-1416.9855653361496,80049.81964314486
2085,isr,2.3260439708337883,21.119520604116,Ports,Market,-1556.962358505226,82694.76310877818
2090,isr,2.451978804098294,21.586275554112294,Ports,Market,-1736.0941395809357,85258.30644357555
2095,isr,2.5758816950231953,22.031541385599752,Ports,Market,-1902.807308440128,87726.79256120007
2100,isr,2.6967481981478754,22.45353108721904,Ports,Market,-2075.560750104149,90086.64932787056
2030,ita,2.4957387518789735,53.187158,Ports,Market,-107.51747019571206,37355.120964548296
2035,ita,2.57798039464168,52.19509,Ports,Market,-260.6214630933865,39262.35443639473
2040,ita,2.6526793058274416,51.358998,Ports,Market,-410.0445726431295,40997.95910540123
2045,ita,2.7223610751610283,50.687047,Ports,Market,-559.5813602133879,42570.573004478225
2050,ita,2.7872571583045507,50.08742100000001,Ports,Market,-720.2546860229114,44042.80116072666
2055,ita,2.8451414963900823,49.440929,Ports,Market,-841.8289277807719,45478.767603954824
2060,ita,2.8931345086802143,48.679481,Ports,Market,-991.5875160488507,46900.56481505935
2065,ita,2.927478444425421,47.78132,Ports,Market,-1079.593807971721,48278.52163621917
2070,ita,2.96049249016879,46.94380999768724,Ports,Market,-1220.0684553397925,49621.0680072467
2075,ita,2.9921216685551824,46.16428670329962,Ports,Market,-1290.7734523386414,50923.088666375676
2080,ita,3.02231281553284,45.440295467171524,Ports,Market,-1408.199186115138,52179.520269437155
2085,ita,3.051014728099201,44.769578353863096,Ports,Market,-1476.7207502829076,53385.38390836294
2090,ita,3.0781783079807634,44.15006236214755,Ports,Market,-1575.9564546019358,54535.81777913352
2095,ita,3.103756700687041,43.57984870451069,Ports,Market,-1657.869907438619,55626.10970138561
2100,ita,3.127705429391245,43.05720306825196,Ports,Market,-1740.6633154652152,56651.72918674031
2030,jam,0.05788581854636032,2.605489999999999,Ports,Market,-11.713084336070716,18025.021098564277
2035,jam,0.06594778277333256,2.536261,Ports,Market,-31.314821727276573,21057.453921354332
2040,jam,0.07458609660279987,2.461506,Ports,Market,-54.153106437153156,24494.113323678128
2045,jam,0.08358059265886192,2.383114999999999,Ports,Market,-80.69416575761782,28298.855340882994
2050,jam,0.09289905689793318,2.304611,Ports,Market,-112.75596723212583,32465.66594570674
2055,jam,0.10255717748308373,2.229835,Ports,Market,-142.5296478211924,36974.705439083395
2060,jam,0.11262044868732435,2.161781,Ports,Market,-181.30043863459395,41803.84462207316
2065,jam,0.1231505569770954,2.101298,Ports,Market,-213.3154128593204,46941.52532065195
2070,jam,0.1340895052784741,2.045446752076505,Ports,Market,-259.557869059091,52409.66541041441
2075,jam,0.14537324037991994,1.9939414051818571,Ports,Market,-294.56044207977135,58179.72695796663
2080,jam,0.15692688436070973,1.9465223445516766,Ports,Market,-343.43235285744225,64214.17177578418
2085,jam,0.1686651227012973,1.9029540049407654,Ports,Market,-383.44098936877424,70466.34532021912
2090,jam,0.18049287264005295,1.8630229132572764,Ports,Market,-434.03991880994533,76880.62981086985
2095,jam,0.19230623923208173,1.826535937747834,Ports,Market,-482.4755722396378,83392.89138070917
2100,jam,0.20399375784779505,1.7933187235481434,Ports,Market,-533.2427845575472,89931.23611494058
2030,jor,0.337108105009085,18.198412,Ports,Market,-9.17849682078885,15927.137137787662
2035,jor,0.39081230667037886,18.52753,Ports,Market,-24.97015580716165,18083.47088829808
2040,jor,0.44766023568851837,18.781767,Ports,Market,-43.73380763760507,20373.63365725668
2045,jor,0.5072990402266441,18.934908,Ports,Market,-65.90282121033056,22833.83446888103
2050,jor,0.5696716860438841,18.994043,Ports,Market,-93.03709476502262,25486.07960059074
2055,jor,0.634284636842563,18.96406,Ports,Market,-118.61145150741247,28337.57632638279
2060,jor,0.7004831395374737,18.864548,Ports,Market,-151.73388025996056,31366.878976366217
2065,jor,0.7677569277869516,18.708034,Ports,Market,-178.94224256078144,34563.838855800765
2070,jor,0.8378048966360772,18.56057932619588,Ports,Market,-218.21549317252794,37903.58012666296
2075,jor,0.9102207413958784,18.42198647672002,Ports,Market,-248.16467147827012,41365.44814998629
2080,jor,0.9845250249204961,18.292070616944066,Ports,Market,-289.9171379588262,44924.78875153357
2085,jor,1.0601673629748238,18.17065916767784,Ports,Market,-324.30299281743635,48553.06540856119
2090,jor,1.1365305229070548,18.05759142220483,Ports,Market,-367.75111353467025,52218.08991450776
2095,jor,1.2129365012883788,17.95271819096184,Ports,Market,-409.47113927417604,55884.37051696836
2100,jor,1.288654585967834,17.85590147276053,Ports,Market,-453.2605370811548,59513.57760955206
2030,jpn,6.058731276223251,96.43999099999999,Ports,Market,-2113.8329769019447,45736.56607963174
2035,jpn,6.171230301258511,92.954799,Ports,Market,-5052.558908396268,48351.83160182412
2040,jpn,6.2610099285952066,89.435694,Ports,Market,-7837.901016357644,51005.898338531086
2045,jpn,6.341642675743228,86.1483079999999,Ports,Market,-10556.703995740168,53655.68373520269
2050,jpn,6.42040888501341,83.172694,Ports,Market,-13436.334389533265,56288.07475793442
2055,jpn,6.492418396083278,80.41215700000001,Ports,Market,-15557.347000378812,58896.97001182733
2060,jpn,6.547215218487841,77.734792,Ports,Market,-18173.061888799493,61464.30297437435
2065,jpn,6.573245398304557,75.0409,Ports,Market,-19631.59511696418,63949.499031994426
2070,jpn,6.59807238447929,72.57039134830566,Ports,Market,-22021.473447933586,66402.80511396335
2075,jpn,6.621681522775838,70.30696319092327,Ports,Market,-23133.8613224848,68813.26689814594
2080,jpn,6.644058826977501,68.23595410104657,Ports,Market,-25070.743223934343,71169.80402201499
2085,jpn,6.665190992664151,66.34418557747297,Ports,Market,-26126.169226638234,73461.29398156884
2090,jpn,6.685065410366416,64.61982188353973,Ports,Market,-27718.20895554345,75676.65906397827
2095,jpn,6.703670178078783,63.052246133810506,Ports,Market,-28999.097402708758,77804.95537033888
2100,jpn,6.7209941131143225,61.63195080533986,Ports,Market,-30292.24851867105,79835.46293002149
2030,khm,0.51955948374494,20.742696,Ports,Market,-49.594408994140586,21103.618036550208
2035,khm,0.6186592208512953,20.651101,Ports,Market,-138.57969030330074,25176.07880523237
2040,khm,0.7226008614181171,20.447703,Ports,Market,-247.4926588698863,29622.649044990805
2045,khm,0.829876897738261,20.158903,Ports,Market,-377.9625024742124,34419.45741508497
2050,khm,0.9402540927702446,19.817535,Ports,Market,-538.3587962666809,39567.37819436727
2055,khm,1.053126192740736,19.436076,Ports,Market,-690.4272402149747,45070.77891235153
2060,khm,1.1672010481864696,19.002906,Ports,Market,-886.391579478901,50959.781966107505
2065,khm,1.2811540027394421,18.518886,Ports,Market,-1046.85262095904,57248.506832849285
2070,khm,1.3999781932013518,18.07077897670398,Ports,Market,-1278.3772511382622,63943.28373164268
2075,khm,1.5229891230712385,17.656528830106726,Ports,Market,-1455.7443221346962,71008.76073850815
2080,khm,1.6493741567432951,17.274261185268823,Ports,Market,-1702.791171024851,78398.3885714844
2085,khm,1.7781958767828674,16.92226921524513,Ports,Market,-1907.0022265402888,86054.27312362813
2090,khm,1.9083988145596262,16.599000892012242,Ports,Market,-2164.8963385422785,93907.366488018
2095,khm,2.0388196864442465,16.303047531603774,Ports,Market,-2413.0100166499483,101878.02810672396
2100,khm,2.1682011608961798,16.033133514607613,Ports,Market,-2673.6591037419103,109876.97505607666
2030,kor,2.7555371778643627,40.27092700000001,Ports,Market,-1201.3377562554456,44877.34408215509
2035,kor,2.729849668779848,38.152461,Ports,Market,-2792.854022301042,47058.34537937743
2040,kor,2.6902323362136933,36.148126,Ports,Market,-4208.380929936251,49082.775062434644
2045,kor,2.6375821763749436,34.250874,Ports,Market,-5486.589263582247,50928.48374318728
2050,kor,2.575671849789875,32.468225,Ports,Market,-6735.634633106945,52608.55500927953
2055,kor,2.506312937037541,30.747903,Ports,Market,-7504.7150702707995,54204.9402720691
2060,kor,2.4311323430068965,29.069959,Ports,Market,-8432.375986933435,55766.664468903466
2065,kor,2.353287142590559,27.507702,Ports,Market,-8782.548117417928,57203.058440285335
2070,kor,2.281702185773976,26.103317666219436,Ports,Market,-9516.081002686367,58606.636527496514
2075,kor,2.2159478026332957,24.840774376339066,Ports,Market,-9674.070286015609,59973.53238731141
2080,kor,2.1556360857048946,23.70604547608063,Ports,Market,-10164.337059745543,61299.93921884824
2085,kor,2.100417068575176,22.686850767554887,Ports,Market,-10288.17988220029,62582.127932912474
2090,kor,2.049975330551907,21.772435354561836,Ports,Market,-10621.30821286227,63816.465086992954
2095,kor,2.004026981158229,20.95338027169095,Ports,Market,-10832.913606229202,64999.430462173994
2100,kor,1.9623169839283818,20.22144022141354,Ports,Market,-11051.90217607517,66127.634160346
2030,kwt,0.5528780426300735,5.614737,Ports,Market,-31.97184980740094,61932.946992614816
2035,kwt,0.5753722820147806,5.543323,Ports,Market,-78.07967763297341,65532.09950272274
2040,kwt,0.5965303432170467,5.469161000000001,Ports,Market,-123.77626256738753,69124.88139356939
2045,kwt,0.6180510486691706,5.405680999999999,Ports,Market,-170.52983337623021,72734.0071850538
2050,kwt,0.6414284469210391,5.35346,Ports,Market,-222.49270529794887,76508.91997973193
2055,kwt,0.6668421441153263,5.300115,Ports,Market,-264.85094182842107,80642.66432853178
2060,kwt,0.692912490519135,5.228879,Ports,Market,-318.78605984705547,85254.93723611778
2065,kwt,0.7176157710599156,5.127147,Ports,Market,-355.2361549387401,90382.12044601815
2070,kwt,0.7419205581113298,5.032381913128837,Ports,Market,-410.42721164553893,95556.60636333247
2075,kwt,0.765725994935017,4.944263819535969,Ports,Market,-443.4071308146471,100751.91129913142
2080,kwt,0.7889302994896438,4.8624984220472,Ports,Market,-493.42576038339297,105939.86813307239
2085,kwt,0.8114314571764545,4.786815402498007,Ports,Market,-527.1866699999233,111090.84983724417
2090,kwt,0.8331279403549002,4.716966926678392,Ports,Market,-572.5595282791004,116174.02579354681
2095,kwt,0.853919447887217,4.652726286271645,Ports,Market,-612.2632465922123,121157.64834058071
2100,kwt,0.8737076574805788,4.593886667328322,Ports,Market,-652.6999533362679,126009.36625652615
2030,lbn,0.14526077860826922,7.389493000000001,Ports,Market,-4.968677274875236,18604.925178752972
2035,lbn,0.16514190471783022,7.436367000000001,Ports,Market,-13.255629735709181,20921.235825749416
2040,lbn,0.1859317307569935,7.457186,Ports,Market,-22.819826466847,23380.660255165414
2045,lbn,0.207426462271501,7.45097300000001,Ports,Market,-33.85276765020107,25984.083871972765
2050,lbn,0.229626797187566,7.411209,Ports,Market,-47.113365452039574,28784.473625389302
2055,lbn,0.2522263458975884,7.33727,Ports,Market,-59.25471731146557,31786.28189804127
2060,lbn,0.2747044554465118,7.232638,Ports,Market,-74.75506702543413,34954.42153623476
2065,lbn,0.296895717321805,7.102316,Ports,Market,-86.93269011554044,38289.23765970132
2070,lbn,0.31968044453684225,6.9807409088003025,Ports,Market,-104.60412531932435,41746.218377009645
2075,lbn,0.34292251829438875,6.867536058088156,Ports,Market,-117.45710343036573,45302.01732132588
2080,lbn,0.3664692819787675,6.762354189586257,Ports,Market,-135.57348516049538,48929.641586678445
2085,lbn,0.390152671583564,6.664875673703642,Ports,Market,-149.9343583499529,52598.66015043557
2090,lbn,0.41379074861907245,6.574806884741537,Ports,Market,-168.2068676770778,56275.51732705914
2095,lbn,0.43718963086318374,6.4918787210503215,Ports,Market,-185.41511648600195,59923.95122725106
2100,lbn,0.460145804696334,6.415845259656973,Ports,Market,-203.32786777200994,63505.5135160122
2030,lka,0.5473987799616254,22.64833,Ports,Market,-105.24570103603953,17367.83386097464
2035,lka,0.6070326264670685,22.400952,Ports,Market,-273.8818341393233,19485.92346087848
2040,lka,0.6693851461547466,22.112799,Ports,Market,-461.7883953423333,21782.3635224627
2045,lka,0.7341987429567363,21.787123,Ports,Market,-673.5219828802739,24265.174123302106
2050,lka,0.8013735181209346,21.436009,Ports,Market,-924.1972357262666,26937.514770700163
2055,lka,0.8699326045642763,21.058246,Ports,Market,-1148.7518111216002,29786.981051526003
2060,lka,0.9391410328962885,20.657308,Ports,Market,-1436.527242577486,32803.227096113435
2065,lka,1.008620614984009,20.234737,Ports,Market,-1660.0269731529102,35990.34064013994
2070,lka,1.0795094480148972,19.84150655601448,Ports,Market,-1985.4881892627227,39310.039782271844
2075,lka,1.1513873411241569,19.476212068456206,Ports,Market,-2216.730266505678,42742.944233477065
2080,lka,1.223792040959637,19.137563390299174,Ports,Market,-2544.7957223362396,46266.22412741239
2085,lka,1.2962229595030874,18.82437720749541,Ports,Market,-2799.976642232211,49853.71926590852
2090,lka,1.368145886702613,18.535570121610288,Ports,Market,-3126.104376201228,53476.149173504666
2095,lka,1.4389986561796129,18.27015237786065,Ports,Market,-3430.392326461089,57101.41612192868
2100,lka,1.5081977052469053,18.027222187523062,Ports,Market,-3746.0005232629346,60695.00036181656
2030,ltu,0.09519949102233868,1.872388999999999,Ports,Market,-11.40516181273262,40173.53007222917
2035,ltu,0.09508438926594057,1.80547,Ports,Market,-26.73170745505941,41557.92453165045
2040,ltu,0.09488451196441096,1.748405,Ports,Market,-40.787638057488294,42768.19377532852
2045,ltu,0.09459848065360135,1.699925,Ports,Market,-54.074010921925804,43797.97129916621
2050,ltu,0.09427247388248576,1.657608,Ports,Market,-67.74556466214864,44702.71429621539
2055,ltu,0.09401401185464568,1.620329,Ports,Market,-77.35697369153117,45546.04684791342
2060,ltu,0.09391820859632632,1.588215999999999,Ports,Market,-89.51568414276284,46358.703000945854
2065,ltu,0.09396300868115194,1.56093,Ports,Market,-96.36304245637919,47129.57426374261
2070,ltu,0.09400558906339289,1.535453642136209,Ports,Market,-107.73599330835695,47870.19873490867
2075,ltu,0.09404594665309098,1.5117120671417534,Ports,Market,-112.82303225684765,48578.796064064205
2080,ltu,0.09408407851785877,1.4896361724621732,Ports,Market,-121.90674123577446,49253.64726895913
2085,ltu,0.09411998188323459,1.4691622759131893,Ports,Market,-126.68430649480017,49893.10170638608
2090,ltu,0.09415365413301856,1.4502318083977983,Ports,Market,-134.052380249807,50495.58382205724
2095,ltu,0.09418509280959031,1.432791033599686,Ports,Market,-139.9045563269419,51059.59964067744
2100,ltu,0.0942142956142078,1.416790792767948,Ports,Market,-145.8117922750922,51583.74295866653
2030,lva,0.058246065689111795,1.30938,Ports,Market,-1.9229001276178583,34088.761065214654
2035,lva,0.06005232440278368,1.270929,Ports,Market,-4.652331022913213,36184.464294669284
2040,lva,0.06181579968462377,1.23679,Ports,Market,-7.322443482385456,38249.01265702961
2045,lva,0.06353188302991698,1.206142,Ports,Market,-10.00735851154212,40282.171428551635
2050,lva,0.0652493420482595,1.178172,Ports,Market,-12.920978612044976,42324.2924530978
2055,lva,0.06703902390168784,1.152433,Ports,Market,-15.200500064872744,44425.95175232078
2060,lva,0.06890471169108757,1.128148,Ports,Market,-18.097624069849818,46613.30100619742
2065,lva,0.07072403929872736,1.103442,Ports,Market,-19.98683161579234,48881.7372863171
2070,lva,0.07249803536313275,1.0804852991509981,Ports,Market,-22.895845743619503,51137.36263053466
2075,lva,0.07422081899575869,1.0591893142086484,Ports,Market,-24.53616793451766,53368.471143470626
2080,lva,0.07588655686018943,1.0394728572213443,Ports,Market,-27.09566052470735,55563.009329388304
2085,lva,0.07748949523181699,1.0212616179793226,Ports,Market,-28.7413473332074,57708.679301154276
2090,lva,0.07902399237849994,1.0044876954528918,Ports,Market,-31.004135387957692,59793.04940931165
2095,lva,0.08048455101418904,0.989089174068551,Ports,Market,-32.94469732914446,61803.67097265494
2100,lva,0.08186585057028173,0.9750097411063426,Ports,Market,-34.914186617050476,63728.199633653756
2030,mar,1.1583200174359036,44.4217449999999,Ports,Market,-215.75260640999034,18870.00183902578
2035,mar,1.3433273633857348,44.24773,Ports,Market,-587.1647892400628,21981.652247437076
2040,mar,1.5444908744524608,43.945127,Ports,Market,-1032.2365666431003,25460.940322624727
2045,mar,1.7634701794023464,43.52469000000001,Ports,Market,-1567.2317009622059,29367.195664247927
2050,mar,1.9991924795301284,43.034147,Ports,Market,-2233.630015146364,33690.04249665521
2055,mar,2.2519145129874922,42.469269,Ports,Market,-2880.84206508991,38473.99159031454
2060,mar,2.521828833388204,41.84187,Ports,Market,-3737.0215768872954,43754.680134849696
2065,mar,2.807761780610264,41.137272,Ports,Market,-4476.870290731793,49576.344722343194
2070,mar,3.110197065225228,40.47917575339766,Ports,Market,-5541.862122885956,55838.73848618654
2075,mar,3.4275766674307353,39.86568998782975,Ports,Market,-6393.012118161816,62516.80018783535
2080,mar,3.757911749085182,39.29506796211871,Ports,Market,-7570.400011094834,69573.96546510213
2085,mar,4.098778906313351,38.76569914956855,Ports,Market,-8577.40941849681,76961.64661459503
2090,mar,4.447328315330689,38.27610163475765,Ports,Market,-9844.580305984742,84619.04230580022
2095,mar,4.800304842897264,37.824915173403205,Ports,Market,-11086.109682426993,92473.32673965617
2100,mar,5.154082799802608,37.41089486962909,Ports,Market,-12401.89066666571,100440.25652339603
2030,mdg,0.3628145794989585,57.503786,Ports,Market,-79.24301670263864,5265.737985662547
2035,mdg,0.46273530906752663,59.75377,Ports,Market,-237.1698958612282,6447.760537945868
2040,mdg,0.5839023827599406,61.632299,Ports,Market,-457.5967391937356,7869.400026031185
2045,mdg,0.7267274260249619,63.165612,Ports,Market,-757.33044927267,9533.805755581054
2050,mdg,0.8922826422695174,64.395723,Ports,Market,-1168.982077239381,11454.710654503984
2055,mdg,1.0822244194893877,65.329568,Ports,Market,-1623.4303454718633,13661.771253655501
2060,mdg,1.2986243661112,65.986185,Ports,Market,-2256.536315294953,16191.544027489168
2065,mdg,1.5434156837512978,66.36189999999999,Ports,Market,-2885.6652069069037,19088.754923740602
2070,mdg,1.819803552571361,66.72086154923298,Ports,Market,-3802.2537630838256,22332.102763410785
2075,mdg,2.1285340130452073,67.06276986909224,Ports,Market,-4655.300550717068,25924.869745015843
2080,mdg,2.469579245522319,67.38733803884111,Ports,Market,-5833.698741168318,29861.41071392606
2085,mdg,2.8419927460256873,67.69429239556001,Ports,Market,-6973.862709265919,34125.7490967181
2090,mdg,3.2437804957272376,67.98337291749878,Ports,Market,-8419.731707207671,38690.38858618282
2095,mdg,3.671798424301536,68.25433359008484,Ports,Market,-9943.469925419562,43515.444399875254
2100,mdg,4.121686674208144,68.50694275386843,Ports,Market,-11629.479079131615,48548.19641747699
2030,mdv,0.03127337286579405,0.7377210000000001,Ports,Market,-10.699311757670722,37724.48105974443
2035,mdv,0.03347891616053842,0.7411810000000001,Ports,Market,-26.878384521293125,40054.05352534449
2040,mdv,0.035276141074113164,0.738576999999999,Ports,Market,-43.30405781371712,42202.46590553615
2045,mdv,0.03658151182099937,0.729634,Ports,Market,-59.71457799643796,44142.48395931055
2050,mdv,0.03748118797624411,0.714658,Ports,Market,-76.91722457920733,46010.54164606351
2055,mdv,0.03809600568460479,0.695496,Ports,Market,-89.5159907853572,47881.035281229226
2060,mdv,0.038598142269714586,0.675045,Ports,Market,-105.0582184972442,49801.59154852145
2065,mdv,0.039067162376184905,0.6557969999999991,Ports,Market,-114.41415334924064,51698.40143961365
2070,mdv,0.03951814575001349,0.6380327892833794,Ports,Market,-129.33557498161602,53555.937920036566
2075,mdv,0.039950325213934254,0.6216594073380063,Ports,Market,-136.86496759757816,55365.02507112148
2080,mdv,0.04036295854240548,0.606592492937372,Ports,Market,-149.3512537542268,57116.48326299435
2085,mdv,0.040755330568618145,0.5927555578541595,Ports,Market,-156.65335410727965,58801.205875140855
2090,mdv,0.04112675523490688,0.5800793374048812,Ports,Market,-167.21533027091047,60410.23760434133
2095,mdv,0.041476577578401695,0.5685012100793565,Ports,Market,-175.9409354002691,61934.85342594252
2100,mdv,0.04180417564393402,0.5579646794191114,Ports,Market,-184.7607859556271,63366.63723905065
2030,mex,4.915473631804545,152.576934,Ports,Market,-929.958863765695,25277.886570666735
2035,mex,5.359999015634803,152.594193,Ports,Market,-2379.6535362344753,27528.679612086496
2040,mex,5.7959714555643735,152.1555,Ports,Market,-3934.513223067546,29818.862746355837
2045,mex,6.212247931502995,151.339146,Ports,Market,-5607.699666671008,32095.431545728312
2050,mex,6.604879288820989,150.231439,Ports,Market,-7495.358167210563,34335.423508571126
2055,mex,6.969788292197979,148.889292,Ports,Market,-9056.450437243551,36516.278606006446
2060,mex,7.303659074863805,147.409673,Ports,Market,-10993.130165645001,38604.35888920514
2065,mex,7.603367891084358,145.736824,Ports,Market,-12313.772798780918,40602.183188926036
2070,mex,7.899775013629342,144.16565224062032,Ports,Market,-14297.279597359571,42594.72854402923
2075,mex,8.191528636591123,142.69322084552076,Ports,Market,-15518.658700072607,44571.186755079405
2080,mex,8.477250125876546,141.3167943471832,Ports,Market,-17345.95144664787,46520.33742689874
2085,mex,8.755544232870237,140.03383019268355,Ports,Market,-18610.398490619093,48430.646215608554
2090,mex,9.025009897666058,138.84197089317206,Ports,Market,-20291.61340095157,50290.37200933429
2095,mex,9.284251533065238,137.73903678302943,Ports,Market,-21778.508267308785,52087.68177543555
2100,mex,9.531890669170243,136.72301935747527,Ports,Market,-23296.272500429117,53810.77160533445
2030,mlt,0.042496057191747205,0.506869,Ports,Market,-29.932431963053865,63156.53438644633
2035,mlt,0.043641207751895894,0.499123999999999,Ports,Market,-72.13412709479299,65843.31678122428
2040,mlt,0.044453753778886634,0.488247,Ports,Market,-112.34874092164547,68540.96427046438
2045,mlt,0.044926924696980876,0.474790999999999,Ports,Market,-150.9863394679889,71210.40943533323
2050,mlt,0.045105575570446685,0.459435,Ports,Market,-190.56920992688183,73858.97736510269
2055,mlt,0.04513288868848302,0.443198999999999,Ports,Market,-218.33660746410118,76585.9880565426
2060,mlt,0.045185052897014376,0.427247,Ports,Market,-253.20406366967998,79511.23687674312
2065,mlt,0.04537701410687539,0.412367,Ports,Market,-273.5999700748387,82703.23113557909
2070,mlt,0.045560151995865,0.39872332336330035,Ports,Market,-306.9861983149414,85850.27128662363
2075,mlt,0.04573435127646914,0.386225394187715,Ports,Market,-322.5720616540055,88938.02521274298
2080,mlt,0.045899501867523236,0.37479177666509644,Ports,Market,-349.6601181801524,91952.02379354365
2085,mlt,0.04605549900986302,0.3643492895103094,Ports,Market,-364.45928346714794,94877.77274857282
2090,mlt,0.04620224337681389,0.3548322231039097,Ports,Market,-386.7470011417696,97700.86818280541
2095,mlt,0.046339641179356766,0.34618164759173453,Ports,Market,-404.69598565291466,100407.114553417
2100,mlt,0.04646760426581443,0.3383448017028055,Ports,Market,-422.81721975293453,102982.64370814989
2030,mmr,0.7679641359304782,54.863617,Ports,Market,-200.72039443720217,10027.112849011077
2035,mmr,0.8793190817198404,53.775706,Ports,Market,-539.321475590924,11722.144158667583
2040,mmr,0.998014755136077,52.609245,Ports,Market,-935.9527590047404,13609.70177835945
2045,mmr,1.122182281755759,51.400842,Ports,Market,-1399.4312526569586,15674.49937091012
2050,mmr,1.2515615459253977,50.160199,Ports,Market,-1962.1486782220452,17927.511427190482
2055,mmr,1.3861808210855897,48.914367,Ports,Market,-2488.344517393659,20376.838036457382
2060,mmr,1.5260872296373302,47.642896,Ports,Market,-3173.309495101336,23049.4519695203
2065,mmr,1.670639906927097,46.3556119999999,Ports,Market,-3737.8354484011334,25952.890746088557
2070,mmr,1.820972530981154,45.16573479866601,Ports,Market,-4552.964641980314,29055.28131742724
2075,mmr,1.9762086174650852,44.067417538961365,Ports,Market,-5172.1869263472745,32342.328096565183
2080,mmr,2.1353189912637958,43.05534242725228,Ports,Market,-6036.1230845986265,35794.547927894055
2085,mmr,2.2971268203631676,42.124677701562604,Ports,Market,-6745.430841155968,39387.13408997069
2090,mmr,2.4603166231029516,41.27103904559621,Ports,Market,-7642.088960929122,43089.96970942739
2095,mmr,2.623447369209907,40.49045501563416,Ports,Market,-8501.700128433806,46867.80751651733
2100,mmr,2.784969670706942,39.77933609705861,Ports,Market,-9403.294776478831,50680.62760268941
2030,mne,0.016265758275886836,0.598596999999999,Ports,Market,-1.3236773084547595,23738.918957076385
2035,mne,0.016961736996805334,0.591421999999999,Ports,Market,-3.2391330570208714,24974.494001146726
2040,mne,0.017634104161763753,0.583664,Ports,Market,-5.149056004046571,26224.820350871047
2045,mne,0.018294103368838327,0.575500999999999,Ports,Market,-7.103240790550729,27503.040755107886
2050,mne,0.018955286112552493,0.5672050000000001,Ports,Market,-9.252674667375928,28820.069909574606
2055,mne,0.019642151601346056,0.55883,Ports,Market,-10.978346382603219,30213.32719808771
2060,mne,0.020357599499986022,0.550218,Ports,Market,-13.180044792050307,31700.113894511076
2065,mne,0.021096599777754094,0.5411910000000001,Ports,Market,-14.696267154653142,33289.41260442725
2070,mne,0.021824135135788136,0.5327560440386359,Ports,Market,-16.989678950659794,34867.706685331475
2075,mne,0.02253714836382937,0.5248895803304637,Ports,Market,-18.365283387675618,36426.00240634809
2080,mne,0.02323255034704621,0.5175698425076434,Ports,Market,-20.447935115930594,37955.03918899615
2085,mne,0.023907241335430752,0.510776748907192,Ports,Market,-21.85805095827156,39445.37627708156
2090,mne,0.02455813308181139,0.504491810420467,Ports,Market,-23.750550676679083,40887.4857857093
2095,mne,0.025182171638923955,0.49869804631084885,Ports,Market,-25.40878235999658,42271.850924665116
2100,mne,0.025776360590002753,0.49337990746109983,Ports,Market,-27.098074118958593,43589.06804161505
2030,moz,0.6518252226377326,68.95959299999991,Ports,Market,-169.46717636407357,8059.907530111899
2035,moz,0.8264475420217703,71.901769,Ports,Market,-504.2203593477832,9773.836454274313
2040,moz,1.031933266071312,74.257716,Ports,Market,-962.6589400678533,11783.974435297825
2045,moz,1.2681108701008978,76.06049400000009,Ports,Market,-1573.0743705996463,14098.369786199231
2050,moz,1.5357573099877362,77.281198,Ports,Market,-2395.0035481291397,16757.345399590224
2055,moz,1.8342272453310857,78.06427000000001,Ports,Market,-3275.273961119074,19757.844829499372
2060,moz,2.163512184809884,78.492873,Ports,Market,-4475.03346466845,23112.48733035843
2065,moz,2.5220582166697114,78.606618,Ports,Market,-5613.016296875544,26828.040382476214
2070,moz,2.919125667203423,78.71483233783152,Ports,Market,-7260.182595589672,30921.538862751295
2075,moz,3.354518099306196,78.81749231746866,Ports,Market,-8733.240733545177,35386.76425733228
2080,moz,3.827053815762912,78.9145754158807,Ports,Market,-10761.275812072767,40207.3650874928
2085,moz,4.334441745071525,79.00606029125969,Ports,Market,-12660.81785090374,45355.760400226936
2090,moz,4.873182721064531,79.09192679083185,Ports,Market,-15056.97233795324,50792.32639146407
2095,moz,5.438505272794635,79.17215595824908,Ports,Market,-17531.41011256313,56464.95178168642
2100,moz,6.024344550255139,79.2467300405566,Ports,Market,-20233.604284974932,62309.04023174673
2030,mrt,0.1410547348511709,9.510854,Ports,Market,-40.959647411648,10723.384927683299
2035,mrt,0.16885398996780132,9.909952000000011,Ports,Market,-115.06162982995566,12326.567891669973
2040,mrt,0.20014514492127,10.24213,Ports,Market,-208.53550303070298,14144.763618032444
2045,mrt,0.234722273344788,10.500674,Ports,Market,-325.20741679527555,16188.866336717265
2050,mrt,0.27240036326819345,10.705829,Ports,Market,-474.46628918718324,18437.62388877945
2055,mrt,0.3129911851218435,10.863391,Ports,Market,-624.2243529162348,20889.22834157114
2060,mrt,0.35630168293687325,10.976731,Ports,Market,-823.1309364005959,23547.16104704614
2065,mrt,0.4023849471047209,11.04715,Ports,Market,-1000.223446183878,26437.662012963832
2070,mrt,0.4518263392380936,11.114477220923744,Ports,Market,-1255.1059987503702,29522.41053386424
2075,mrt,0.5044207281832354,11.178649635668918,Ports,Market,-1466.7372642628952,32787.66583445486
2080,mrt,0.559875281345747,11.239606848648815,Ports,Market,-1758.3470445927812,36214.6733944466
2085,mrt,0.6178056964448534,11.29729119016543,Ports,Market,-2015.5547863928077,39779.501316846974
2090,mrt,0.6777349035124356,11.351647807016128,Ports,Market,-2338.831413000034,43453.0147576752
2095,mrt,0.7390946069969334,11.40262474913538,Ports,Market,-2661.040213329811,47201.00660064288
2100,mrt,0.8012299571026151,11.450173052080594,Ports,Market,-3005.624603977962,50984.49813968723
2030,mus,0.06642778089541258,1.140719,Ports,Market,-195.94569178877802,47080.81316596039
2035,mus,0.07040266218587526,1.110981,Ports,Market,-487.3328755290148,51143.635941417306
2040,mus,0.07399331628572865,1.08003,Ports,Market,-783.1498530266865,55195.12759501711
2045,mus,0.07719974319497272,1.04814,Ports,Market,-1086.5242623586664,59234.427743581735
2050,mus,0.0799975461871241,1.016077,Ports,Market,-1415.4410241540277,63206.231153028464
2055,mus,0.08243908896780566,0.9843390000000001,Ports,Market,-1670.1643876177152,67116.4836406839
2060,mus,0.08461430790154499,0.953585999999999,Ports,Market,-1985.693852776154,70982.96442964551
2065,mus,0.0866466317230245,0.9243880000000001,Ports,Market,-2187.884661820939,74850.67096423991
2070,mus,0.08862371239844923,0.8974992172548685,Ports,Market,-2500.784294708018,78711.9944874344
2075,mus,0.09053947437405276,0.8727666142899906,Ports,Market,-2674.3288173086776,82544.90405768971
2080,mus,0.09238791708841515,0.8500517425705729,Ports,Market,-2947.446373050311,86326.51700790951
2085,mus,0.09416314559879084,0.8292294479650945,Ports,Market,-3120.6214640453636,90033.31460965292
2090,mus,0.09585940130883462,0.8101867176122338,Ports,Market,-3360.4018265883833,93641.3766036805
2095,mus,0.09747109257875056,0.7928216532692287,Ports,Market,-3564.8780071437973,97126.63150805408
2100,mus,0.09899282499461516,0.7770425580319872,Ports,Market,-3772.2347422896128,100465.11917433438
2030,mys,2.3607441835185834,42.68212,Ports,Market,-1037.342257383069,39653.91985182847
2035,mys,2.5000779594660663,42.816839,Ports,Market,-2577.966956168777,41892.994481967326
2040,mys,2.629746754801508,42.725021,Ports,Market,-4146.230796731042,44192.96495548652
2045,mys,2.749605231470589,42.421119,Ports,Market,-5764.758060214437,46572.39042867392
2050,mys,2.8609160138201863,41.931209,Ports,Market,-7540.6257773365705,49059.893644203294
2055,mys,2.966794786389707,41.311859,Ports,Market,-8953.662278420254,51676.13062654269
2060,mys,3.0698576341568464,40.612901,Ports,Market,-10731.832531796816,54431.40549169099
2065,mys,3.1704679022573963,39.857,Ports,Market,-11925.683148337344,57323.40163348678
2070,mys,3.2691801490391645,39.15225967994382,Ports,Market,-13742.075008886108,60216.13300614067
2075,mys,3.3656086540107797,38.49641613358163,Ports,Market,-14809.064262842274,63094.509244677814
2080,mys,3.4593662821981117,37.88738410373422,Ports,Market,-16440.47840718416,65942.79582452249
2085,mys,3.550066975347498,37.32324589491438,Ports,Market,-17526.0419358778,68744.7466623145
2090,mys,3.637328315952643,36.80224127198905,Ports,Market,-18994.425831410415,71483.74977185059
2095,mys,3.7207741412821798,36.32275827012675,Ports,Market,-20271.65999155619,74142.98431439676
2100,mys,3.8000371832633517,35.88332484860275,Ports,Market,-21570.986425142703,76705.58709834082
2030,nga,6.536748406812837,510.225273,Ports,Market,-455.7207305859646,10490.225091649245
2035,nga,8.052130378359957,544.6212219999991,Ports,Market,-1317.341783554806,12081.76517364796
2040,nga,9.830786710553612,577.4223020000001,Ports,Market,-2459.1877838091095,13884.692653057404
2045,nga,11.89345845649909,608.080367,Ports,Market,-3956.241310838585,15918.948248335117
2050,nga,14.26275761623324,635.681993,Ports,Market,-5964.439741524435,18224.459751328126
2055,nga,16.959189012188165,660.151932,Ports,Market,-8120.488514103616,20824.489276585082
2060,nga,19.998343868793782,680.539640000001,Ports,Market,-11092.094403413299,23772.459193923245
2065,nga,23.384379845898103,696.729725,Ports,Market,-13955.636097453818,27096.523018454955
2070,nga,27.145758007058625,712.4762108274637,Ports,Market,-18104.198745919686,30697.315993299544
2075,nga,31.282343639181317,727.7310832290133,Ports,Market,-21838.71890131848,34563.05381658274
2080,nga,35.784449936060255,742.4469400164684,Ports,Market,-26982.123301176718,38674.59884291617
2085,nga,40.63154870381221,756.5772311681854,Ports,Market,-31825.449766598158,43004.938491693174
2090,nga,45.791221672954634,770.0764995741488,Ports,Market,-37939.3399267535,47518.86823557766
2095,nga,51.21844642347466,782.9006207219265,Ports,Market,-44273.74711033982,52172.92299612298
2100,nga,56.85530701665276,795.00703958891,Ports,Market,-51205.550814352566,56915.59487266578
2030,nic,0.17606847401625522,8.820995000000002,Ports,Market,-42.01413125789392,15492.092597486724
2035,nic,0.2117798239633347,8.810926,Ports,Market,-118.59026080481901,18637.987218220667
2040,nic,0.2515781020007057,8.764918,Ports,Market,-215.40363497073795,22235.683935003217
2045,nic,0.2944417724039744,8.68591900000001,Ports,Market,-335.2361229531961,26236.04131977767
2050,nic,0.34001435767977073,8.586637000000001,Ports,Market,-486.67628268222006,30618.052704884074
2055,nic,0.3882251904835938,8.471738,Ports,Market,-636.2643057105898,35399.97659597149
2060,nic,0.4391064637168273,8.351045000000001,Ports,Market,-833.6161654939243,40579.693339839396
2065,nic,0.49271706683322186,8.230559,Ports,Market,-1006.4637968642783,46156.79148201137
2070,nic,0.5498652034156958,8.117748713971087,Ports,Market,-1255.192528167625,52176.52659216584
2075,nic,0.6102850488547287,8.012340640562744,Ports,Market,-1458.2681104850121,58615.794442183644
2080,nic,0.6736184074104605,7.914081243893701,Ports,Market,-1738.491195099318,65439.6815957856
2085,nic,0.7394121810404817,7.822735933911367,Ports,Market,-1982.3235805381776,72600.84535180301
2090,nic,0.8071184258569193,7.738088129798236,Ports,Market,-2288.8723606925682,80039.23958076199
2095,nic,0.876097310069186,7.659938401173277,Ports,Market,-2592.083563827154,87682.24360588551
2100,nic,0.9456232016024908,7.588103682304866,Ports,Market,-2915.015879998281,95445.23937622283
2030,nld,1.1991592309379855,17.801108,Ports,Market,-124.23230634831963,48414.739304668554
2035,nld,1.2409396888659072,17.813034,Ports,Market,-301.6886844693981,50102.15929683247
2040,nld,1.2803774595479158,17.8437,Ports,Market,-475.9508609561744,51640.74020736871
2045,nld,1.3152971905413782,17.860625,Ports,Market,-650.1584086801812,53034.93941562802
2050,nld,1.3437441070988927,17.834112,Ports,Market,-835.0325482090757,54299.421647701325
2055,nld,1.3651705680460902,17.760733,Ports,Market,-971.3699638458439,55430.81136299945
2060,nld,1.3798427878427335,17.652288,Ports,Market,-1137.286309180577,56409.03770832081
2065,nld,1.388232346388974,17.521714,Ports,Market,-1231.137660698232,57213.740624782025
2070,nld,1.3962508857588263,17.398586263264445,Ports,Market,-1383.7622377971256,57990.75389508051
2075,nld,1.4038912747865244,17.282758632168377,Ports,Market,-1456.4045545769152,58738.64822634122
2080,nld,1.4111466838260376,17.174094130048807,Ports,Market,-1581.1556126004382,59456.034853794605
2085,nld,1.4180105948892983,17.072464690649817,Ports,Market,-1650.484033154131,60141.56982690742
2090,nld,1.424476811372343,16.977750906046502,Ports,Market,-1753.814280467423,60793.95819657708
2095,nld,1.430539467349128,16.889841792351763,Ports,Market,-1837.555228044934,61411.95808516853
2100,nld,1.4361930364135562,16.80863457256097,Ports,Market,-1922.1157063075923,61994.38462151614
2030,nor,0.5040340716071549,6.37501200000001,Ports,Market,-55.93393938288094,52248.85589085618
2035,nor,0.5326220241538804,6.44931500000001,Ports,Market,-138.70281871365208,54718.33386609445
2040,nor,0.5599854960956454,6.521257999999999,Ports,Market,-222.9762951270987,57042.59010423598
2045,nor,0.585809289901331,6.582553,Ports,Market,-310.17683880339945,59270.599997135985
2050,nor,0.6097380358054594,6.622369,Ports,Market,-405.8709221941555,61479.17603367679
2055,nor,0.6317022049408721,6.639602,Ports,Market,-481.46859686080245,63692.204598805605
2060,nor,0.6517072051083481,6.642471,Ports,Market,-575.3744135652614,65849.68933722621
2065,nor,0.6693737177103891,6.636835,Ports,Market,-635.873803003952,67865.74089269718
2070,nor,0.6866118641822658,6.631485342928557,Ports,Market,-728.8986338353552,69847.79366210774
2075,nor,0.7033633030962227,6.626421331922191,Ports,Market,-781.6027506668621,71789.22751749496
2080,nor,0.71957009055611,6.621642307063414,Ports,Market,-863.6412502388536,73683.39249457826
2085,nor,0.7351750051229181,6.617147645237403,Ports,Market,-916.6011640753231,75523.64534580277
2090,nor,0.7501218766523075,6.612936759996591,Ports,Market,-989.2769022825358,77303.38715396367
2095,nor,0.7643559164759411,6.609009101433153,Ports,Market,-1051.7051676391397,79016.10172073345
2100,nor,0.7778240462760466,6.605364156059332,Ports,Market,-1115.0796642834557,80655.39442814981
2030,nzl,0.315333396025641,5.992965000000011,Ports,Market,-162.54919012884582,41548.89472136819
2035,nzl,0.3364057931621327,6.045119,Ports,Market,-406.93867024768576,43886.275091371135
2040,nzl,0.3562787746537374,6.085608000000001,Ports,Market,-658.9784247311269,46109.90424005634
2045,nzl,0.37466522435584076,6.11068,Ports,Market,-921.5010300835538,48228.026933720896
2050,nzl,0.39132002632723756,6.116635,Ports,Market,-1209.974044792282,50257.61066002802
2055,nzl,0.4060070154897436,6.102266,Ports,Market,-1437.4357459852918,52198.81908336785
2060,nzl,0.4184810759021541,6.070444,Ports,Market,-1716.2208577022225,54014.31259071766
2065,nzl,0.4285501082734678,6.025995,Ports,Market,-1891.0508863700522,55649.440962427514
2070,nzl,0.4383458455321993,5.984077641209233,Ports,Market,-2161.5837011685744,57245.50333198607
2075,nzl,0.4478381425233631,5.944642693721587,Ports,Market,-2311.6750326622214,58796.30402008791
2080,nzl,0.45699722392934367,5.907644014608618,Ports,Market,-2547.8459481527125,60295.6812689259
2085,nzl,0.46579383645271794,5.873038457742551,Ports,Market,-2697.632207599418,61737.54712479586
2090,nzl,0.4741994015206662,5.840785789765356,Ports,Market,-2905.0015517522543,63115.92787011767
2095,nzl,0.4821861674212584,5.810848611974325,Ports,Market,-3081.8567863224207,64425.004637587255
2100,nzl,0.4897273597604663,5.783192287911394,Ports,Market,-3261.2059610032866,65659.15382701915
2030,omn,0.5704091060313208,6.896304000000001,Ports,Market,-481.8299877203215,65997.85619002204
2035,omn,0.6236997122312621,6.880418,Ports,Market,-1236.3276237073962,72221.94791095649
2040,omn,0.6746586462249382,6.810482,Ports,Market,-2044.8331168322295,78806.57287362621
2045,omn,0.7226292329828286,6.713394,Ports,Market,-2912.463561326678,85502.01158847322
2050,omn,0.7689771662257455,6.610222,Ports,Market,-3896.2781965627933,92266.93599472621
2055,omn,0.8172249364652989,6.52291,Ports,Market,-4741.208414586966,99218.73693618787
2060,omn,0.8694567731430077,6.452412000000001,Ports,Market,-5843.026835898301,106552.38026945398
2065,omn,0.9247447658910721,6.382848,Ports,Market,-6686.764403938775,114389.83092883043
2070,omn,0.9806082881675118,6.3174746766042835,Ports,Market,-7923.97789821615,122369.6956594571
2075,omn,1.036728706156805,6.256176370240249,Ports,Market,-8769.268351530987,130442.39461006847
2080,omn,1.0927646740329648,6.198845258236476,Ports,Market,-9983.407177223073,138553.74361671778
2085,omn,1.1483550308990103,6.145381037843362,Ports,Market,-10898.273727798476,146645.43871551545
2090,omn,1.203122196946009,6.095690632939366,Ports,Market,-12077.794620679098,154655.65204862252
2095,omn,1.2566760357890028,6.049687923218899,Ports,Market,-13161.748043461057,162519.73357904938
2100,omn,1.308618137460642,6.00729349475571,Ports,Market,-14280.036877205823,170171.00987011025
2030,pak,8.563741933303522,429.949597,Ports,Market,-488.5876913292501,16784.63561692494
2035,pak,10.527645289175775,445.348908,Ports,Market,-1409.486263393721,19869.558900665907
2040,pak,12.776454125430703,458.123757,Ports,Market,-2615.505840716751,23381.563330367717
2045,pak,15.287709759509431,468.261235,Ports,Market,-4161.58699552582,27301.470268904468
2050,pak,18.043309243522856,476.335285,Ports,Market,-6174.819702572986,31594.98693070545
2055,pak,21.040128210830215,482.800274,Ports,Market,-8244.558293688839,36255.64721466621
2060,pak,24.265209729186015,487.768657,Ports,Market,-11014.011103537961,41280.229139520554
2065,pak,27.726089035782653,491.451556,Ports,Market,-13541.111938988415,46693.24751515743
2070,pak,31.48285917807042,494.9767274050454,Ports,Market,-17182.78030643456,52505.752040367144
2075,pak,35.524140475538175,498.3403186104249,Ports,Market,-20295.202537964367,58692.610198386545
2080,pak,39.830843340433006,501.53863092410336,Ports,Market,-24577.811768190106,65217.83844266892
2085,pak,44.37561317410619,504.5681263142374,Ports,Market,-28444.445771408577,72034.12574001159
2090,pak,49.12249079434404,507.4254339043722,Ports,Market,-33306.56580908706,79082.67335581267
2095,pak,54.026833663958826,510.10735619970063,Ports,Market,-38218.296889770594,86293.39959358092
2100,pak,59.035536628613734,512.6108750283538,Ports,Market,-43511.242350940796,93585.54759124832
2030,pan,0.2844376120043239,5.794318000000001,Ports,Market,-147.76885479008936,33239.71216150677
2035,pan,0.3058606021688609,5.831255000000001,Ports,Market,-372.88084699526024,35588.90257837893
2040,pan,0.32732492327634927,5.843638,Ports,Market,-610.1566687044054,38082.68959604479
2045,pan,0.34879182756777205,5.835653000000001,Ports,Market,-864.5692452301247,40717.92714968404
2050,pan,0.3703149161097695,5.807453000000001,Ports,Market,-1153.974541001071,43528.082158480334
2055,pan,0.391797965300783,5.76393,Ports,Market,-1397.9708658044128,46494.433368130325
2060,pan,0.4132073937496638,5.705196,Ports,Market,-1707.8372343865003,49639.41936065305
2065,pan,0.43443922830305,5.632357,Ports,Market,-1932.0202832800533,52970.97760600538
2070,pan,0.4556458786690364,5.56404339798758,Ports,Market,-2264.454768469745,56351.34395070599
2075,pan,0.4767170846819297,5.5001102007127765,Ports,Market,-2479.97590198026,59761.72784363137
2080,pan,0.4975379646087315,5.440422654855761,Ports,Market,-2795.547464521694,63181.823931891035
2085,pan,0.5179899582727189,5.38485577220955,Ports,Market,-3023.3705813094857,66589.97853859128
2090,pan,0.5379518658899108,5.333293892092902,Ports,Market,-3321.3131658481666,69963.38862971934
2095,pan,0.5573009715228696,5.285630278842049,Ports,Market,-3589.7859008567416,73278.33144119487
2100,pan,0.5759142379644168,5.241766752414145,Ports,Market,-3865.1176421201085,76510.42212718344
2030,per,1.239227477050633,39.75769200000001,Ports,Market,-147.4971026797821,24724.502677424385
2035,per,1.3823295616537863,39.5500139999999,Ports,Market,-386.09546835622314,27686.12954041364
2040,per,1.5312345078837573,39.211423,Ports,Market,-653.9440109571796,30890.516002530363
2045,per,1.6838585608836443,38.760054,Ports,Market,-956.2592798023414,34317.46715879445
2050,per,1.8398060709970698,38.22769400000001,Ports,Market,-1313.5107786867125,37965.14249271412
2055,per,1.9985143364905296,37.644158,Ports,Market,-1633.728118465212,41821.2516610642
2060,per,2.1594734089180254,37.015646,Ports,Market,-2044.85645096625,45892.87778884898
2065,per,2.3226569116358022,36.351131,Ports,Market,-2366.4878695004654,50193.1526811264
2070,per,2.4893958603270816,35.73117482726046,Ports,Market,-2834.4365414271797,54653.469462075496
2075,per,2.6586989418170064,35.15386458725268,Ports,Market,-3168.7828460238384,59246.13710774466
2080,per,2.829470868702115,34.61743656497074,Ports,Market,-3642.3564407642434,63939.06874503655
2085,per,3.000521075770536,34.120267214281114,Ports,Market,-4012.391440743634,68695.99574413625
2090,per,3.170574873527672,33.660864938121364,Ports,Market,-4484.778452611715,73476.79983839423
2095,per,3.338286991652485,33.23786260108127,Ports,Market,-4926.505692023707,78237.96419652451
2100,per,3.5022573769239527,32.85001072155086,Ports,Market,-5385.047416628946,82933.1405155104
2030,phl,4.694194348237184,164.256327,Ports,Market,-1865.4397062603448,21531.284541971403
2035,phl,5.234438336221783,166.081756,Ports,Market,-4881.36060522686,23737.54357317542
2040,phl,5.7771553512009,167.214079,Ports,Market,-8237.598114062908,26012.698443785772
2045,phl,6.321385581998345,167.689425,Ports,Market,-11985.882895813425,28373.13642992274
2050,phl,6.867604610728442,167.365827,Ports,Market,-16370.222117713756,30874.201029243955
2055,phl,7.415414677804664,166.372414,Ports,Market,-20239.30771080081,33524.923862871045
2060,phl,7.966847815897338,164.906753,Ports,Market,-25187.738848095974,36326.04808477604
2065,phl,8.519111060953202,163.138451,Ports,Market,-28980.18774394235,39252.232952677616
2070,phl,9.080129976692868,161.47657759739172,Ports,Market,-34518.54932097053,42253.749434360674
2075,phl,9.646622515034817,159.9182095200895,Ports,Market,-38387.18761269039,45312.32465670122
2080,phl,10.215022200899122,158.4606213261653,Ports,Market,-43904.013853049626,48407.55466410494
2085,phl,10.78150786141135,157.1012774375021,Ports,Market,-48136.42277462784,51517.067115225946
2090,phl,11.342039829863515,155.83782476785024,Ports,Market,-53565.09057100301,54616.736308301406
2095,phl,11.89240232036396,154.66808591519788,Ports,Market,-58596.62559353852,57680.94936594962
2100,phl,12.428251498316325,153.59005289080736,Ports,Market,-63802.72111633621,60682.92087795053
2030,pol,1.7578118287368891,32.834282,Ports,Market,-73.15591511456635,42845.752266405165
2035,pol,1.7848606195523409,31.978964,Ports,Market,-174.31390245229915,44599.06540194869
2040,pol,1.7999260475350114,31.091824,Ports,Market,-268.78073077689174,46186.61896017627
2045,pol,1.805811324321228,30.228751,Ports,Market,-358.5808028187639,47586.16303537917
2050,pol,1.8086438889589818,29.440769,Ports,Market,-451.50157358857433,48859.855719829044
2055,pol,1.8139861352187898,28.760532,Ports,Market,-518.5027793612687,50084.57476247045
2060,pol,1.8237239934423664,28.185583,Ports,Market,-603.8355621955997,51299.914316834016
2065,pol,1.8353037525055198,27.682684,Ports,Market,-653.8404450777975,52480.847679168175
2070,pol,1.8463743731538347,27.21345423825016,Ports,Market,-735.0843023815693,53623.18838088644
2075,pol,1.8569255933014797,26.776455754640097,Ports,Market,-773.8600502941514,54723.30599195424
2080,pol,1.866947580394406,26.37036250834571,Ports,Market,-840.3378986292904,55777.65241404018
2085,pol,1.8764309466240503,25.993953648962965,Ports,Market,-877.3720801750482,56782.78091685187
2090,pol,1.8853667635316587,25.646107376913797,Ports,Market,-932.488397177175,57735.36490246766
2095,pol,1.8937465759715424,25.32579534974658,Ports,Market,-977.1962438966915,58632.21625476843
2100,pol,1.9015624154027986,25.03207759513654,Ports,Market,-1022.3430936857142,59470.303132265144
2030,prt,0.48703598135313864,9.292971,Ports,Market,-43.35947145099794,43184.03824668178
2035,prt,0.5074938647952311,9.16552,Ports,Market,-106.02404812545589,45526.78972880539
2040,prt,0.5253776937007146,9.04786500000001,Ports,Market,-167.82666549546423,47642.37957903771
2045,prt,0.5411203772416554,8.948879999999999,Ports,Market,-229.85524554558143,49506.90104067306
2050,prt,0.5553749355036194,8.866949,Ports,Market,-296.5775999282106,51170.92041522212
2055,prt,0.5679717148921483,8.78692199999999,Ports,Market,-347.287939257255,52695.039359176095
2060,prt,0.5782079692681281,8.693437,Ports,Market,-409.5335778207178,54105.197814089246
2065,prt,0.5854562728382601,8.580326,Ports,Market,-446.1738984438856,55386.21955926352
2070,prt,0.5924284813985191,8.474268661403459,Ports,Market,-504.54415776389084,56624.88732765788
2075,prt,0.5991123936489567,8.375035216414554,Ports,Market,-534.0994080101266,57817.04428625736
2080,prt,0.6054961974405213,8.282412204697867,Ports,Market,-583.014174774049,58958.624218860445
2085,prt,0.6115685042683427,8.196201705730832,Ports,Market,-611.70524173936235,60045.6744809404
2090,prt,0.6173183828697385,8.116220631691567,Ports,Market,-653.1345638894463,61074.37868701619
2095,prt,0.6227353917893642,8.04230007733431,Ports,Market,-687.39970987507,62041.078949321265
2100,prt,0.6278096107767367,7.974284723610485,Ports,Market,-722.0377594848223,62942.29748716888
2030,qat,0.6735088435586036,4.949395000000001,Ports,Market,-51.87842743026352,73106.28472951903
2035,qat,0.7043950932121685,4.985601,Ports,Market,-127.32405922431299,76518.29944823541
2040,qat,0.7256120920213442,4.955018,Ports,Market,-200.5461900144418,79946.73514255972
2045,qat,0.7392424671269439,4.866921,Ports,Market,-271.68646713961857,83583.67001189294
2050,qat,0.7469142493666446,4.734286,Ports,Market,-345.09874782302364,87503.4745601913
2055,qat,0.751521576637271,4.583462000000001,Ports,Market,-397.58044461184755,91653.77467400114
2060,qat,0.7554038040194249,4.434908,Ports,Market,-462.9191830808633,95954.26249998869
2065,qat,0.7585120905879745,4.289886000000011,Ports,Market,-500.1413619726298,100375.50714181756
2070,qat,0.761477113115233,4.156620224223522,Ports,Market,-561.1005253043904,104795.65368769995
2075,qat,0.7642970620793823,4.034290462176243,Ports,Market,-589.5172955113808,109197.43377100934
2080,qat,0.7669702100537936,3.9221569656764674,Ports,Market,-638.9498282348478,113562.99252208989
2085,qat,0.769494913466409,3.81955297975815,Ports,Market,-665.9220758913796,117874.00462480675
2090,qat,0.7718696142801014,3.725878114535955,Ports,Market,-706.5745168381363,122111.79913747674
2095,qat,0.7740928415916144,3.640592465510466,Ports,Market,-739.2978026884399,126257.4919342469
2100,qat,0.7761632131467919,3.563211401383185,Ports,Market,-772.334746022136,130292.12448306664
2030,rus,4.445646088404117,135.623055,Ports,Market,-194.1605053774246,24389.388367604526
2035,rus,4.80451366307856,134.17839,Ports,Market,-492.409126665401,26640.20379947997
2040,rus,5.167923118629059,132.732924,Ports,Market,-809.857214841545,28965.378490725976
2045,rus,5.5372842076911715,131.316436,Ports,Market,-1153.8794017119133,31368.27881715004
2050,rus,5.924264255424427,129.934473,Ports,Market,-1551.9923208877842,33915.18026470541
2055,rus,6.339285993657394,128.543727,Ports,Market,-1901.5441507094822,36681.29732717019
2060,rus,6.779435540373482,127.044751,Ports,Market,-2355.6027546381815,39688.36152484232
2065,rus,7.227135226727692,125.272058,Ports,Market,-2701.9602320568733,42905.15333825405
2070,rus,7.680536818530987,123.6114978144274,Ports,Market,-3208.9127077670614,46206.31382347989
2075,rus,8.137022688746805,122.05918879218659,Ports,Market,-3558.6263902940937,49571.8115180997
2080,rus,8.593771795855666,120.61153001308482,Ports,Market,-4059.3321284045105,52979.25606736217
2085,rus,9.047783509921441,119.26518732176979,Ports,Market,-4439.584910883518,56404.07646019885
2090,rus,9.495905976991478,118.01708048710219,Ports,Market,-4928.706289929179,59819.757099384704
2095,rus,9.934868759595016,116.8643714175087,Ports,Market,-5379.86039011238,63198.13040844738
2100,rus,10.361319374952197,115.80445336898744,Ports,Market,-5845.882553980967,66509.72298242732
2030,sau,4.68547702875605,51.3083549999999,Ports,Market,-902.5548859609768,62149.40311203626
2035,sau,4.8326136328524925,51.20038,Ports,Market,-2184.502453401136,64359.05392893888
2040,sau,4.9503740052282925,50.895884,Ports,Market,-3421.560502428233,66448.32686702984
2045,sau,5.050998242433715,50.489567,Ports,Market,-4642.31519816434,68474.77848246181
2050,sau,5.138637333733636,50.021689,Ports,Market,-5937.408292137652,70448.1310009809
2055,sau,5.214536575907517,49.475763,Ports,Market,-6898.832288391264,72414.62875536879
2060,sau,5.276375672391914,48.798165,Ports,Market,-8086.079893724119,74431.53627517135
2065,sau,5.321589524692382,47.984712,Ports,Market,-8775.016575355121,76486.249730763
2070,sau,5.36491075479935,47.22481370189783,Ports,Market,-9886.04608400643,78497.47948384876
2075,sau,5.406286022176106,46.51631063129621,Ports,Market,-10428.208064616869,80458.9306742017
2080,sau,5.445664030480708,45.85720782349256,Ports,Market,-11345.285107243057,82364.34299680027
2085,sau,5.482995632995737,45.245665430033405,Ports,Market,-11866.205552610649,84207.52366893634
2090,sau,5.518233934356393,44.67999012829219,Ports,Market,-12632.532996592961,85982.38073050349
2095,sau,5.551334388283704,44.158627277724335,Ports,Market,-13258.673020922184,87682.95642896122
2100,sau,5.582254891039069,43.680153771748955,Ports,Market,-13891.159224805137,89303.46043436903
2030,sdn,0.6259430268390698,91.147048,Ports,Market,-3.7603413612788894,6301.213345197022
2035,sdn,0.7448019909545898,94.400626,Ports,Market,-10.499870638202458,7209.806048180328
2040,sdn,0.8841364148310111,96.937165,Ports,Market,-19.058036221508132,8300.513363828877
2045,sdn,1.0445844921013292,98.89410400000001,Ports,Market,-29.941505838928265,9573.26732137075
2050,sdn,1.2270265232395865,100.201284,Ports,Market,-44.21560326361771,11052.774235212246
2055,sdn,1.431248485798298,101.033792,Ports,Market,-59.05376166558403,12733.13033051935
2060,sdn,1.6577442777331957,101.428301,Ports,Market,-79.2305213516298,14629.646170677705
2065,sdn,1.9050128366298,101.401662,Ports,Market,-97.96639719231102,16745.931908525094
2070,sdn,2.174956335071695,101.37636159661143,Ports,Market,-124.99231983658659,19043.366752527367
2075,sdn,2.466930491323613,101.3523987737804,Ports,Market,-148.40216592569965,21513.86589352944
2080,sdn,2.779702010024627,101.32977256841494,Ports,Market,-180.60737008150133,24144.302053213298
2085,sdn,3.111397516702239,101.30848207032052,Ports,Market,-210.0013687410228,26916.16825914931
2090,sdn,3.4594687438706933,101.28852642213901,Ports,Market,-246.9860373337445,29805.39254907279
2095,sdn,3.820677950642992,101.26990481929118,Ports,Market,-284.5874614711459,32782.33485531502
2100,sdn,4.191107095420968,101.25261650992265,Ports,Market,-325.259689016912,35811.99117785999
2030,sen,0.4597382639996,36.054076,Ports,Market,-129.4578243308506,10101.537710462362
2035,sen,0.5585347160149609,37.7355520000001,Ports,Market,-369.0782715067671,11709.586600440047
2040,sen,0.6720242966658415,39.231061,Ports,Market,-678.9988383023094,13533.405957403429
2045,sen,0.8001906150736564,40.491427,Ports,Market,-1075.0996098944327,15591.641731525704
2050,sen,0.9430966467192875,41.5104169999999,Ports,Market,-1592.9531070822088,17900.66081285512
2055,sen,1.1015446819756234,42.347248,Ports,Market,-2130.393514187749,20467.017515959036
2060,sen,1.2754001431026953,43.024147,Ports,Market,-2857.2393589063768,23292.638981062188
2065,sen,1.4644042267544108,43.54135100000001,Ports,Market,-3529.9242875372693,26390.622390394616
2070,sen,1.6705665527089049,44.03860136634602,Ports,Market,-4500.095749893635,29725.287670478356
2075,sen,1.8933746745076458,44.51506047436674,Ports,Market,-5338.817517042614,33283.56407477189
2080,sen,2.1318701891937284,44.969918120631,Ports,Market,-6492.667621743287,37046.100324892985
2085,sen,2.3846110556595246,45.40239380051678,Ports,Market,-7544.133484590508,40986.9337484199
2090,sen,2.649646246700185,45.811738923905345,Ports,Market,-8866.98702351384,45073.337085802
2095,sen,2.9245056894381625,46.197238960265864,Ports,Market,-10210.640524075809,49265.873513107166
2100,sen,3.2062080936767106,46.55821550458838,Ports,Market,-11663.21754900757,53518.68479960372
2030,sgp,0.76200529653751,6.600567,Ports,Market,-1089.4000324076662,67234.68238775276
2035,sgp,0.7511576826102762,6.530277,Ports,Market,-2520.0616233928745,67380.884594885
2040,sgp,0.7348919475101299,6.43407500000001,Ports,Market,-3769.8084737917907,67294.66105275706
2045,sgp,0.7135291197276198,6.310282,Ports,Market,-4867.194413564341,67003.55390189553
2050,sgp,0.6877969804729273,6.157328000000001,Ports,Market,-5898.190522310119,66570.27191386979
2055,sgp,0.6586586152176989,5.97513299999999,Ports,Market,-6467.401622544176,66067.60337603427
2060,sgp,0.6270228757376293,5.766198999999999,Ports,Market,-7131.7365134627025,65541.89828146446
2065,sgp,0.5936682779907253,5.535255,Ports,Market,-7265.407896293146,65008.06402130714
2070,sgp,0.5636669989225985,5.324645335958922,Ports,Market,-7708.89841689166,64523.08530807267
2075,sgp,0.5366810657680299,5.132712070523421,Ports,Market,-7683.100745041825,64085.727693777786
2080,sgp,0.5124145445679671,4.957975871173951,Ports,Market,-7923.1085095379485,63694.86898507346
2085,sgp,0.4906081554551343,4.799117007011629,Ports,Market,-7880.219517119378,63349.494485264426
2090,sgp,0.47103466183581555,4.654958704713969,Ports,Market,-8002.999422186288,63048.692676466235
2095,sgp,0.4534949187182618,4.524452569186731,Ports,Market,-8038.678925582431,62791.651316162075
2100,sgp,0.4378144838145005,4.40666581517601,Ports,Market,-8085.903174830424,62577.65392488497
2030,slb,0.014680818926380151,1.372868,Ports,Market,-0.03413480241554255,9128.44787889764
2035,slb,0.020416223998431526,1.418502999999999,Ports,Market,-0.11139692089342704,12252.012449705946
2040,slb,0.027866366252358367,1.455528999999999,Ports,Market,-0.23248442108564243,16251.938548284674
2045,slb,0.03725793480393565,1.482684,Ports,Market,-0.4133362433346126,21271.390512122056
2050,slb,0.048756583962256385,1.502371,Ports,Market,-0.6800009500765568,27394.18311452638
2055,slb,0.062494285264109016,1.515212,Ports,Market,-0.9979929593255527,34717.00864293015
2060,slb,0.0784846741450289,1.521234,Ports,Market,-1.4518257032032695,43304.583942676756
2065,slb,0.09673286389334174,1.519423999999999,Ports,Market,-1.9253421619237432,53285.15626134523
2070,slb,0.1180993241702041,1.517706545901549,Ports,Market,-2.6268473967011534,64943.159776065746
2075,slb,0.14281228896331472,1.5160813232446304,Ports,Market,-3.325091125308928,78392.76577070972
2080,slb,0.1710363455630928,1.5145480344042461,Ports,Market,-4.3011073430764535,93711.69657551359
2085,slb,0.20284998277767508,1.5131063984995672,Ports,Market,-5.299028374267973,110929.20832552662
2090,slb,0.2382229235762399,1.5117561513081657,Ports,Market,-6.582656401868077,130014.13703487009
2095,slb,0.27699477313057325,1.510497045185302,Ports,Market,-7.985489610104817,150863.8595462815
2100,slb,0.31885676214162806,1.5093288489882266,Ports,Market,-9.577491182808728,173295.14196667713
2030,sle,0.08670910981236112,14.863246,Ports,Market,-18.32438716493857,5521.349821177582
2035,sle,0.1067561217266464,15.16746,Ports,Market,-52.942954457581436,6630.874227320964
2040,sle,0.12952948639517314,15.34769,Ports,Market,-98.2199658570347,7914.1423899277725
2045,sle,0.1548015212538828,15.434238,Ports,Market,-156.0908890017897,9361.517855980768
2050,sle,0.18239343710984454,15.44472,Ports,Market,-231.2081172660815,10971.19546489381
2055,sle,0.21225780009554615,15.38374,Ports,Market,-308.0835081701231,12758.085569609024
2060,sle,0.2445639126304159,15.262545,Ports,Market,-411.1872270811373,14746.82617746754
2065,sle,0.27946356309049303,15.084406,Ports,Market,-505.5646360533595,16969.52776430357
2070,sle,0.31734945367476186,14.917149166332202,Ports,Market,-641.5681662190664,19393.424867326787
2075,sle,0.3581070879432095,14.760452269988432,Ports,Market,-757.8242687226565,22010.79546002261
2080,sle,0.40154416029277396,14.614015330678184,Ports,Market,-917.7889135997373,24808.24983495711
2085,sle,0.44738494093053077,14.477559656896823,Ports,Market,-1062.2341307871864,27766.30866951451
2090,sle,0.4952668357642127,14.350826959316572,Ports,Market,-1243.8685987436188,30859.15575355166
2095,sle,0.5447395788468438,14.233578533540008,Ports,Market,-1427.369872688923,34054.60252083234
2100,sle,0.5952674488333908,14.125594508585383,Ports,Market,-1625.121679665154,37314.29542890342
2030,slv,0.14750694242235196,6.027293,Ports,Market,-34.83997798025965,20843.722767990315
2035,slv,0.169305155092796,5.894678,Ports,Market,-93.83962128917074,24394.978077895215
2040,slv,0.19293148230221613,5.757728,Ports,Market,-163.50645994782118,28382.078868416127
2045,slv,0.2173266214080192,5.616192,Ports,Market,-244.91531193174737,32686.003512214025
2050,slv,0.24229893977134426,5.473626,Ports,Market,-343.2780725287132,37287.433984845025
2055,slv,0.2680339864552155,5.333979999999999,Ports,Market,-434.8058086902735,42210.11129050586
2060,slv,0.29471883141661626,5.20390600000001,Ports,Market,-553.8036421940626,47440.03480550478
2065,slv,0.32281202418424976,5.092686000000009,Ports,Market,-652.6823646340737,52948.60363076784
2070,slv,0.35204456205958995,4.989285187211692,Ports,Market,-795.4325729876044,58775.01705301264
2075,slv,0.38224639927331344,4.893315454347663,Ports,Market,-904.0650381778186,64886.142942948965
2080,slv,0.4132174216159208,4.804420811917983,Ports,Market,-1055.5742709052608,71240.05154023864
2085,slv,0.4447283953113631,4.722275180125015,Ports,Market,-1180.1424409937927,77786.03145276605
2090,slv,0.47652270027315163,4.646580387761332,Ports,Market,-1337.5792725851977,84464.86755544349
2095,slv,0.5083188729466314,4.577064360856009,Ports,Market,-1488.6222610341356,91209.39942453564
2100,slv,0.5398139593335748,4.5134794856028115,Ports,Market,-1647.094586757175,97945.36934007455
2030,sur,0.016133557061813592,0.769513999999999,Ports,Market,-12.889847778778293,12722.193463489664
2035,sur,0.01798210469245057,0.773467,Ports,Market,-33.7138875958314,14174.14225285015
2040,sur,0.019882673943485214,0.775578,Ports,Market,-56.99789980439421,15703.172395589176
2045,sur,0.021806836248101633,0.775697,Ports,Market,-83.12811256799,17300.91756933749
2050,sur,0.023748905892936652,0.7742150000000001,Ports,Market,-113.81261553443453,18965.821525053365
2055,sur,0.025715312516466384,0.770702,Ports,Market,-141.107314471145,20725.577509083098
2060,sur,0.027709244369174848,0.7657209999999991,Ports,Market,-176.12655971313623,22581.763557065286
2065,sur,0.029741700915231945,0.7593240000000011,Ports,Market,-203.40902844510558,24554.756207185117
2070,sur,0.031814160135524405,0.7532976198346425,Ports,Market,-243.15233366555805,26597.13963107971
2075,sur,0.033914354837586314,0.7476337286958692,Ports,Market,-271.3264168355656,28697.947088679146
2080,sur,0.0360288128805451,0.7423247179490096,Ports,Market,-311.32383630470974,30844.54275859746
2085,sur,0.03814296642757409,0.7373634840575861,Ports,Market,-342.37834117067007,33022.68889405627
2090,sur,0.040241289304108405,0.7327434127057019,Ports,Market,-382.0850728076938,35216.65188537874
2095,sur,0.04230746150082224,0.7284583640682035,Ports,Market,-419.099835890143,37409.34787492402
2100,sur,0.044324559093008496,0.7245026591825953,Ports,Market,-457.4789349215616,39582.52747778641
2030,svn,0.10364893336924344,1.975661,Ports,Market,-22.581143710001406,39721.75104626465
2035,svn,0.10654186084545908,1.949930999999999,Ports,Market,-54.46932944345129,41351.26559511773
2040,svn,0.10895595366260835,1.924056,Ports,Market,-85.17231813474997,42838.35108351286
2045,svn,0.11090500225887225,1.898384,Ports,Market,-115.28421078783086,44175.166148986
2050,svn,0.11250545922333591,1.872974999999999,Ports,Market,-147.02250985519876,45400.88198829543
2055,svn,0.11385692216508489,1.847823,Ports,Market,-170.36508636360657,46551.45022312773
2060,svn,0.11494866518775636,1.82244,Ports,Market,-199.23587438552516,47631.715806026645
2065,svn,0.11563205801317591,1.795359,Ports,Market,-215.64833879776089,48616.51135000257
2070,svn,0.11628514095911831,1.7700143460058766,Ports,Market,-242.3514604938648,49569.60988507241
2075,svn,0.1169073455563975,1.7463425748343886,Ports,Market,-255.04320527127197,50488.394880368745
2080,svn,0.11749812749285891,1.7242848951419287,Ports,Market,-276.8578261360668,51370.310196335864
2085,svn,0.11805696740420676,1.7037869432772468,Ports,Market,-288.9660883849172,52212.871912608825
2090,svn,0.11858337163245321,1.684798559210738,Ports,Market,-307.0261854866499,53013.67997519927
2095,svn,0.11907687295044347,1.6672735812430735,Ports,Market,-321.6557966592913,53770.42958661835
2100,svn,0.11953703125097379,1.6511696583128983,Ports,Market,-336.42834651857515,54480.92226328853
2030,swe,0.8050034375191905,12.41803,Ports,Market,-53.42100100604713,47028.96240812823
2035,swe,0.8527750585831785,12.617617,Ports,Market,-132.80041436600249,49055.131809351216
2040,swe,0.8989791615557784,12.810313,Ports,Market,-214.05743416260913,50959.36567930821
2045,swe,0.9429374934166783,12.979937,Ports,Market,-298.56217763200215,52777.78791234607
2050,swe,0.9840245541582563,13.103605,Ports,Market,-391.69620187555086,54583.65850541396
2055,swe,1.022368458239905,13.178967,Ports,Market,-465.9741123732115,56413.11845509169
2060,swe,1.0587454285626483,13.229018,Ports,Market,-558.9698007108002,58227.00011198961
2065,swe,1.0930574952457746,13.272286,Ports,Market,-620.9320223099253,59946.53574134355
2070,swe,1.126710352316872,13.313525040351719,Ports,Market,-715.2648637305031,61630.0164547264
2075,swe,1.1595735730009742,13.352714996953285,Ports,Market,-770.5546691487764,63271.47122815337
2080,swe,1.1915163422298278,13.389836685170426,Ports,Market,-855.1829851894432,64864.93299760863
2085,swe,1.2224082919549877,13.424871875458562,Ports,Market,-911.3909934534006,66404.47348460708
2090,swe,1.2521203599101534,13.45780330825505,Ports,Market,-987.4858683143174,67884.23879736832
2095,swe,1.2805256642334077,13.488614708124574,Ports,Market,-1053.6234728849402,69298.4855205889
2100,swe,1.3075003859341496,13.517290797141479,Ports,Market,-1120.895512119504,70641.6169930098
2030,tgo,0.10899777051800028,16.678927,Ports,Market,-73.4933760260098,5460.9211491365895
2035,tgo,0.13468483322419977,17.249138,Ports,Market,-213.10808639424843,6509.205461628859
2040,tgo,0.164657555285584,17.718718,Ports,Market,-398.3626840341092,7728.297662913427
2045,tgo,0.19899597665724023,18.074122,Ports,Market,-640.1952937051357,9134.333074275843
2050,tgo,0.2376680813571335,18.341722,Ports,Market,-961.2372260199994,10724.406684655922
2055,tgo,0.28075326902071024,18.528816,Ports,Market,-1300.1560028389226,12510.362871002158
2060,tgo,0.3282918797853343,18.63982,Ports,Market,-1761.0562736821075,14506.373964901131
2065,tgo,0.38048753529674767,18.677037,Ports,Market,-2196.1286678730376,16738.557567420237
2070,tgo,0.43795714592231555,18.712463743483976,Ports,Market,-2824.896366590399,19183.541457840776
2075,tgo,0.5006255076833296,18.74608958251177,Ports,Market,-3380.137890523058,21835.865434404164
2080,tgo,0.5682814761248853,18.77790438724666,Ports,Market,-4144.182232176379,24684.361039650103
2085,tgo,0.6405630669597908,18.807898551034942,Ports,Market,-4852.512205515952,27711.620209089077
2090,tgo,0.7169461834068759,18.83606299523453,Ports,Market,-5744.96867919352,30893.625983648097
2095,tgo,0.7967380845152983,18.862389173789126,Ports,Market,-6660.840341075496,34199.5876702119
2100,tgo,0.8790766221075005,18.88686907754477,Ports,Market,-7657.135485714679,37592.01818868153
2030,tha,2.3565626576249143,61.42874,Ports,Market,-658.2815378533802,27414.20850412838
2035,tha,2.4564636298146,59.127137,Ports,Market,-1610.2513630274454,29712.7098605839
2040,tha,2.5454617674924704,56.820715,Ports,Market,-2551.3243013874694,32064.821205865836
2045,tha,2.6228235466240895,54.53480200000001,Ports,Market,-3495.7418661018132,34451.97743166406
2050,tha,2.6915580828507184,52.2776789999999,Ports,Market,-4509.886144871561,36911.00581824122
2055,tha,2.753540863760397,50.0666129999999,Ports,Market,-5282.8012292284575,39460.3610225932
2060,tha,2.8108891064525148,47.938537,Ports,Market,-6246.818763546369,42104.22867809399
2065,tha,2.8656116665213736,45.90488300000001,Ports,Market,-6852.30656198979,44861.520536316515
2070,tha,2.918610173607799,44.0548700034445,Ports,Market,-7799.182729348091,47648.1654494045
2075,tha,2.9697478859275726,42.372859425153685,Ports,Market,-8306.979255795162,50448.00829814829
2080,tha,3.018890833508959,40.844945154382536,Ports,Market,-9120.630333770925,53243.82249197332
2085,tha,3.065908393781627,39.458762074277445,Ports,Market,-9622.014711062859,56017.47065224456
2090,tha,3.1106738620793273,38.20331904739593,Ports,Market,-10326.607934643785,58750.08850453093
2095,tha,3.153065013625312,37.068853203855305,Ports,Market,-10920.649607357649,61422.28965488415
2100,tha,3.1929646535607628,36.04670281917145,Ports,Market,-11522.210690727796,64014.38834534224
2030,tto,0.065937849367949955,1.391386,Ports,Market,-113.22304640649992,34381.6931366034
2035,tto,0.07131325462593116,1.358448,Ports,Market,-287.3564626131925,38104.28800992665
2040,tto,0.07681010265796846,1.324978,Ports,Market,-473.243663012649,42098.11924822198
2045,tto,0.08251272071097167,1.291488,Ports,Market,-676.0184729177222,46418.36649423356
2050,tto,0.08856322471530888,1.26038,Ports,Market,-912.1843513201225,51076.06683845816
2055,tto,0.09505757657795393,1.232589999999999,Ports,Market,-1121.054836468219,56084.09751667015
2060,tto,0.10194269917200349,1.20704,Ports,Market,-1392.639459345393,61448.61734881187
2065,tto,0.10912638060488439,1.182883,Ports,Market,-1604.045094117385,67153.94400042186
2070,tto,0.11643178552871139,1.1603931410065533,Ports,Market,-1912.54620318147,73072.80593679598
2075,tto,0.1238160119267165,1.1394920479221768,Ports,Market,-2128.961118123735,79169.99385935733
2080,tto,0.13123230141302875,1.120107683699444,Ports,Market,-2437.1685459248424,85404.68373433311
2085,tto,0.13863042647514337,1.1021739341533627,Ports,Market,-2674.439486547819,91730.69154222247
2090,tto,0.14595716611999196,1.0856302307172654,Ports,Market,-2978.48903494021,98096.87340916759
2095,tto,0.15315686609789914,1.070421208117844,Ports,Market,-3260.7641889989663,104447.67263061726
2100,tto,0.16017207752311433,1.0564963942500958,Ports,Market,-3553.0055380224658,110723.81051106176
2030,tun,0.37389132089881566,13.932889,Ports,Market,-60.65319826131908,23209.94953839355
2035,tun,0.42391247196519793,13.81366,Ports,Market,-161.3745967110534,26461.798220176723
2040,tun,0.4763759960426549,13.669999,Ports,Market,-277.2838630528701,29957.890464508913
2045,tun,0.5304726401439721,13.516625,Ports,Market,-410.59051264097945,33635.54343116176
2050,tun,0.5864170481201598,13.36171,Ports,Market,-570.6161352348632,37498.86226915901
2055,tun,0.6444028561261725,13.202828,Ports,Market,-717.9692423920231,41574.76193203191
2060,tun,0.7042519554345757,13.033673,Ports,Market,-908.9058400717204,45884.09214369965
2065,tun,0.7650655820053928,12.845346,Ports,Market,-1062.4139176203996,50420.97574492149
2070,tun,0.8278273416779991,12.669020477460426,Ports,Market,-1284.6606117853762,55145.29172245657
2075,tun,0.892163498915599,12.504268242421784,Ports,Market,-1449.251083704134,60027.05174362163
2080,tun,0.9576476524600985,12.350692375780278,Ports,Market,-1680.1916890240807,65030.96615527833
2085,tun,1.0238035516648836,12.207925630409049,Ports,Market,-1865.9461780345184,70116.65619660835
2090,tun,1.090109232173507,12.075628962566567,Ports,Market,-2101.594218951584,75239.01591133128
2095,tun,1.1560024777352103,11.953490185343654,Ports,Market,-2325.144515184432,80348.72678970777
2100,tun,1.2208875754544717,11.841222736636915,Ports,Market,-2558.5447315389215,85392.92301723082
2030,tur,4.888078908982365,95.4216500000001,Ports,Market,-390.3670853317272,38345.00946107721
2035,tur,5.103253691403807,94.296102,Ports,Market,-956.3850875789058,40502.95906047125
2040,tur,5.276731248512659,92.93032600000011,Ports,Market,-1512.0507334414808,42487.0526895423
2045,tur,5.413970365326191,91.365809,Ports,Market,-2062.948833314373,44329.9253355097
2050,tur,5.526105647909728,89.6415469999999,Ports,Market,-2647.178979792999,46109.49790605201
2055,tur,5.622384146545529,87.80754300000001,Ports,Market,-3083.8664328287987,47883.396567805794
2060,tur,5.70730442623577,85.9070630000001,Ports,Market,-3626.17310421428,49672.28238643955
2065,tur,5.7813794812350885,83.95749800000002,Ports,Market,-3952.330236808332,51475.3859783814
2070,tur,5.852664132010329,82.14744229353316,Ports,Market,-4471.249513475074,53247.943084746476
2075,tur,5.9210296416422405,80.46962215316242,Ports,Market,-4735.03375858506,54982.46346161156
2080,tur,5.986351285462376,78.91737906139149,Ports,Market,-5170.6119254523255,56671.41943713179
2085,tur,6.04850872688813,77.48462552763534,Ports,Market,-5426.970415040069,58307.29942932555
2090,tur,6.107386383897518,76.16580514758007,Ports,Market,-5796.434137778087,59882.66294048033
2095,tur,6.162873784595254,74.95585653673321,Ports,Market,-6102.40631831091,61390.19647318067
2100,tur,6.214865910351148,73.85018080909394,Ports,Market,-6411.737955575687,62822.76978577194
2030,tza,1.6832979001603126,154.926012,Ports,Market,-240.9150404622174,7975.690414602632
2035,tza,2.096012125692669,163.812307,Ports,Market,-703.9590178831253,9394.536251315836
2040,tza,2.5882673630247894,172.033339,Ports,Market,-1329.1637010291538,11048.950117578925
2045,tza,3.165221238739762,179.177707,Ports,Market,-2161.4470554527247,12976.00438882286
2050,tza,3.8324004572862567,185.014429,Ports,Market,-3290.0534535929246,15218.874679894592
2055,tza,4.598833231068434,189.580423,Ports,Market,-4520.543513926655,17826.569595624063
2060,tza,5.467954823296682,193.127668,Ports,Market,-6226.017833726236,20810.875677576212
2065,tza,6.439008151169815,195.843027,Ports,Market,-7888.758689675651,24172.25134270364
2070,tza,7.52533557535007,198.45888688629088,Ports,Market,-10303.128673456993,27884.177861939435
2075,tza,8.728116532940351,200.97017083227115,Ports,Market,-12508.761990082061,31943.88414971328
2080,tza,10.045637772120298,203.37195118093564,Ports,Market,-15549.814344571223,36339.712634395466
2085,tza,11.472840491157271,205.65946539867772,Ports,Market,-18447.947184072455,41050.032336607415
2090,tza,13.000935587832608,207.82813167299483,Ports,Market,-22113.020280033503,46042.3755793069
2095,tza,14.61711961334222,209.87356408330083,Ports,Market,-25938.663609513867,51272.8774852487
2100,tza,16.30442355367244,211.79158727515227,Ports,Market,-30145.146525286487,56686.0934734851
2030,ukr,0.8418321361655449,32.398639,Ports,Market,-23.558840392928573,21582.54360856278
2035,ukr,0.9186945996936056,31.561341,Ports,Market,-60.33234785990956,24122.898934154833
2040,ukr,0.9941816765824429,30.75667,Ports,Market,-99.82988429433634,26726.85444557164
2045,ukr,1.0689046497828236,29.9936,Ports,Market,-142.72661766779171,29399.309521709507
2050,ukr,1.1451430952986434,29.26918,Ports,Market,-192.2282917068033,32201.71726631428
2055,ukr,1.2244952633449275,28.579186,Ports,Market,-235.3561654052221,35183.40435260258
2060,ukr,1.3063753410938568,27.901272,Ports,Market,-290.8565803244633,38359.50971775207
2065,ukr,1.3890131550005063,27.19647,Ports,Market,-332.75265742108957,41746.40229694763
2070,ukr,1.4724851531742267,26.54382161441769,Ports,Market,-394.20275405452384,45238.327293069735
2075,ukr,1.556316082323415,25.940360786347338,Ports,Market,-436.13111852169493,48812.64612626431
2080,ukr,1.6399972201507627,25.383382759019472,Ports,Market,-496.3822951927242,52443.699275807376
2085,ukr,1.7229906942760553,24.87042381047197,Ports,Market,-541.7332596293204,56103.01996965927
2090,ukr,1.8047345353515758,24.39924302230392,Ports,Market,-600.2224892448079,59759.628541457976
2095,ukr,1.8846484149192102,23.96780589297075,Ports,Market,-653.9455918770992,63380.40594524954
2100,ukr,1.9621400002699776,23.57426962717486,Ports,Market,-709.3611813053495,66930.54230735831
2030,ury,0.1282324653296995,3.087175,Ports,Market,-56.51960992518095,34170.71991367143
2035,ury,0.13332082240975965,3.010482,Ports,Market,-137.8954071681918,36355.433146955715
2040,ury,0.13758622613221583,2.928801,Ports,Market,-217.59180074315822,38484.03016137762
2045,ury,0.14099220650241506,2.841726,Ports,Market,-296.5062618513566,40559.679763806795
2050,ury,0.14373142023124147,2.749622999999999,Ports,Market,-379.9986197755014,42642.671820050695
2055,ury,0.14592754817012685,2.653563,Ports,Market,-441.7519856921413,44766.79703160772
2060,ury,0.14765432313434798,2.555241,Ports,Market,-517.7616042834775,46939.968453928326
2065,ury,0.1490235335857758,2.457471,Ports,Market,-562.2672462194921,49155.63957431861
2070,ury,0.15033634547366925,2.368143381710179,Ports,Market,-633.8776992588514,51349.86818182846
2075,ury,0.1515910184285427,2.2865933280804724,Ports,Market,-669.0606609731894,53510.91174225861
2080,ury,0.15278587681137643,2.2122260980487596,Ports,Market,-728.3315721261963,55626.79123069753
2085,ury,0.1539193134215343,2.144509793995646,Ports,Market,-762.1991148026884,57685.399585154075
2090,ury,0.15498979308040758,2.082969007072136,Ports,Market,-811.8481168382444,59674.61573176824
2095,ury,0.1559958560796607,2.0271792338667867,Ports,Market,-852.5053035115164,61582.422702470314
2100,ury,0.15693612148329594,1.976761972284865,Ports,Market,-893.5792948007263,63397.02824744677
2030,usa,30.497112514304206,392.274604,Ports,Market,-2957.218570349558,61710.44323700841
2035,usa,32.03182948179051,397.0025,Ports,Market,-7288.817899348902,63954.691973892455
2040,usa,33.53813929191153,401.171601,Ports,Market,-11668.90410101517,66173.73032647757
2045,usa,35.00865608375228,404.260551,Ports,Market,-16197.117786661194,68451.50265458516
2050,usa,36.446788716196615,406.044541,Ports,Market,-21198.88945450959,70850.95804770051
2055,usa,37.8585432739446,406.64523,Ports,Market,-25213.240275560158,73383.55041980675
2060,usa,39.245948839665196,406.411009,Ports,Market,-30276.247462837022,76009.76410618977
2065,usa,40.591879955632464,405.502667,Ports,Market,-33693.84956616863,78681.7695010012
2070,usa,41.914365004612684,404.64167076559255,Ports,Market,-38880.148404582076,81303.40690531494
2075,usa,43.2080644757752,403.82772204193503,Ports,Market,-41954.67639541766,83863.32329930857
2080,usa,44.467603820200644,403.0605390137047,Ports,Market,-46635.13002458153,86350.10929547789
2085,usa,45.687609113050115,402.33985614238264,Ports,Market,-49773.398235088964,88752.38067197207
2090,usa,46.86274393340998,401.66542401299597,Ports,Market,-54003.62861711104,91058.86249458377
2095,usa,47.98774712413636,401.0370091901948,Ports,Market,-57694.966835721534,93258.47499344779
2100,usa,49.057471071879796,400.4543940835474,Ports,Market,-61452.404004292024,95340.42030940068
2030,vnm,3.946396500115882,105.995262,Ports,Market,-1182.6509584649534,25643.680167546314
2035,vnm,4.244315603336698,104.556598,Ports,Market,-2984.7928416423756,28004.788901794192
2040,vnm,4.508951862653056,102.768093,Ports,Market,-4848.393646419892,30318.115954031866
2045,vnm,4.741239004907522,100.772993,Ports,Market,-6779.307255836284,32564.18968717245
2050,vnm,4.951124232995528,98.686986,Ports,Market,-8899.97594403178,34781.07878387077
2055,vnm,5.1498348591934375,96.590101,Ports,Market,-10599.594085532322,37022.45123268048
2060,vnm,5.3465500207681185,94.53687999999991,Ports,Market,-12747.118269641114,39335.17530785058
2065,vnm,5.545433838235214,92.5310300000001,Ports,Market,-14225.847972871206,41750.33323018977
2070,vnm,5.741401741766758,90.66590394338381,Ports,Market,-16459.40485041893,44186.30769879641
2075,vnm,5.933616291788995,88.93455864108128,Ports,Market,-17805.992651266733,46629.79437674667
2080,vnm,6.121229840091208,87.33062399903824,Ports,Market,-19839.89269987294,49066.65078475042
2085,vnm,6.303390456333371,85.84826382680954,Ports,Market,-21222.876127988748,51482.01709086726
2090,vnm,6.479248114833471,84.48214030974677,Ports,Market,-23075.493990803272,53860.45428935315
2095,vnm,6.6479610822745965,83.22738184090156,Ports,Market,-24701.72047109346,56186.09825403844
2100,vnm,6.808702442148115,82.0795539401647,Ports,Market,-26359.019020945376,58442.827741061024
2030,zaf,2.163837042343466,67.836628,Ports,Market,-559.8629774011015,26732.78347120928
2035,zaf,2.4565394890028807,67.030147,Ports,Market,-1491.5286559749084,30638.943435828896
2040,zaf,2.7623932536892326,65.99224000000001,Ports,Market,-2564.5378123831074,34909.7352485127
2045,zaf,3.080704809865943,64.739926,Ports,Market,-3803.1625097846413,39587.939488729295
2050,zaf,3.4120478152854896,63.382743,Ports,Market,-5295.4326051264115,44674.27776789279
2055,zaf,3.7547869172505157,61.938108,Ports,Market,-6672.407394689531,50184.15595711906
2060,zaf,4.104418474301271,60.409942,Ports,Market,-8448.728265179743,56105.52313241059
2065,zaf,4.457868708331205,58.8106079999999,Ports,Market,-9873.502403061237,62438.78832930494
2070,zaf,4.822561784998416,57.33146546600568,Ports,Market,-11936.453728292725,69117.0813583421
2075,zaf,5.1963253381018815,55.965416384371856,Ports,Market,-13463.078962334548,76101.33854728621
2080,zaf,5.57668276403087,54.705999776083516,Ports,Market,-15605.507606066418,83342.98128251609
2085,zaf,5.960869676822305,53.54734062099427,Ports,Market,-17327.702534651224,90784.0160277032
2090,zaf,6.345857975801754,52.48410401254732,Ports,Market,-19512.731633517604,98357.41505057435
2095,zaf,6.728387559590059,51.51145404038271,Ports,Market,-21584.950703651437,105987.7939202605
2100,zaf,7.10500549270443,50.625016955348805,Ports,Market,-23748.196524105886,113592.39159167255
